{"0": {"precision": 0.11119612343789849, "recall": 0.8089053803339518, "f1-score": 0.19551569506726457, "support": 539}, "1": {"precision": 0.16822429906542055, "recall": 0.3123644251626898, "f1-score": 0.2186788154897494, "support": 461}, "2": {"precision": 0.026128266033254157, "recall": 0.55, "f1-score": 0.049886621315192746, "support": 20}, "3": {"precision": 0.0, "recall": 0.0, "f1-score": 0.0, "support": 155}, "4": {"precision": 0.36666666666666664, "recall": 0.9166666666666666, "f1-score": 0.5238095238095238, "support": 24}, "5": {"precision": 0.2632331902718169, "recall": 0.9108910891089109, "f1-score": 0.4084350721420644, "support": 202}, "6": {"precision": 0.7132352941176471, "recall": 0.5987654320987654, "f1-score": 0.6510067114093959, "support": 162}, "7": {"precision": 0.5526770293609672, "recall": 0.9696969696969697, "f1-score": 0.7040704070407041, "support": 330}, "8": {"precision": 0.5505226480836237, "recall": 0.34347826086956523, "f1-score": 0.4230254350736279, "support": 460}, "9": {"precision": 0.09363957597173145, "recall": 0.8983050847457628, "f1-score": 0.1696, "support": 59}, "10": {"precision": 0.3173431734317343, "recall": 0.49142857142857144, "f1-score": 0.3856502242152466, "support": 350}, "11": {"precision": 0.7318255250403877, "recall": 0.2843691148775895, "f1-score": 0.4095840867992767, "support": 1593}, "12": {"precision": 0.8489208633093526, "recall": 0.8137931034482758, "f1-score": 0.8309859154929579, "support": 145}, "13": {"precision": 0.4375, "recall": 0.5088105726872246, "f1-score": 0.47046843177189407, "support": 454}, "14": {"precision": 0.5357142857142857, "recall": 0.20833333333333334, "f1-score": 0.3, "support": 72}, "15": {"precision": 0.8185745140388769, "recall": 0.2979559748427673, "f1-score": 0.43688760806916427, "support": 1272}, "16": {"precision": 0.011560693641618497, "recall": 0.014705882352941176, "f1-score": 0.012944983818770225, "support": 136}, "17": {"precision": 0.45454545454545453, "recall": 0.025597269624573378, "f1-score": 0.04846526655896607, "support": 586}, "18": {"precision": 0.31088082901554404, "recall": 0.7792207792207793, "f1-score": 0.4444444444444444, "support": 231}, "19": {"precision": 0.2608695652173913, "recall": 0.2222222222222222, "f1-score": 0.24, "support": 54}, "20": {"precision": 0.8571428571428571, "recall": 0.25, "f1-score": 0.3870967741935483, "support": 24}, "21": {"precision": 0.09034749034749034, "recall": 0.5584725536992841, "f1-score": 0.15553339980059822, "support": 419}, "22": {"precision": 0.0891089108910891, "recall": 0.08411214953271028, "f1-score": 0.08653846153846154, "support": 107}, "23": {"precision": 0.9795918367346939, "recall": 0.3609022556390977, "f1-score": 0.5274725274725275, "support": 133}, "24": {"precision": 0.0, "recall": 0.0, "f1-score": 0.0, "support": 128}, "25": {"precision": 0.7213114754098361, "recall": 0.43137254901960786, "f1-score": 0.5398773006134968, "support": 204}, "26": {"precision": 0.4444444444444444, "recall": 0.004469273743016759, "f1-score": 0.008849557522123892, "support": 1790}, "27": {"precision": 0.03968253968253968, "recall": 0.25, "f1-score": 0.06849315068493152, "support": 20}, "28": {"precision": 0.8, "recall": 0.12698412698412698, "f1-score": 0.2191780821917808, "support": 126}, "29": {"precision": 0.46153846153846156, "recall": 0.17142857142857143, "f1-score": 0.25000000000000006, "support": 35}, "30": {"precision": 0.43243243243243246, "recall": 0.24615384615384617, "f1-score": 0.3137254901960784, "support": 65}, "31": {"precision": 0.5769230769230769, "recall": 0.5555555555555556, "f1-score": 0.5660377358490566, "support": 27}, "32": {"precision": 0.10335570469798658, "recall": 0.6403326403326404, "f1-score": 0.17798324183761918, "support": 481}, "33": {"precision": 0.76, "recall": 0.08482142857142858, "f1-score": 0.15261044176706828, "support": 224}, "34": {"precision": 0.13333333333333333, "recall": 0.01932367149758454, "f1-score": 0.03375527426160337, "support": 207}, "35": {"precision": 0.6666666666666666, "recall": 0.2, "f1-score": 0.30769230769230765, "support": 100}, "36": {"precision": 1.0, "recall": 0.002583979328165375, "f1-score": 0.005154639175257732, "support": 387}, "37": {"precision": 0.1935483870967742, "recall": 0.42857142857142855, "f1-score": 0.26666666666666666, "support": 14}, "38": {"precision": 0.8048780487804879, "recall": 0.030109489051094892, "f1-score": 0.05804749340369393, "support": 1096}, "39": {"precision": 0.29508196721311475, "recall": 0.43902439024390244, "f1-score": 0.3529411764705882, "support": 41}, "40": {"precision": 0.1111111111111111, "recall": 0.0035971223021582736, "f1-score": 0.006968641114982578, "support": 278}, "41": {"precision": 0.10096334292505943, "recall": 0.5037453183520599, "f1-score": 0.1682126107347577, "support": 1602}, "42": {"precision": 0.09526446967599003, "recall": 0.9398907103825137, "f1-score": 0.17299471963791804, "support": 732}, "43": {"precision": 0.4483850538315389, "recall": 0.9246843709185895, "f1-score": 0.603923798692067, "support": 2297}, "44": {"precision": 0.25, "recall": 0.056338028169014086, "f1-score": 0.09195402298850576, "support": 71}, "45": {"precision": 0.14739884393063585, "recall": 0.4214876033057851, "f1-score": 0.2184154175588865, "support": 121}, "46": {"precision": 0.5869565217391305, "recall": 0.48214285714285715, "f1-score": 0.5294117647058824, "support": 56}, "47": {"precision": 0.21666666666666667, "recall": 0.35135135135135137, "f1-score": 0.26804123711340205, "support": 37}, "48": {"precision": 0.18571428571428572, "recall": 0.5909090909090909, "f1-score": 0.28260869565217395, "support": 44}, "49": {"precision": 0.2619047619047619, "recall": 0.41904761904761906, "f1-score": 0.32234432234432236, "support": 105}, "50": {"precision": 0.7333333333333333, "recall": 0.15942028985507245, "f1-score": 0.2619047619047619, "support": 69}, "51": {"precision": 0.42857142857142855, "recall": 0.15, "f1-score": 0.2222222222222222, "support": 40}, "52": {"precision": 0.10466988727858294, "recall": 0.34946236559139787, "f1-score": 0.161090458488228, "support": 186}, "53": {"precision": 0.9187358916478555, "recall": 0.09665162669199714, "f1-score": 0.17490330898152126, "support": 4211}, "54": {"precision": 0.1590909090909091, "recall": 0.0058823529411764705, "f1-score": 0.011345218800648298, "support": 2380}, "55": {"precision": 0.15308151093439365, "recall": 0.11127167630057803, "f1-score": 0.12887029288702928, "support": 692}, "56": {"precision": 0.15996074582924436, "recall": 0.9157303370786517, "f1-score": 0.2723475355054302, "support": 178}, "57": {"precision": 0.16578567996155694, "recall": 0.5665024630541872, "f1-score": 0.25650557620817843, "support": 609}, "58": {"precision": 0.15760441292356187, "recall": 0.8928571428571429, "f1-score": 0.2679169457468185, "support": 224}, "59": {"precision": 0.9710743801652892, "recall": 0.6438356164383562, "f1-score": 0.7742998352553543, "support": 365}, "60": {"precision": 0.6857142857142857, "recall": 0.5714285714285714, "f1-score": 0.6233766233766234, "support": 42}, "61": {"precision": 0.175, "recall": 0.0014771048744460858, "f1-score": 0.0029294831554718564, "support": 4739}, "62": {"precision": 0.6690640673795779, "recall": 0.9239414532148458, "f1-score": 0.7761128492233381, "support": 7652}, "63": {"precision": 0.5761747430249633, "recall": 0.6871716287215411, "f1-score": 0.626797124600639, "support": 13704}, "64": {"precision": 0.032640949554896145, "recall": 0.8480725623582767, "f1-score": 0.06286242541390033, "support": 441}, "65": {"precision": 0.123941493456505, "recall": 0.8609625668449198, "f1-score": 0.21668909825033647, "support": 187}, "66": {"precision": 0.0, "recall": 0.0, "f1-score": 0.0, "support": 41}, "67": {"precision": 0.5714285714285714, "recall": 0.1568627450980392, "f1-score": 0.24615384615384614, "support": 102}, "68": {"precision": 0.5245901639344263, "recall": 0.6037735849056604, "f1-score": 0.5614035087719299, "support": 53}, "69": {"precision": 0.375,