{"0": {"precision": 0.1076051779935275, "recall": 0.8338557993730408, "f1-score": 0.19061268362594053, "support": 638}, "1": {"precision": 0.242152466367713, "recall": 0.4490644490644491, "f1-score": 0.314639475600874, "support": 481}, "2": {"precision": 0.02112676056338028, "recall": 0.47368421052631576, "f1-score": 0.04044943820224719, "support": 19}, "3": {"precision": 0.2727272727272727, "recall": 0.021739130434782608, "f1-score": 0.04026845637583893, "support": 138}, "4": {"precision": 0.23404255319148937, "recall": 0.9166666666666666, "f1-score": 0.3728813559322034, "support": 24}, "5": {"precision": 0.24558823529411763, "recall": 0.8835978835978836, "f1-score": 0.3843498273878021, "support": 189}, "6": {"precision": 0.48292682926829267, "recall": 0.6036585365853658, "f1-score": 0.5365853658536586, "support": 164}, "7": {"precision": 0.42915531335149865, "recall": 0.9813084112149533, "f1-score": 0.5971563981042655, "support": 321}, "8": {"precision": 0.535, "recall": 0.4394250513347023, "f1-score": 0.48252536640360766, "support": 487}, "9": {"precision": 0.0912981455064194, "recall": 0.8421052631578947, "f1-score": 0.16473616473616473, "support": 76}, "10": {"precision": 0.46283783783783783, "recall": 0.39255014326647564, "f1-score": 0.4248062015503876, "support": 349}, "11": {"precision": 0.21052631578947367, "recall": 0.0025078369905956114, "f1-score": 0.004956629491945477, "support": 1595}, "12": {"precision": 0.5847457627118644, "recall": 0.9139072847682119, "f1-score": 0.7131782945736433, "support": 151}, "13": {"precision": 0.42479338842975206, "recall": 0.533195020746888, "f1-score": 0.47286108555657774, "support": 482}, "14": {"precision": 0.21481481481481482, "recall": 0.5272727272727272, "f1-score": 0.30526315789473685, "support": 55}, "15": {"precision": 0.8672985781990521, "recall": 0.28841607565011823, "f1-score": 0.4328799526907156, "support": 1269}, "16": {"precision": 0.0, "recall": 0.0, "f1-score": 0.0, "support": 117}, "17": {"precision": 0.5, "recall": 0.0189873417721519, "f1-score": 0.03658536585365854, "support": 632}, "18": {"precision": 0.3113879003558719, "recall": 0.7641921397379913, "f1-score": 0.4424778761061947, "support": 229}, "19": {"precision": 0.19696969696969696, "recall": 0.2653061224489796, "f1-score": 0.22608695652173913, "support": 49}, "20": {"precision": 0.0, "recall": 0.0, "f1-score": 0.0, "support": 24}, "21": {"precision": 0.08916990920881972, "recall": 0.6179775280898876, "f1-score": 0.15585151601020117, "support": 445}, "22": {"precision": 0.1728395061728395, "recall": 0.12280701754385964, "f1-score": 0.14358974358974358, "support": 114}, "23": {"precision": 0.9107142857142857, "recall": 0.34, "f1-score": 0.4951456310679612, "support": 150}, "24": {"precision": 0.0, "recall": 0.0, "f1-score": 0.0, "support": 116}, "25": {"precision": 0.38666666666666666, "recall": 0.145, "f1-score": 0.2109090909090909, "support": 200}, "26": {"precision": 0.56, "recall": 0.015250544662309368, "f1-score": 0.02969247083775186, "support": 1836}, "27": {"precision": 0.1935483870967742, "recall": 0.48, "f1-score": 0.2758620689655172, "support": 25}, "28": {"precision": 0.7435897435897436, "recall": 0.23770491803278687, "f1-score": 0.36024844720496896, "support": 122}, "29": {"precision": 0.5, "recall": 0.3333333333333333, "f1-score": 0.4, "support": 33}, "30": {"precision": 0.2682926829268293, "recall": 0.36065573770491804, "f1-score": 0.3076923076923077, "support": 61}, "31": {"precision": 0.8461538461538461, "recall": 0.24444444444444444, "f1-score": 0.37931034482758624, "support": 45}, "32": {"precision": 0.0822227809906965, "recall": 0.6987179487179487, "f1-score": 0.1471316085489314, "support": 468}, "33": {"precision": 0.09523809523809523, "recall": 0.010050251256281407, "f1-score": 0.01818181818181818, "support": 199}, "34": {"precision": 1.0, "recall": 0.0047169811320754715, "f1-score": 0.009389671361502346, "support": 212}, "35": {"precision": 0.6451612903225806, "recall": 0.2, "f1-score": 0.30534351145038163, "support": 100}, "36": {"precision": 0.25, "recall": 0.006896551724137931, "f1-score": 0.013422818791946308, "support": 435}, "37": {"precision": 0.36363636363636365, "recall": 0.19047619047619047, "f1-score": 0.25, "support": 21}, "38": {"precision": 0.7619047619047619, "recall": 0.01466544454628781, "f1-score": 0.028776978417266185, "support": 1091}, "39": {"precision": 0.37037037037037035, "recall": 0.3448275862068966, "f1-score": 0.35714285714285715, "support": 58}, "40": {"precision": 0.07692307692307693, "recall": 0.009404388714733543, "f1-score": 0.016759776536312852, "support": 319}, "41": {"precision": 0.1210977203426746, "recall": 0.5141800246609125, "f1-score": 0.19602773533905274, "support": 1622}, "42": {"precision": 0.09243822566239952, "recall": 0.9296407185628742, "f1-score": 0.16815597075548336, "support": 668}, "43": {"precision": 0.492600422832981, "recall": 0.9205443371378402, "f1-score": 0.6417750573833205, "support": 2278}, "44": {"precision": 0.3333333333333333, "recall": 0.08421052631578947, "f1-score": 0.13445378151260504, "support": 95}, "45": {"precision": 0.2625, "recall": 0.3559322033898305, "f1-score": 0.302158273381295, "support": 118}, "46": {"precision": 0.4852941176470588, "recall": 0.66, "f1-score": 0.5593220338983051, "support": 50}, "47": {"precision": 0.41304347826086957, "recall": 0.4318181818181818, "f1-score": 0.4222222222222222, "support": 44}, "48": {"precision": 0.09565217391304348, "recall": 0.5238095238095238, "f1-score": 0.16176470588235295, "support": 42}, "49": {"precision": 0.2366412213740458, "recall": 0.40789473684210525, "f1-score": 0.2995169082125604, "support": 76}, "50": {"precision": 0.575, "recall": 0.3382352941176471, "f1-score": 0.42592592592592593, "support": 68}, "51": {"precision": 0.75, "recall": 0.05555555555555555, "f1-score": 0.10344827586206895, "support": 54}, "52": {"precision": 0.7727272727272727, "recall": 0.4885057471264368, "f1-score": 0.5985915492957745, "support": 174}, "53": {"precision": 0.9909824394874229, "recall": 0.4904862579281184, "f1-score": 0.6561910747957259, "support": 4257}, "54": {"precision": 0.05555555555555555, "recall": 0.0017086715079026058, "f1-score": 0.0033153750518027355, "support": 2341}, "55": {"precision": 0.0851063829787234, "recall": 0.00554016620498615, "f1-score": 0.010403120936280883, "support": 722}, "56": {"precision": 0.06057385759829968, "recall": 0.75, "f1-score": 0.11209439528023599, "support": 152}, "57": {"precision": 0.2021347565043362, "recall": 0.48171701112877585, "f1-score": 0.2847744360902255, "support": 629}, "58": {"precision": 0.15390564578499613, "recall": 0.9128440366972477, "f1-score": 0.2634017207147585, "support": 218}, "59": {"precision": 0.8676470588235294, "recall": 0.4745308310991957, "f1-score": 0.6135181975736568, "support": 373}, "60": {"precision": 0.5454545454545454, "recall": 0.23529411764705882, "f1-score": 0.3287671232876712, "support": 51}, "61": {"precision": 0.2911392405063291, "recall": 0.004811715481171548, "f1-score": 0.009466968512039514, "support": 4780}, "62": {"precision": 0.6899746440413497, "recall": 0.920145662634933, "f1-score": 0.7886083709524605, "support": 7689}, "63": {"precision": 0.5800208244012984, "recall": 0.6937220716431031, "f1-score": 0.6317966508773101, "support": 13651}, "64": {"precision": 0.03576048789502864, "recall": 0.8505494505494505, "f1-score": 0.06863527533918595, "support": 455}, "65": {"precision": 0.13517665130568357, "recall": 0.8036529680365296, "f1-score": 0.23142669296515453, "support": 219}, "66": {"precision": 0.3, "recall": 0.07317073170731707, "f1-score": 0.11764705882352941, "support": 41}, "67": {"precision": 0.6031746031746031, "recall": 0.41304347826086957, "f1-score": 0.4903225806451613, "support": 92}, "68": {"precision": 0.6307692307692307, "recall": 0.7321428571428571, "f1-score": 0.6776859504132231, "support": 56}, "69": {"precision": 0.19047619047619047, "recall": 0.0851063829787234,