{"0": {"precision": 0.625, "recall": 1.0, "f1-score": 0.7692307692307693, "support": 5}, "11": {"precision": 0.6666666666666666, "recall": 1.0, "f1-score": 0.8, "support": 4}, "12": {"precision": 0.75, "recall": 0.42857142857142855, "f1-score": 0.5454545454545454, "support": 14}, "13": {"precision": 0.75, "recall": 1.0, "f1-score": 0.8571428571428571, "support": 6}, "16": {"precision": 0.9615384615384616, "recall": 0.6410256410256411, "f1-score": 0.7692307692307693, "support": 39}, "17": {"precision": 0.0, "recall": 0.0, "f1-score": 0.0, "support": 0}, "21": {"precision": 0.0, "recall": 0.0, "f1-score": 0.0, "support": 0}, "22": {"precision": 0.8333333333333334, "recall": 1.0, "f1-score": 0.9090909090909091, "support": 5}, "23": {"precision": 1.0, "recall": 1.0, "f1-score": 1.0, "support": 4}, "27": {"precision": 0.6666666666666666, "recall": 0.5, "f1-score": 0.5714285714285715, "support": 4}, "29": {"precision": 0.42424242424242425, "recall": 0.7, "f1-score": 0.5283018867924527, "support": 20}, "31": {"precision": 1.0, "recall": 1.0, "f1-score": 1.0, "support": 2}, "36": {"precision": 0.5, "recall": 1.0, "f1-score": 0.6666666666666666, "support": 1}, "37": {"precision": 0.8571428571428571, "recall": 0.8571428571428571, "f1-score": 0.8571428571428571, "support": 7}, "43": {"precision": 0.75, "recall": 1.0, "f1-score": 0.8571428571428571, "support": 3}, "44": {"precision": 0.36363636363636365, "recall": 1.0, "f1-score": 0.5333333333333333, "support": 4}, "46": {"precision": 0.9285714285714286, "recall": 0.3939393939393939, "f1-score": 0.5531914893617021, "support": 66}, "49": {"precision": 0.3333333333333333, "recall": 0.5, "f1-score": 0.4, "support": 2}, "51": {"precision": 0.0625, "recall": 1.0, "f1-score": 0.11764705882352941, "support": 1}, "56": {"precision": 0.75, "recall": 1.0, "f1-score": 0.8571428571428571, "support": 3}, "59": {"precision": 1.0, "recall": 1.0, "f1-score": 1.0, "support": 2}, "60": {"precision": 0.0, "recall": 0.0, "f1-score": 0.0, "support": 0}, "62": {"precision": 0.6666666666666666, "recall": 0.6666666666666666, "f1-score": 0.6666666666666666, "support": 3}, "68": {"precision": 1.0, "recall": 0.5, "f1-score": 0.6666666666666666, "support": 2}, "70": {"precision": 0.5185185185185185, "recall": 0.7777777777777778, "f1-score": 0.6222222222222222, "support": 18}, "73": {"precision": 0.9090909090909091, "recall": 1.0, "f1-score": 0.9523809523809523, "support": 10}, "74": {"precision": 1.0, "recall": 1.0, "f1-score": 1.0, "support": 11}, "75": {"precision": 0.7916666666666666, "recall": 0.7307692307692307, "f1-score": 0.76, "support": 26}, "77": {"precision": 1.0, "recall": 0.9565217391304348, "f1-score": 0.9777777777777777, "support": 23}, "accuracy": 0.6982456140350877, "macro avg": {"precision": 0.6589163550370448, "recall": 0.7466349908628768, "f1-score": 0.6633745418516883, "support": 285}, "weighted avg": {"precision": 0.8178485987696515, "recall": 0.6982456140350877, "f1-score": 0.7154377383788676, "support": 285}}