{"0": {"precision": 0.010309278350515464, "recall": 0.014106583072100314, "f1-score": 0.011912640635340834, "support": 638}, "1": {"precision": 0.025185474424053104, "recall": 0.2681912681912682, "f1-score": 0.04604676066393004, "support": 481}, "2": {"precision": 0.004250797024442083, "recall": 0.21052631578947367, "f1-score": 0.008333333333333331, "support": 19}, "3": {"precision": 0.06027397260273973, "recall": 0.15942028985507245, "f1-score": 0.08747514910536779, "support": 138}, "4": {"precision": 0.015366430260047281, "recall": 0.5416666666666666, "f1-score": 0.02988505747126437, "support": 24}, "5": {"precision": 0.003656307129798903, "recall": 0.010582010582010581, "f1-score": 0.005434782608695652, "support": 189}, "6": {"precision": 0.0022727272727272726, "recall": 0.012195121951219513, "f1-score": 0.0038314176245210726, "support": 164}, "7": {"precision": 0.367816091954023, "recall": 0.4984423676012461, "f1-score": 0.42328042328042326, "support": 321}, "8": {"precision": 0.18444444444444444, "recall": 0.1704312114989733, "f1-score": 0.17716115261472787, "support": 487}, "9": {"precision": 0.017304189435336976, "recall": 0.25, "f1-score": 0.0323679727427598, "support": 76}, "10": {"precision": 0.06962025316455696, "recall": 0.12607449856733524, "f1-score": 0.08970438328236494, "support": 349}, "11": {"precision": 0.12178828365878726, "recall": 0.14858934169278998, "f1-score": 0.13386049138661396, "support": 1595}, "12": {"precision": 0.23142250530785563, "recall": 0.7218543046357616, "f1-score": 0.3504823151125402, "support": 151}, "13": {"precision": 0.009830693610049153, "recall": 0.07468879668049792, "f1-score": 0.017374517374517374, "support": 482}, "14": {"precision": 0.045871559633027525, "recall": 0.36363636363636365, "f1-score": 0.08146639511201631, "support": 55}, "15": {"precision": 0.10215946843853821, "recall": 0.3877068557919622, "f1-score": 0.161709120788825, "support": 1269}, "16": {"precision": 0.0, "recall": 0.0, "f1-score": 0.0, "support": 117}, "17": {"precision": 0.05254648342764753, "recall": 0.10284810126582279, "f1-score": 0.06955591225254146, "support": 632}, "18": {"precision": 0.013797634691195795, "recall": 0.09170305676855896, "f1-score": 0.02398629354654483, "support": 229}, "19": {"precision": 0.00909090909090909, "recall": 0.02040816326530612, "f1-score": 0.012578616352201257, "support": 49}, "20": {"precision": 0.06428571428571428, "recall": 0.375, "f1-score": 0.1097560975609756, "support": 24}, "21": {"precision": 0.008620689655172414, "recall": 0.0044943820224719105, "f1-score": 0.005908419497784343, "support": 445}, "22": {"precision": 0.004830917874396135, "recall": 0.008771929824561403, "f1-score": 0.006230529595015575, "support": 114}, "23": {"precision": 0.0947176684881603, "recall": 0.3466666666666667, "f1-score": 0.14878397711015737, "support": 150}, "24": {"precision": 0.0031746031746031746, "recall": 0.02586206896551724, "f1-score": 0.005655042412818096, "support": 116}, "25": {"precision": 0.10021786492374728, "recall": 0.23, "f1-score": 0.13960546282245828, "support": 200}, "26": {"precision": 0.02878787878787879, "recall": 0.010348583877995643, "f1-score": 0.015224358974358972, "support": 1836}, "27": {"precision": 0.002105263157894737, "recall": 0.04, "f1-score": 0.004, "support": 25}, "28": {"precision": 0.043689320388349516, "recall": 0.07377049180327869, "f1-score": 0.054878048780487805, "support": 122}, "29": {"precision": 0.009787928221859706, "recall": 0.18181818181818182, "f1-score": 0.018575851393188854, "support": 33}, "30": {"precision": 0.008293838862559242, "recall": 0.11475409836065574, "f1-score": 0.015469613259668509, "support": 61}, "31": {"precision": 0.014945652173913044, "recall": 0.24444444444444444, "f1-score": 0.028169014084507043, "support": 45}, "32": {"precision": 0.029978586723768737, "recall": 0.11965811965811966, "f1-score": 0.04794520547945206, "support": 468}, "33": {"precision": 0.012126111560226353, "recall": 0.07537688442211055, "f1-score": 0.02089136490250696, "support": 199}, "34": {"precision": 0.04472049689440994, "recall": 0.16981132075471697, "f1-score": 0.07079646017699116, "support": 212}, "35": {"precision": 0.1717171717171717, "recall": 0.17, "f1-score": 0.1708542713567839, "support": 100}, "36": {"precision": 0.14485981308411214, "recall": 0.2850574712643678, "f1-score": 0.1920991479473276, "support": 435}, "37": {"precision": 0.02088167053364269, "recall": 0.42857142857142855, "f1-score": 0.039823008849557515, "support": 21}, "38": {"precision": 0.15980392156862744, "recall": 0.14940421631530706, "f1-score": 0.1544291804831833, "support": 1091}, "39": {"precision": 0.0189873417721519, "recall": 0.3103448275862069, "f1-score": 0.03578528827037774, "support": 58}, "40": {"precision": 0.01798800799467022, "recall": 0.08463949843260188, "f1-score": 0.029670329670329672, "support": 319}, "41": {"precision": 0.049103663289166016, "recall": 0.03884093711467324, "f1-score": 0.043373493975903614, "support": 1622}, "42": {"precision": 0.03322259136212625, "recall": 0.04491017964071856, "f1-score": 0.03819223424570337, "support": 668}, "43": {"precision": 0.14186851211072665, "recall": 0.017998244073748903, "f1-score": 0.03194390338917024, "support": 2278}, "44": {"precision": 0.032520325203252036, "recall": 0.25263157894736843, "f1-score": 0.057623049219687875, "support": 95}, "45": {"precision": 0.06852248394004283, "recall": 0.2711864406779661, "f1-score": 0.10940170940170942, "support": 118}, "46": {"precision": 0.02247191011235955, "recall": 0.08, "f1-score": 0.03508771929824561, "support": 50}, "47": {"precision": 0.004424778761061947, "recall": 0.022727272727272728, "f1-score": 0.007407407407407408, "support": 44}, "48": {"precision": 0.008556149732620321, "recall": 0.19047619047619047, "f1-score": 0.016376663254861822, "support": 42}, "49": {"precision": 0.00919963201471941, "recall": 0.13157894736842105, "f1-score": 0.017196904557179708, "support": 76}, "50": {"precision": 0.10150375939849623, "recall": 0.39705882352941174, "f1-score": 0.1616766467065868, "support": 68}, "51": {"precision": 0.006691449814126394, "recall": 0.16666666666666666, "f1-score": 0.012866333095067907, "support": 54}, "52": {"precision": 0.027696793002915453, "recall": 0.10919540229885058, "f1-score": 0.04418604651162791, "support": 174}, "53": {"precision": 0.8562060889929742, "recall": 0.429410382898755, "f1-score": 0.571964956195244, "support": 4257}, "54": {"precision": 0.0436241610738255, "recall": 0.022212729602733874, "f1-score": 0.02943673931502972, "support": 2341}, "55": {"precision": 0.036988110964332896, "recall": 0.23268698060941828, "f1-score": 0.06382978723404255, "support": 722}, "56": {"precision": 0.030821917808219176, "recall": 0.05921052631578947, "f1-score": 0.040540540540540536, "support": 152}, "57": {"precision": 0.03659174072138003, "recall": 0.11128775834658187, "f1-score": 0.05507474429583004, "support": 629}, "58": {"precision": 0.09785067873303167, "recall": 0.7935779816513762, "f1-score": 0.17421953675730112, "support": 218}, "59": {"precision": 0.2983050847457627, "recall": 0.2359249329758713, "f1-score": 0.2634730538922156, "support": 373}, "60": {"precision": 0.012244897959183673, "recall": 0.058823529411764705, "f1-score": 0.02027027027027027, "support": 51}, "61": {"precision": 0.30554796392456957, "recall": 0.23389121338912133, "f1-score": 0.2649603033534779, "support": 4780}, "62": {"precision": 0.701530612244898, "recall": 0.17882689556509299, "f1-score": 0.28500362731889317, "support": 7689}, "63": {"precision": 0.449455205811138, "recall": 0.10878323932312652, "f1-score": 0.17516956649955764, "support": 13651}, "64": {"precision": 0.004901960784313725, "recall": 0.017582417582417582, "f1-score": 0.007666506947771921, "support": 455}, "65": {"precision": 0.15657620041753653, "recall": 0.684931506849315, "f1-score": 0.2548853016142736, "support": 219}, "66": {"precision": 0.012295081967213115, "recall": 0.07317073170731707,