{"0": {"precision": 0.10778947368421053, "recall": 0.8025078369905956, "f1-score": 0.19005196733481813, "support": 638}, "1": {"precision": 0.1781609195402299, "recall": 0.45114345114345117, "f1-score": 0.2554443790464979, "support": 481}, "2": {"precision": 0.012612612612612612, "recall": 0.3684210526315789, "f1-score": 0.024390243902439025, "support": 19}, "3": {"precision": 0.6666666666666666, "recall": 0.028985507246376812, "f1-score": 0.05555555555555555, "support": 138}, "4": {"precision": 0.5365853658536586, "recall": 0.9166666666666666, "f1-score": 0.676923076923077, "support": 24}, "5": {"precision": 0.23638968481375358, "recall": 0.873015873015873, "f1-score": 0.37204058624577224, "support": 189}, "6": {"precision": 0.7350427350427351, "recall": 0.524390243902439, "f1-score": 0.6120996441281139, "support": 164}, "7": {"precision": 0.5113636363636364, "recall": 0.9813084112149533, "f1-score": 0.6723585912486659, "support": 321}, "8": {"precision": 0.6875, "recall": 0.3162217659137577, "f1-score": 0.4331926863572433, "support": 487}, "9": {"precision": 0.11657559198542805, "recall": 0.8421052631578947, "f1-score": 0.2048, "support": 76}, "10": {"precision": 0.03023053501522401, "recall": 0.3982808022922636, "f1-score": 0.05619567414594704, "support": 349}, "11": {"precision": 0.4, "recall": 0.0012539184952978057, "f1-score": 0.0024999999999999996, "support": 1595}, "12": {"precision": 0.5878787878787879, "recall": 0.6423841059602649, "f1-score": 0.6139240506329113, "support": 151}, "13": {"precision": 0.47410358565737054, "recall": 0.49377593360995853, "f1-score": 0.483739837398374, "support": 482}, "14": {"precision": 0.16352201257861634, "recall": 0.4727272727272727, "f1-score": 0.24299065420560745, "support": 55}, "15": {"precision": 0.8528428093645485, "recall": 0.20094562647754138, "f1-score": 0.3252551020408163, "support": 1269}, "16": {"precision": 0.0, "recall": 0.0, "f1-score": 0.0, "support": 117}, "17": {"precision": 0.5454545454545454, "recall": 0.00949367088607595, "f1-score": 0.018662519440124415, "support": 632}, "18": {"precision": 0.3598326359832636, "recall": 0.7510917030567685, "f1-score": 0.48656294200848654, "support": 229}, "19": {"precision": 0.17857142857142858, "recall": 0.20408163265306123, "f1-score": 0.19047619047619047, "support": 49}, "20": {"precision": 0.5714285714285714, "recall": 0.16666666666666666, "f1-score": 0.25806451612903225, "support": 24}, "21": {"precision": 0.09364791288566243, "recall": 0.5797752808988764, "f1-score": 0.16125, "support": 445}, "22": {"precision": 0.08943089430894309, "recall": 0.09649122807017543, "f1-score": 0.09282700421940929, "support": 114}, "23": {"precision": 0.8225806451612904, "recall": 0.34, "f1-score": 0.4811320754716982, "support": 150}, "24": {"precision": 0.0, "recall": 0.0, "f1-score": 0.0, "support": 116}, "25": {"precision": 0.11904761904761904, "recall": 0.025, "f1-score": 0.04132231404958678, "support": 200}, "26": {"precision": 0.14285714285714285, "recall": 0.0005446623093681918, "f1-score": 0.0010851871947911015, "support": 1836}, "27": {"precision": 0.2619047619047619, "recall": 0.44, "f1-score": 0.3283582089552239, "support": 25}, "28": {"precision": 0.7857142857142857, "recall": 0.18032786885245902, "f1-score": 0.29333333333333333, "support": 122}, "29": {"precision": 0.5833333333333334, "recall": 0.21212121212121213, "f1-score": 0.3111111111111111, "support": 33}, "30": {"precision": 0.3137254901960784, "recall": 0.26229508196721313, "f1-score": 0.2857142857142857, "support": 61}, "31": {"precision": 0.6, "recall": 0.2, "f1-score": 0.3, "support": 45}, "32": {"precision": 0.09414504324683966, "recall": 0.6047008547008547, "f1-score": 0.1629245826137018, "support": 468}, "33": {"precision": 0.0, "recall": 0.0, "f1-score": 0.0, "support": 199}, "34": {"precision": 0.46153846153846156, "recall": 0.02830188679245283, "f1-score": 0.05333333333333333, "support": 212}, "35": {"precision": 0.4, "recall": 0.04, "f1-score": 0.07272727272727272, "support": 100}, "36": {"precision": 0.0, "recall": 0.0, "f1-score": 0.0, "support": 435}, "37": {"precision": 0.5714285714285714, "recall": 0.19047619047619047, "f1-score": 0.2857142857142857, "support": 21}, "38": {"precision": 1.0, "recall": 0.0009165902841429881, "f1-score": 0.0018315018315018315, "support": 1091}, "39": {"precision": 0.42857142857142855, "recall": 0.15517241379310345, "f1-score": 0.22784810126582278, "support": 58}, "40": {"precision": 0.2, "recall": 0.006269592476489028, "f1-score": 0.0121580547112462, "support": 319}, "41": {"precision": 0.1212037927717466, "recall": 0.5437731196054254, "f1-score": 0.19822451960894483, "support": 1622}, "42": {"precision": 0.09344115004492363, "recall": 0.9341317365269461, "f1-score": 0.1698883746256466, "support": 668}, "43": {"precision": 0.5035427491733585, "recall": 0.935908691834943, "f1-score": 0.6547911547911548, "support": 2278}, "44": {"precision": 0.3125, "recall": 0.05263157894736842, "f1-score": 0.09009009009009009, "support": 95}, "45": {"precision": 0.3333333333333333, "recall": 0.00847457627118644, "f1-score": 0.01652892561983471, "support": 118}, "46": {"precision": 0.3764705882352941, "recall": 0.64, "f1-score": 0.47407407407407404, "support": 50}, "47": {"precision": 0.3333333333333333, "recall": 0.18181818181818182, "f1-score": 0.23529411764705885, "support": 44}, "48": {"precision": 0.1270718232044199, "recall": 0.5476190476190477, "f1-score": 0.2062780269058296, "support": 42}, "49": {"precision": 0.2361111111111111, "recall": 0.4473684210526316, "f1-score": 0.3090909090909091, "support": 76}, "50": {"precision": 0.3783783783783784, "recall": 0.20588235294117646, "f1-score": 0.2666666666666666, "support": 68}, "51": {"precision": 0.0, "recall": 0.0, "f1-score": 0.0, "support": 54}, "52": {"precision": 0.4482758620689655, "recall": 0.07471264367816093, "f1-score": 0.12807881773399016, "support": 174}, "53": {"precision": 0.9952893674293405, "recall": 0.3474277660324172, "f1-score": 0.5150618143827269, "support": 4257}, "54": {"precision": 0.029411764705882353, "recall": 0.00042716787697565144, "f1-score": 0.0008421052631578947, "support": 2341}, "55": {"precision": 0.0, "recall": 0.0, "f1-score": 0.0, "support": 722}, "56": {"precision": 0.07692307692307693, "recall": 0.006578947368421052, "f1-score": 0.012121212121212121, "support": 152}, "57": {"precision": 0.18669920683343502, "recall": 0.4864864864864865, "f1-score": 0.2698412698412698, "support": 629}, "58": {"precision": 0.13881961762261014, "recall": 0.7660550458715596, "f1-score": 0.23504574243490498, "support": 218}, "59": {"precision": 0.9532710280373832, "recall": 0.2734584450402145, "f1-score": 0.425, "support": 373}, "60": {"precision": 0.4, "recall": 0.11764705882352941, "f1-score": 0.1818181818181818, "support": 51}, "61": {"precision": 0.17, "recall": 0.0035564853556485356, "f1-score": 0.0069672131147540985, "support": 4780}, "62": {"precision": 0.6824017762332272, "recall": 0.919365327090649, "f1-score": 0.7833554964539007, "support": 7689}, "63": {"precision": 0.5509261930867332, "recall": 0.6993626840524504, "f1-score": 0.616333118140736, "support": 13651}, "64": {"precision": 0.03352448169386855, "recall": 0.8351648351648352, "f1-score": 0.06446140797285835, "support": 455}, "65": {"precision": 0.16336166194523136, "recall": 0.7899543378995434, "f1-score": 0.270735524256651, "support": 219}, "66": {"precision": 0.0, "recall": 0.0, "f1-score": 0.0, "support": 41}, "67": {"precision": 0.5833333333333334, "recall": 0.07608695652173914, "f1-score": 0.1346153846153846, "support": 92}, "68": {"precision": 0.8604651162790697, "recall": 0.6607142857142857, "f1-score": 0.7474747474747474, "support": 56}, "69": {"precision": 0.3, "recall": 0.06382978723404255, "f1-score": 0.10526315789473684, "support": 47}, "70": {"precision": 0.012733446519524618, "recall": 0.42857142857142855, "f1-score": 0.0247320692497939, "support": 35}, "71": {"precision": 0.0, "recall": 0.0, "f1-score": 0.0,