{"0": {"precision": 0.135963667328981, "recall": 0.8023450586264657, "f1-score": 0.2325242718446602, "support": 597}, "1": {"precision": 0.1611328125, "recall": 0.3319919517102616, "f1-score": 0.21696252465483237, "support": 497}, "2": {"precision": 0.01699029126213592, "recall": 0.3888888888888889, "f1-score": 0.03255813953488372, "support": 18}, "3": {"precision": 0.0, "recall": 0.0, "f1-score": 0.0, "support": 143}, "4": {"precision": 0.17647058823529413, "recall": 0.9230769230769231, "f1-score": 0.29629629629629634, "support": 13}, "5": {"precision": 0.22148541114058357, "recall": 0.9277777777777778, "f1-score": 0.35760171306209854, "support": 180}, "6": {"precision": 0.688, "recall": 0.6370370370370371, "f1-score": 0.6615384615384615, "support": 135}, "7": {"precision": 0.5811320754716981, "recall": 0.9685534591194969, "f1-score": 0.7264150943396226, "support": 318}, "8": {"precision": 0.6330935251798561, "recall": 0.3902439024390244, "f1-score": 0.4828532235939643, "support": 451}, "9": {"precision": 0.05953827460510328, "recall": 0.875, "f1-score": 0.11149032992036405, "support": 56}, "10": {"precision": 0.0448642266824085, "recall": 0.4355300859598854, "f1-score": 0.08134867540808134, "support": 349}, "11": {"precision": 0.0, "recall": 0.0, "f1-score": 0.0, "support": 1530}, "12": {"precision": 0.7639751552795031, "recall": 0.727810650887574, "f1-score": 0.7454545454545455, "support": 169}, "13": {"precision": 0.25272727272727274, "recall": 0.5852631578947368, "f1-score": 0.353015873015873, "support": 475}, "14": {"precision": 0.0, "recall": 0.0, "f1-score": 0.0, "support": 62}, "15": {"precision": 0.14285714285714285, "recall": 0.0007980845969672786, "f1-score": 0.0015873015873015873, "support": 1253}, "16": {"precision": 0.0, "recall": 0.0, "f1-score": 0.0, "support": 122}, "17": {"precision": 0.0, "recall": 0.0, "f1-score": 0.0, "support": 605}, "18": {"precision": 0.3418013856812933, "recall": 0.7254901960784313, "f1-score": 0.4646781789638933, "support": 204}, "19": {"precision": 0.15555555555555556, "recall": 0.11290322580645161, "f1-score": 0.13084112149532712, "support": 62}, "20": {"precision": 0.0, "recall": 0.0, "f1-score": 0.0, "support": 27}, "21": {"precision": 0.07667151162790697, "recall": 0.5396419437340153, "f1-score": 0.13426662424435254, "support": 391}, "22": {"precision": 0.09259259259259259, "recall": 0.09433962264150944, "f1-score": 0.09345794392523366, "support": 106}, "23": {"precision": 0.8085106382978723, "recall": 0.3247863247863248, "f1-score": 0.46341463414634143, "support": 117}, "24": {"precision": 0.0, "recall": 0.0, "f1-score": 0.0, "support": 119}, "25": {"precision": 0.3333333333333333, "recall": 0.05581395348837209, "f1-score": 0.09561752988047809, "support": 215}, "26": {"precision": 0.4, "recall": 0.001100715465052284, "f1-score": 0.002195389681668496, "support": 1817}, "27": {"precision": 0.6, "recall": 0.2222222222222222, "f1-score": 0.32432432432432434, "support": 27}, "28": {"precision": 0.4166666666666667, "recall": 0.047619047619047616, "f1-score": 0.08547008547008546, "support": 105}, "29": {"precision": 0.25, "recall": 0.029411764705882353, "f1-score": 0.05263157894736842, "support": 34}, "30": {"precision": 0.22666666666666666, "recall": 0.27419354838709675, "f1-score": 0.2481751824817518, "support": 62}, "31": {"precision": 0.4, "recall": 0.17142857142857143, "f1-score": 0.24000000000000002, "support": 35}, "32": {"precision": 0.05906389301634472, "recall": 0.654320987654321, "f1-score": 0.10834752981260647, "support": 486}, "33": {"precision": 0.09582309582309582, "recall": 0.195, "f1-score": 0.128500823723229, "support": 200}, "34": {"precision": 0.0, "recall": 0.0, "f1-score": 0.0, "support": 223}, "35": {"precision": 0.7391304347826086, "recall": 0.1650485436893204, "f1-score": 0.2698412698412698, "support": 103}, "36": {"precision": 0.0, "recall": 0.0, "f1-score": 0.0, "support": 414}, "37": {"precision": 0.6, "recall": 0.16666666666666666, "f1-score": 0.2608695652173913, "support": 18}, "38": {"precision": 0.8, "recall": 0.0036429872495446266, "f1-score": 0.007252946509519492, "support": 1098}, "39": {"precision": 0.6666666666666666, "recall": 0.1, "f1-score": 0.1739130434782609, "support": 40}, "40": {"precision": 0.4, "recall": 0.007168458781362007, "f1-score": 0.01408450704225352, "support": 279}, "41": {"precision": 0.10340865568747606, "recall": 0.5084745762711864, "f1-score": 0.1718650541056652, "support": 1593}, "42": {"precision": 0.09224318658280922, "recall": 0.9447852760736196, "f1-score": 0.16807639836289223, "support": 652}, "43": {"precision": 0.46578835529111773, "recall": 0.914095079232694, "f1-score": 0.6171171171171171, "support": 2398}, "44": {"precision": 0.0625, "recall": 0.010752688172043012, "f1-score": 0.01834862385321101, "support": 93}, "45": {"precision": 0.3448275862068966, "recall": 0.08, "f1-score": 0.12987012987012989, "support": 125}, "46": {"precision": 0.2994011976047904, "recall": 0.7246376811594203, "f1-score": 0.42372881355932196, "support": 69}, "47": {"precision": 0.4, "recall": 0.07407407407407407, "f1-score": 0.125, "support": 54}, "48": {"precision": 0.27956989247311825, "recall": 0.65, "f1-score": 0.39097744360902253, "support": 40}, "49": {"precision": 0.24806201550387597, "recall": 0.36363636363636365, "f1-score": 0.29493087557603687, "support": 88}, "50": {"precision": 0.6666666666666666, "recall": 0.14084507042253522, "f1-score": 0.23255813953488372, "support": 71}, "51": {"precision": 0.0, "recall": 0.0, "f1-score": 0.0, "support": 42}, "52": {"precision": 0.6862745098039216, "recall": 0.24475524475524477, "f1-score": 0.36082474226804123, "support": 143}, "53": {"precision": 0.9360086767895879, "recall": 0.41144219308700836, "f1-score": 0.5716178175194568, "support": 4195}, "54": {"precision": 0.5652173913043478, "recall": 0.005432511491851233, "f1-score": 0.010761589403973511, "support": 2393}, "55": {"precision": 0.0, "recall": 0.0, "f1-score": 0.0, "support": 715}, "56": {"precision": 0.27892561983471076, "recall": 0.8544303797468354, "f1-score": 0.4205607476635514, "support": 158}, "57": {"precision": 0.1891025641025641, "recall": 0.4675118858954041, "f1-score": 0.2692834322227293, "support": 631}, "58": {"precision": 0.14018691588785046, "recall": 0.9154929577464789, "f1-score": 0.24314214463840395, "support": 213}, "59": {"precision": 0.8333333333333334, "recall": 0.11834319526627218, "f1-score": 0.20725388601036268, "support": 338}, "60": {"precision": 0.4, "recall": 0.3076923076923077, "f1-score": 0.34782608695652173, "support": 52}, "61": {"precision": 0.10869565217391304, "recall": 0.0010300782859497322, "f1-score": 0.0020408163265306124, "support": 4854}, "62": {"precision": 0.6648901355773726, "recall": 0.9282078057694818, "f1-score": 0.774787535410765, "support": 7661}, "63": {"precision": 0.553280352688671, "recall": 0.7014266803941757, "f1-score": 0.618607516943931, "support": 13598}, "64": {"precision": 0.03645574649846032, "recall": 0.8534883720930233, "f1-score": 0.06992474040201964, "support": 430}, "65": {"precision": 0.16535433070866143, "recall": 0.8898305084745762, "f1-score": 0.27888446215139445, "support": 236}, "66": {"precision": 0.0, "recall": 0.0, "f1-score": 0.0, "support": 49}, "67": {"precision": 0.0, "recall": 0.0, "f1-score": 0.0, "support": 102}, "68": {"precision": 0.6428571428571429, "recall": 0.32142857142857145, "f1-score": 0.4285714285714286, "support": 56}, "69": {"precision": 0.0, "recall": 0.0, "f1-score": 0.0, "support": 47}, "70": {"precision": 0.004382761139517896, "recall": 0.15789473684210525, "f1-score": 0.008528784648187633, "support": 38}, "71": {"precision": 1.0, "recall": 0.015384615384615385, "f1-score": 0.030303030303030307, "support": 65}, "72": {"precision": 0.08571428571428572, "recall": 0.07317073170731707, "f1-score": 0.07894736842105264, "support": 205}, "73": {"precision": 0.13204062788550322, "recall": 0.9470198675496688, "f1-score": 0.2317666126418152, "support": 151},