{"0": {"precision": 0.18181818181818182, "recall": 0.5, "f1-score": 0.26666666666666666, "support": 4}, "4": {"precision": 0.0, "recall": 0.0, "f1-score": 0.0, "support": 0}, "11": {"precision": 0.2, "recall": 0.16666666666666666, "f1-score": 0.1818181818181818, "support": 6}, "12": {"precision": 0.9285714285714286, "recall": 0.6842105263157895, "f1-score": 0.7878787878787878, "support": 19}, "13": {"precision": 0.5, "recall": 0.2222222222222222, "f1-score": 0.30769230769230765, "support": 9}, "16": {"precision": 0.7777777777777778, "recall": 0.5121951219512195, "f1-score": 0.6176470588235294, "support": 41}, "17": {"precision": 0.0, "recall": 0.0, "f1-score": 0.0, "support": 0}, "21": {"precision": 0.0, "recall": 0.0, "f1-score": 0.0, "support": 0}, "22": {"precision": 0.7, "recall": 0.875, "f1-score": 0.7777777777777777, "support": 8}, "23": {"precision": 1.0, "recall": 1.0, "f1-score": 1.0, "support": 2}, "27": {"precision": 1.0, "recall": 1.0, "f1-score": 1.0, "support": 1}, "29": {"precision": 0.34375, "recall": 0.7333333333333333, "f1-score": 0.4680851063829787, "support": 15}, "31": {"precision": 1.0, "recall": 0.3333333333333333, "f1-score": 0.5, "support": 6}, "36": {"precision": 0.3333333333333333, "recall": 0.5, "f1-score": 0.4, "support": 2}, "37": {"precision": 0.25, "recall": 1.0, "f1-score": 0.4, "support": 1}, "43": {"precision": 0.5, "recall": 1.0, "f1-score": 0.6666666666666666, "support": 3}, "44": {"precision": 0.5, "recall": 0.8333333333333334, "f1-score": 0.625, "support": 6}, "46": {"precision": 0.9473684210526315, "recall": 0.29508196721311475, "f1-score": 0.45, "support": 61}, "49": {"precision": 0.2, "recall": 0.6666666666666666, "f1-score": 0.30769230769230765, "support": 3}, "51": {"precision": 0.07692307692307693, "recall": 1.0, "f1-score": 0.14285714285714288, "support": 1}, "53": {"precision": 1.0, "recall": 1.0, "f1-score": 1.0, "support": 2}, "56": {"precision": 1.0, "recall": 1.0, "f1-score": 1.0, "support": 1}, "59": {"precision": 1.0, "recall": 0.5, "f1-score": 0.6666666666666666, "support": 2}, "62": {"precision": 0.125, "recall": 0.3333333333333333, "f1-score": 0.18181818181818182, "support": 3}, "67": {"precision": 0.0, "recall": 0.0, "f1-score": 0.0, "support": 1}, "68": {"precision": 1.0, "recall": 1.0, "f1-score": 1.0, "support": 1}, "70": {"precision": 0.8095238095238095, "recall": 0.9444444444444444, "f1-score": 0.8717948717948718, "support": 18}, "71": {"precision": 1.0, "recall": 1.0, "f1-score": 1.0, "support": 1}, "73": {"precision": 0.8823529411764706, "recall": 0.8823529411764706, "f1-score": 0.8823529411764706, "support": 17}, "74": {"precision": 0.9230769230769231, "recall": 1.0, "f1-score": 0.9600000000000001, "support": 12}, "75": {"precision": 0.7727272727272727, "recall": 0.6071428571428571, "f1-score": 0.68, "support": 28}, "77": {"precision": 0.9166666666666666, "recall": 1.0, "f1-score": 0.9565217391304348, "support": 11}, "accuracy": 0.6035087719298246, "macro avg": {"precision": 0.5896528072702367, "recall": 0.6434161483478995, "f1-score": 0.5655917626513429, "support": 285}, "weighted avg": {"precision": 0.7696188800170795, "recall": 0.6035087719298246, "f1-score": 0.6266045631357878, "support": 285}}