{"0": {"precision": 0.13584905660377358, "recall": 0.7548387096774194, "f1-score": 0.23025830258302585, "support": 620}, "1": {"precision": 0.14502369668246445, "recall": 0.30297029702970296, "f1-score": 0.19615384615384618, "support": 505}, "2": {"precision": 0.021604938271604937, "recall": 0.30434782608695654, "f1-score": 0.040345821325648415, "support": 23}, "3": {"precision": 0.2, "recall": 0.006666666666666667, "f1-score": 0.012903225806451615, "support": 150}, "4": {"precision": 0.13725490196078433, "recall": 0.875, "f1-score": 0.23728813559322037, "support": 24}, "5": {"precision": 0.2, "recall": 0.819672131147541, "f1-score": 0.3215434083601287, "support": 183}, "6": {"precision": 0.631578947368421, "recall": 0.5153374233128835, "f1-score": 0.5675675675675677, "support": 163}, "7": {"precision": 0.44089012517385257, "recall": 0.984472049689441, "f1-score": 0.6090297790585975, "support": 322}, "8": {"precision": 0.456359102244389, "recall": 0.4066666666666667, "f1-score": 0.43008225616921275, "support": 450}, "9": {"precision": 0.10350877192982456, "recall": 0.8428571428571429, "f1-score": 0.184375, "support": 70}, "10": {"precision": 0.046419473535239175, "recall": 0.45429362880886426, "f1-score": 0.08423215202876222, "support": 361}, "11": {"precision": 0.0, "recall": 0.0, "f1-score": 0.0, "support": 1613}, "12": {"precision": 0.8823529411764706, "recall": 0.4316546762589928, "f1-score": 0.5797101449275363, "support": 139}, "13": {"precision": 0.41838649155722324, "recall": 0.5091324200913242, "f1-score": 0.45932028836251293, "support": 438}, "14": {"precision": 0.3, "recall": 0.06976744186046512, "f1-score": 0.11320754716981132, "support": 43}, "15": {"precision": 0.0, "recall": 0.0, "f1-score": 0.0, "support": 1275}, "16": {"precision": 0.0, "recall": 0.0, "f1-score": 0.0, "support": 124}, "17": {"precision": 0.0, "recall": 0.0, "f1-score": 0.0, "support": 591}, "18": {"precision": 0.3231707317073171, "recall": 0.6973684210526315, "f1-score": 0.4416666666666667, "support": 228}, "19": {"precision": 0.35294117647058826, "recall": 0.11764705882352941, "f1-score": 0.17647058823529413, "support": 51}, "20": {"precision": 0.0, "recall": 0.0, "f1-score": 0.0, "support": 20}, "21": {"precision": 0.05978080371969445, "recall": 0.4712041884816754, "f1-score": 0.10610079575596816, "support": 382}, "22": {"precision": 0.05319148936170213, "recall": 0.043478260869565216, "f1-score": 0.04784688995215312, "support": 115}, "23": {"precision": 0.0, "recall": 0.0, "f1-score": 0.0, "support": 137}, "24": {"precision": 0.0, "recall": 0.0, "f1-score": 0.0, "support": 107}, "25": {"precision": 0.05167173252279635, "recall": 0.08173076923076923, "f1-score": 0.0633147113594041, "support": 208}, "26": {"precision": 0.6666666666666666, "recall": 0.0011383039271485487, "f1-score": 0.002272727272727273, "support": 1757}, "27": {"precision": 0.0425531914893617, "recall": 0.08695652173913043, "f1-score": 0.057142857142857134, "support": 23}, "28": {"precision": 0.0, "recall": 0.0, "f1-score": 0.0, "support": 125}, "29": {"precision": 0.0, "recall": 0.0, "f1-score": 0.0, "support": 28}, "30": {"precision": 0.1509433962264151, "recall": 0.22857142857142856, "f1-score": 0.1818181818181818, "support": 70}, "31": {"precision": 0.75, "recall": 0.12, "f1-score": 0.20689655172413793, "support": 25}, "32": {"precision": 0.07257704332291201, "recall": 0.6784968684759917, "f1-score": 0.1311276982045592, "support": 479}, "33": {"precision": 0.0, "recall": 0.0, "f1-score": 0.0, "support": 178}, "34": {"precision": 0.045454545454545456, "recall": 0.004545454545454545, "f1-score": 0.008264462809917354, "support": 220}, "35": {"precision": 0.0, "recall": 0.0, "f1-score": 0.0, "support": 106}, "36": {"precision": 0.0, "recall": 0.0, "f1-score": 0.0, "support": 430}, "37": {"precision": 1.0, "recall": 0.14285714285714285, "f1-score": 0.25, "support": 21}, "38": {"precision": 1.0, "recall": 0.008364312267657992, "f1-score": 0.016589861751152072, "support": 1076}, "39": {"precision": 0.0, "recall": 0.0, "f1-score": 0.0, "support": 47}, "40": {"precision": 0.0, "recall": 0.0, "f1-score": 0.0, "support": 294}, "41": {"precision": 0.10068342689773005, "recall": 0.5111524163568774, "f1-score": 0.16823001631321371, "support": 1614}, "42": {"precision": 0.09510672281109336, "recall": 0.9357142857142857, "f1-score": 0.1726637669698168, "support": 700}, "43": {"precision": 0.5004531037607612, "recall": 0.9090534979423869, "f1-score": 0.6455289304500292, "support": 2430}, "44": {"precision": 0.3684210526315789, "recall": 0.07865168539325842, "f1-score": 0.12962962962962962, "support": 89}, "45": {"precision": 0.0, "recall": 0.0, "f1-score": 0.0, "support": 128}, "46": {"precision": 0.24691358024691357, "recall": 0.6896551724137931, "f1-score": 0.36363636363636365, "support": 58}, "47": {"precision": 0.1, "recall": 0.06521739130434782, "f1-score": 0.07894736842105264, "support": 46}, "48": {"precision": 0.1893939393939394, "recall": 0.6097560975609756, "f1-score": 0.28901734104046245, "support": 41}, "49": {"precision": 0.2608695652173913, "recall": 0.33707865168539325, "f1-score": 0.29411764705882354, "support": 89}, "50": {"precision": 0.44, "recall": 0.16176470588235295, "f1-score": 0.23655913978494625, "support": 68}, "51": {"precision": 0.0, "recall": 0.0, "f1-score": 0.0, "support": 43}, "52": {"precision": 0.75, "recall": 0.05625, "f1-score": 0.10465116279069768, "support": 160}, "53": {"precision": 0.991869918699187, "recall": 0.22835751052877867, "f1-score": 0.37124381894256375, "support": 4274}, "54": {"precision": 0.0703125, "recall": 0.0038281582305401958, "f1-score": 0.007260992335619201, "support": 2351}, "55": {"precision": 0.0, "recall": 0.0, "f1-score": 0.0, "support": 700}, "56": {"precision": 0.3837638376383764, "recall": 0.5909090909090909, "f1-score": 0.46532438478747207, "support": 176}, "57": {"precision": 0.1627783669141039, "recall": 0.5082781456953642, "f1-score": 0.24658634538152613, "support": 604}, "58": {"precision": 0.11018363939899833, "recall": 0.6111111111111112, "f1-score": 0.18670438472418674, "support": 216}, "59": {"precision": 0.0, "recall": 0.0, "f1-score": 0.0, "support": 334}, "60": {"precision": 0.0, "recall": 0.0, "f1-score": 0.0, "support": 40}, "61": {"precision": 0.0759493670886076, "recall": 0.0012214983713355048, "f1-score": 0.0024043277900220395, "support": 4912}, "62": {"precision": 0.6549852832965416, "recall": 0.9258874008581459, "f1-score": 0.7672251252491517, "support": 7691}, "63": {"precision": 0.5561985443264527, "recall": 0.6859181871689229, "f1-score": 0.6142847730117942, "support": 13592}, "64": {"precision": 0.029764841308995232, "recall": 0.839907192575406, "f1-score": 0.05749225760343048, "support": 431}, "65": {"precision": 0.1152388172858226, "recall": 0.8539325842696629, "f1-score": 0.20307281229124918, "support": 178}, "66": {"precision": 0.0, "recall": 0.0, "f1-score": 0.0, "support": 33}, "67": {"precision": 0.0, "recall": 0.0, "f1-score": 0.0, "support": 96}, "68": {"precision": 0.5227272727272727, "recall": 0.41818181818181815, "f1-score": 0.4646464646464646, "support": 55}, "69": {"precision": 0.0, "recall": 0.0, "f1-score": 0.0, "support": 45}, "70": {"precision": 0.125, "recall": 0.11627906976744186, "f1-score": 0.12048192771084337, "support": 43}, "71": {"precision": 0.0, "recall": 0.0, "f1-score": 0.0, "support": 47}, "72": {"precision": 0.0, "recall": 0.0, "f1-score": 0.0, "support": 234}, "73": {"precision": 0.087248322147651, "recall": 0.948905109489051, "f1-score": 0.15980331899200984, "support": 137}, "74": {"precision": 0.09101251422070535, "recall": 0.8247422680412371, "f1-score": 0.1639344262295082, "support": 97}, "75": {"precision": 0.3999520153550864, "recall": 0.9386261261261262, "f1-score": 0.5609017496635262, "support": 1776}, "76": {"precision": 0.5259287925696594, "recall": 0.6446869070208728, "f1-score": 0.5792838874680306, "support": 2108}, "77": {"precision": 0.08064516129032258,