{"0": {"precision": 0.8, "recall": 0.8, "f1-score": 0.8000000000000002, "support": 5}, "4": {"precision": 0.0, "recall": 0.0, "f1-score": 0.0, "support": 0}, "8": {"precision": 0.0, "recall": 0.0, "f1-score": 0.0, "support": 0}, "11": {"precision": 0.25, "recall": 1.0, "f1-score": 0.4, "support": 2}, "12": {"precision": 0.8, "recall": 0.5333333333333333, "f1-score": 0.64, "support": 15}, "13": {"precision": 0.4, "recall": 0.4, "f1-score": 0.4000000000000001, "support": 5}, "14": {"precision": 0.0, "recall": 0.0, "f1-score": 0.0, "support": 0}, "16": {"precision": 0.8461538461538461, "recall": 0.2894736842105263, "f1-score": 0.4313725490196079, "support": 38}, "17": {"precision": 0.0, "recall": 0.0, "f1-score": 0.0, "support": 0}, "22": {"precision": 0.8333333333333334, "recall": 0.8333333333333334, "f1-score": 0.8333333333333334, "support": 6}, "23": {"precision": 0.6666666666666666, "recall": 1.0, "f1-score": 0.8, "support": 6}, "27": {"precision": 0.375, "recall": 1.0, "f1-score": 0.5454545454545454, "support": 3}, "29": {"precision": 0.13636363636363635, "recall": 0.3157894736842105, "f1-score": 0.19047619047619047, "support": 19}, "31": {"precision": 0.5, "recall": 0.3333333333333333, "f1-score": 0.4, "support": 3}, "36": {"precision": 0.0, "recall": 0.0, "f1-score": 0.0, "support": 0}, "37": {"precision": 1.0, "recall": 1.0, "f1-score": 1.0, "support": 4}, "43": {"precision": 0.5, "recall": 0.2, "f1-score": 0.28571428571428575, "support": 5}, "44": {"precision": 0.5, "recall": 0.3333333333333333, "f1-score": 0.4, "support": 6}, "46": {"precision": 0.8620689655172413, "recall": 0.4166666666666667, "f1-score": 0.5617977528089887, "support": 60}, "48": {"precision": 0.0, "recall": 0.0, "f1-score": 0.0, "support": 0}, "49": {"precision": 0.25, "recall": 1.0, "f1-score": 0.4, "support": 1}, "51": {"precision": 0.0, "recall": 0.0, "f1-score": 0.0, "support": 2}, "53": {"precision": 0.0, "recall": 0.0, "f1-score": 0.0, "support": 1}, "56": {"precision": 0.0, "recall": 0.0, "f1-score": 0.0, "support": 1}, "59": {"precision": 0.0, "recall": 0.0, "f1-score": 0.0, "support": 3}, "61": {"precision": 0.14285714285714285, "recall": 1.0, "f1-score": 0.25, "support": 1}, "62": {"precision": 0.2222222222222222, "recall": 0.3333333333333333, "f1-score": 0.26666666666666666, "support": 6}, "65": {"precision": 0.0, "recall": 0.0, "f1-score": 0.0, "support": 0}, "68": {"precision": 0.0, "recall": 0.0, "f1-score": 0.0, "support": 0}, "70": {"precision": 0.6428571428571429, "recall": 0.6428571428571429, "f1-score": 0.6428571428571429, "support": 14}, "71": {"precision": 0.0, "recall": 0.0, "f1-score": 0.0, "support": 0}, "73": {"precision": 0.46875, "recall": 0.7142857142857143, "f1-score": 0.5660377358490566, "support": 21}, "74": {"precision": 0.0, "recall": 0.0, "f1-score": 0.0, "support": 15}, "75": {"precision": 0.5714285714285714, "recall": 0.17391304347826086, "f1-score": 0.26666666666666666, "support": 23}, "76": {"precision": 0.0, "recall": 0.0, "f1-score": 0.0, "support": 2}, "77": {"precision": 0.9473684210526315, "recall": 1.0, "f1-score": 0.972972972972973, "support": 18}, "accuracy": 0.45614035087719296, "macro avg": {"precision": 0.3254186096792343, "recall": 0.369990344218033, "f1-score": 0.3070374956060961, "support": 285}, "weighted avg": {"precision": 0.6205590258729289, "recall": 0.45614035087719296, "f1-score": 0.48199173338576895, "support": 285}}