{"0": {"precision": 0.2857142857142857, "recall": 1.0, "f1-score": 0.4444444444444445, "support": 4}, "6": {"precision": 0.0, "recall": 0.0, "f1-score": 0.0, "support": 0}, "11": {"precision": 0.8571428571428571, "recall": 1.0, "f1-score": 0.923076923076923, "support": 6}, "12": {"precision": 0.875, "recall": 0.7368421052631579, "f1-score": 0.7999999999999999, "support": 19}, "13": {"precision": 0.75, "recall": 0.6666666666666666, "f1-score": 0.7058823529411765, "support": 9}, "16": {"precision": 0.8636363636363636, "recall": 0.4634146341463415, "f1-score": 0.6031746031746033, "support": 41}, "17": {"precision": 0.0, "recall": 0.0, "f1-score": 0.0, "support": 0}, "22": {"precision": 0.7, "recall": 0.875, "f1-score": 0.7777777777777777, "support": 8}, "23": {"precision": 1.0, "recall": 1.0, "f1-score": 1.0, "support": 2}, "27": {"precision": 1.0, "recall": 1.0, "f1-score": 1.0, "support": 1}, "29": {"precision": 0.3333333333333333, "recall": 0.7333333333333333, "f1-score": 0.45833333333333326, "support": 15}, "31": {"precision": 1.0, "recall": 1.0, "f1-score": 1.0, "support": 6}, "36": {"precision": 0.5, "recall": 0.5, "f1-score": 0.5, "support": 2}, "37": {"precision": 0.5, "recall": 1.0, "f1-score": 0.6666666666666666, "support": 1}, "43": {"precision": 1.0, "recall": 1.0, "f1-score": 1.0, "support": 3}, "44": {"precision": 0.5714285714285714, "recall": 0.6666666666666666, "f1-score": 0.6153846153846153, "support": 6}, "46": {"precision": 0.9130434782608695, "recall": 0.3442622950819672, "f1-score": 0.5, "support": 61}, "49": {"precision": 0.4, "recall": 0.6666666666666666, "f1-score": 0.5, "support": 3}, "51": {"precision": 0.07692307692307693, "recall": 1.0, "f1-score": 0.14285714285714288, "support": 1}, "53": {"precision": 1.0, "recall": 1.0, "f1-score": 1.0, "support": 2}, "56": {"precision": 1.0, "recall": 1.0, "f1-score": 1.0, "support": 1}, "59": {"precision": 0.6666666666666666, "recall": 1.0, "f1-score": 0.8, "support": 2}, "60": {"precision": 0.0, "recall": 0.0, "f1-score": 0.0, "support": 0}, "62": {"precision": 0.2, "recall": 0.6666666666666666, "f1-score": 0.30769230769230765, "support": 3}, "65": {"precision": 0.0, "recall": 0.0, "f1-score": 0.0, "support": 0}, "67": {"precision": 0.0, "recall": 0.0, "f1-score": 0.0, "support": 1}, "68": {"precision": 1.0, "recall": 1.0, "f1-score": 1.0, "support": 1}, "70": {"precision": 0.8095238095238095, "recall": 0.9444444444444444, "f1-score": 0.8717948717948718, "support": 18}, "71": {"precision": 0.5, "recall": 1.0, "f1-score": 0.6666666666666666, "support": 1}, "73": {"precision": 0.9444444444444444, "recall": 1.0, "f1-score": 0.9714285714285714, "support": 17}, "74": {"precision": 1.0, "recall": 1.0, "f1-score": 1.0, "support": 12}, "75": {"precision": 0.76, "recall": 0.6785714285714286, "f1-score": 0.7169811320754718, "support": 28}, "77": {"precision": 1.0, "recall": 1.0, "f1-score": 1.0, "support": 11}, "accuracy": 0.6807017543859649, "macro avg": {"precision": 0.6214199056689175, "recall": 0.7255313608335557, "f1-score": 0.6355200427065022, "support": 285}, "weighted avg": {"precision": 0.8102149801211586, "recall": 0.6807017543859649, "f1-score": 0.6970884268118336, "support": 285}}