{"0": {"precision": 0.875, "recall": 1.0, "f1-score": 0.9333333333333333, "support": 7}, "4": {"precision": 0.0, "recall": 0.0, "f1-score": 0.0, "support": 0}, "6": {"precision": 0.0, "recall": 0.0, "f1-score": 0.0, "support": 0}, "11": {"precision": 0.9, "recall": 1.0, "f1-score": 0.9473684210526316, "support": 9}, "12": {"precision": 0.875, "recall": 0.875, "f1-score": 0.875, "support": 16}, "13": {"precision": 0.8888888888888888, "recall": 1.0, "f1-score": 0.9411764705882353, "support": 8}, "16": {"precision": 0.7931034482758621, "recall": 0.6571428571428571, "f1-score": 0.71875, "support": 35}, "17": {"precision": 0.0, "recall": 0.0, "f1-score": 0.0, "support": 0}, "21": {"precision": 0.0, "recall": 0.0, "f1-score": 0.0, "support": 0}, "22": {"precision": 0.9090909090909091, "recall": 1.0, "f1-score": 0.9523809523809523, "support": 10}, "23": {"precision": 1.0, "recall": 1.0, "f1-score": 1.0, "support": 2}, "27": {"precision": 0.5, "recall": 1.0, "f1-score": 0.6666666666666666, "support": 1}, "29": {"precision": 0.6, "recall": 1.0, "f1-score": 0.7499999999999999, "support": 15}, "31": {"precision": 0.6, "recall": 1.0, "f1-score": 0.7499999999999999, "support": 3}, "36": {"precision": 0.0, "recall": 0.0, "f1-score": 0.0, "support": 1}, "37": {"precision": 0.8, "recall": 1.0, "f1-score": 0.888888888888889, "support": 4}, "43": {"precision": 0.0, "recall": 0.0, "f1-score": 0.0, "support": 0}, "44": {"precision": 0.75, "recall": 0.5, "f1-score": 0.6, "support": 6}, "46": {"precision": 0.9761904761904762, "recall": 0.6833333333333333, "f1-score": 0.803921568627451, "support": 60}, "49": {"precision": 0.6666666666666666, "recall": 1.0, "f1-score": 0.8, "support": 2}, "51": {"precision": 0.09090909090909091, "recall": 0.5, "f1-score": 0.15384615384615385, "support": 2}, "56": {"precision": 1.0, "recall": 1.0, "f1-score": 1.0, "support": 3}, "59": {"precision": 1.0, "recall": 1.0, "f1-score": 1.0, "support": 3}, "61": {"precision": 0.0, "recall": 0.0, "f1-score": 0.0, "support": 1}, "62": {"precision": 0.5, "recall": 0.75, "f1-score": 0.6, "support": 4}, "67": {"precision": 0.2, "recall": 1.0, "f1-score": 0.33333333333333337, "support": 1}, "70": {"precision": 0.6, "recall": 0.8571428571428571, "f1-score": 0.7058823529411764, "support": 14}, "71": {"precision": 1.0, "recall": 0.5, "f1-score": 0.6666666666666666, "support": 2}, "73": {"precision": 0.9375, "recall": 0.9375, "f1-score": 0.9375, "support": 16}, "74": {"precision": 1.0, "recall": 1.0, "f1-score": 1.0, "support": 15}, "75": {"precision": 0.3333333333333333, "recall": 0.043478260869565216, "f1-score": 0.07692307692307691, "support": 23}, "77": {"precision": 1.0, "recall": 0.8636363636363636, "f1-score": 0.9268292682926829, "support": 22}, "accuracy": 0.7578947368421053, "macro avg": {"precision": 0.5873650879173509, "recall": 0.6614760522539056, "f1-score": 0.5946395985481641, "support": 285}, "weighted avg": {"precision": 0.8124171496313057, "recall": 0.7578947368421053, "f1-score": 0.7608520117136736, "support": 285}}