{"0": {"precision": 0.10721333040999781, "recall": 0.7836538461538461, "f1-score": 0.18862102217936355, "support": 624}, "1": {"precision": 0.15203021718602455, "recall": 0.3245967741935484, "f1-score": 0.20707395498392284, "support": 496}, "2": {"precision": 0.03058823529411765, "recall": 0.5652173913043478, "f1-score": 0.05803571428571429, "support": 23}, "3": {"precision": 0.0, "recall": 0.0, "f1-score": 0.0, "support": 159}, "4": {"precision": 0.3, "recall": 0.8333333333333334, "f1-score": 0.4411764705882353, "support": 18}, "5": {"precision": 0.2296954314720812, "recall": 0.905, "f1-score": 0.36639676113360325, "support": 200}, "6": {"precision": 0.6013071895424836, "recall": 0.5609756097560976, "f1-score": 0.5804416403785488, "support": 164}, "7": {"precision": 0.4771341463414634, "recall": 0.9873817034700315, "f1-score": 0.6433710174717369, "support": 317}, "8": {"precision": 0.41445783132530123, "recall": 0.378021978021978, "f1-score": 0.39540229885057476, "support": 455}, "9": {"precision": 0.0821256038647343, "recall": 0.8095238095238095, "f1-score": 0.14912280701754388, "support": 63}, "10": {"precision": 0.03664087391898043, "recall": 0.4535211267605634, "f1-score": 0.06780374815750685, "support": 355}, "11": {"precision": 0.16666666666666666, "recall": 0.0006464124111182935, "f1-score": 0.00128783000643915, "support": 1547}, "12": {"precision": 0.7333333333333333, "recall": 0.34375, "f1-score": 0.4680851063829787, "support": 160}, "13": {"precision": 0.4676258992805755, "recall": 0.4184549356223176, "f1-score": 0.44167610419026043, "support": 466}, "14": {"precision": 0.21739130434782608, "recall": 0.08928571428571429, "f1-score": 0.12658227848101267, "support": 56}, "15": {"precision": 0.0, "recall": 0.0, "f1-score": 0.0, "support": 1294}, "16": {"precision": 0.0, "recall": 0.0, "f1-score": 0.0, "support": 124}, "17": {"precision": 0.0, "recall": 0.0, "f1-score": 0.0, "support": 590}, "18": {"precision": 0.29328621908127206, "recall": 0.7685185185185185, "f1-score": 0.42455242966751916, "support": 216}, "19": {"precision": 0.11538461538461539, "recall": 0.14754098360655737, "f1-score": 0.12949640287769787, "support": 61}, "20": {"precision": 0.0, "recall": 0.0, "f1-score": 0.0, "support": 25}, "21": {"precision": 0.07268170426065163, "recall": 0.49033816425120774, "f1-score": 0.12659806672903023, "support": 414}, "22": {"precision": 0.0962962962962963, "recall": 0.10743801652892562, "f1-score": 0.1015625, "support": 121}, "23": {"precision": 0.0, "recall": 0.0, "f1-score": 0.0, "support": 145}, "24": {"precision": 0.0, "recall": 0.0, "f1-score": 0.0, "support": 124}, "25": {"precision": 0.6, "recall": 0.015706806282722512, "f1-score": 0.030612244897959186, "support": 191}, "26": {"precision": 0.7666666666666667, "recall": 0.012358946802794197, "f1-score": 0.024325753569539924, "support": 1861}, "27": {"precision": 0.09090909090909091, "recall": 0.19047619047619047, "f1-score": 0.12307692307692307, "support": 21}, "28": {"precision": 0.0, "recall": 0.0, "f1-score": 0.0, "support": 123}, "29": {"precision": 0.0, "recall": 0.0, "f1-score": 0.0, "support": 38}, "30": {"precision": 0.1935483870967742, "recall": 0.09090909090909091, "f1-score": 0.1237113402061856, "support": 66}, "31": {"precision": 0.0, "recall": 0.0, "f1-score": 0.0, "support": 33}, "32": {"precision": 0.09884726224783862, "recall": 0.6832669322709163, "f1-score": 0.17270896273917424, "support": 502}, "33": {"precision": 0.22413793103448276, "recall": 0.06435643564356436, "f1-score": 0.1, "support": 202}, "34": {"precision": 0.0, "recall": 0.0, "f1-score": 0.0, "support": 239}, "35": {"precision": 0.0, "recall": 0.0, "f1-score": 0.0, "support": 109}, "36": {"precision": 1.0, "recall": 0.002785515320334262, "f1-score": 0.005555555555555556, "support": 359}, "37": {"precision": 0.0, "recall": 0.0, "f1-score": 0.0, "support": 21}, "38": {"precision": 1.0, "recall": 0.0018281535648994515, "f1-score": 0.0036496350364963507, "support": 1094}, "39": {"precision": 0.6666666666666666, "recall": 0.0425531914893617, "f1-score": 0.08, "support": 47}, "40": {"precision": 0.0, "recall": 0.0, "f1-score": 0.0, "support": 322}, "41": {"precision": 0.10340665236051502, "recall": 0.4753390875462392, "f1-score": 0.16986120290812953, "support": 1622}, "42": {"precision": 0.08386292834890965, "recall": 0.9412587412587412, "f1-score": 0.1540045766590389, "support": 715}, "43": {"precision": 0.4811342327921335, "recall": 0.8825503355704698, "f1-score": 0.622761580583099, "support": 2384}, "44": {"precision": 0.023255813953488372, "recall": 0.012987012987012988, "f1-score": 0.016666666666666663, "support": 77}, "45": {"precision": 0.0, "recall": 0.0, "f1-score": 0.0, "support": 120}, "46": {"precision": 0.15625, "recall": 0.39215686274509803, "f1-score": 0.223463687150838, "support": 51}, "47": {"precision": 0.04225352112676056, "recall": 0.08823529411764706, "f1-score": 0.05714285714285714, "support": 34}, "48": {"precision": 0.1791044776119403, "recall": 0.7058823529411765, "f1-score": 0.28571428571428575, "support": 34}, "49": {"precision": 0.18681318681318682, "recall": 0.37777777777777777, "f1-score": 0.25, "support": 90}, "50": {"precision": 0.2972972972972973, "recall": 0.13253012048192772, "f1-score": 0.18333333333333335, "support": 83}, "51": {"precision": 1.0, "recall": 0.023809523809523808, "f1-score": 0.046511627906976744, "support": 42}, "52": {"precision": 1.0, "recall": 0.034013605442176874, "f1-score": 0.06578947368421054, "support": 147}, "53": {"precision": 0.9860896445131375, "recall": 0.30548240363897533, "f1-score": 0.46645951380003653, "support": 4177}, "54": {"precision": 0.2413793103448276, "recall": 0.0030303030303030303, "f1-score": 0.005985463873450192, "support": 2310}, "55": {"precision": 0.0, "recall": 0.0, "f1-score": 0.0, "support": 689}, "56": {"precision": 0.26785714285714285, "recall": 0.32432432432432434, "f1-score": 0.293398533007335, "support": 185}, "57": {"precision": 0.19911783238815375, "recall": 0.5023847376788553, "f1-score": 0.2851985559566787, "support": 629}, "58": {"precision": 0.15138772077375945, "recall": 0.8181818181818182, "f1-score": 0.25550035486160394, "support": 220}, "59": {"precision": 0.0, "recall": 0.0, "f1-score": 0.0, "support": 343}, "60": {"precision": 0.0, "recall": 0.0, "f1-score": 0.0, "support": 42}, "61": {"precision": 0.07042253521126761, "recall": 0.0010471204188481676, "f1-score": 0.002063557573256294, "support": 4775}, "62": {"precision": 0.6690401594987183, "recall": 0.92456048281291, "f1-score": 0.7763150647204627, "support": 7622}, "63": {"precision": 0.5670128585558852, "recall": 0.676002358490566, "f1-score": 0.6167294244217321, "support": 13568}, "64": {"precision": 0.02957054226089759, "recall": 0.8456221198156681, "f1-score": 0.057142857142857134, "support": 434}, "65": {"precision": 0.13333333333333333, "recall": 0.8282828282828283, "f1-score": 0.22969187675070027, "support": 198}, "66": {"precision": 0.0, "recall": 0.0, "f1-score": 0.0, "support": 47}, "67": {"precision": 0.0, "recall": 0.0, "f1-score": 0.0, "support": 103}, "68": {"precision": 0.5961538461538461, "recall": 0.5535714285714286, "f1-score": 0.5740740740740741, "support": 56}, "69": {"precision": 1.0, "recall": 0.04878048780487805, "f1-score": 0.09302325581395349, "support": 41}, "70": {"precision": 0.0013351134846461949, "recall": 0.05405405405405406, "f1-score": 0.0026058631921824105, "support": 37}, "71": {"precision": 0.0, "recall": 0.0, "f1-score": 0.0, "support": 62}, "72": {"precision": 0.0, "recall": 0.0, "f1-score": 0.0, "support": 202}, "73": {"precision": 0.10148514851485149, "recall": 0.924812030075188, "f1-score": 0.18289962825278813, "support": 133}, "74": {"precision": 0.05045871559633028, "recall": 0.8073394495412844, "f1-score": 0.09498111171073934, "support": 109}, "75": {"precision": 0.4081441610109993, "recall": 0.9504087193460491, "f1-score": 0.5710543549443353, "support": 1835}, "76": {"precision": 0.49004120879120877,