{"0": {"precision": 0.7142857142857143, "recall": 0.7142857142857143, "f1-score": 0.7142857142857143, "support": 7}, "3": {"precision": 0.0, "recall": 0.0, "f1-score": 0.0, "support": 0}, "4": {"precision": 0.0, "recall": 0.0, "f1-score": 0.0, "support": 0}, "11": {"precision": 0.75, "recall": 1.0, "f1-score": 0.8571428571428571, "support": 9}, "12": {"precision": 1.0, "recall": 0.5625, "f1-score": 0.72, "support": 16}, "13": {"precision": 0.5555555555555556, "recall": 0.625, "f1-score": 0.5882352941176471, "support": 8}, "15": {"precision": 0.0, "recall": 0.0, "f1-score": 0.0, "support": 0}, "16": {"precision": 0.75, "recall": 0.2571428571428571, "f1-score": 0.3829787234042553, "support": 35}, "17": {"precision": 0.0, "recall": 0.0, "f1-score": 0.0, "support": 0}, "19": {"precision": 0.0, "recall": 0.0, "f1-score": 0.0, "support": 0}, "22": {"precision": 0.8888888888888888, "recall": 0.8, "f1-score": 0.8421052631578948, "support": 10}, "23": {"precision": 1.0, "recall": 1.0, "f1-score": 1.0, "support": 2}, "27": {"precision": 0.2, "recall": 1.0, "f1-score": 0.33333333333333337, "support": 1}, "29": {"precision": 0.5625, "recall": 0.6, "f1-score": 0.5806451612903225, "support": 15}, "31": {"precision": 1.0, "recall": 1.0, "f1-score": 1.0, "support": 3}, "36": {"precision": 0.0, "recall": 0.0, "f1-score": 0.0, "support": 1}, "37": {"precision": 1.0, "recall": 0.75, "f1-score": 0.8571428571428571, "support": 4}, "40": {"precision": 0.0, "recall": 0.0, "f1-score": 0.0, "support": 0}, "43": {"precision": 0.0, "recall": 0.0, "f1-score": 0.0, "support": 0}, "44": {"precision": 0.3333333333333333, "recall": 0.6666666666666666, "f1-score": 0.4444444444444444, "support": 6}, "46": {"precision": 0.7804878048780488, "recall": 0.5333333333333333, "f1-score": 0.6336633663366336, "support": 60}, "48": {"precision": 0.0, "recall": 0.0, "f1-score": 0.0, "support": 0}, "49": {"precision": 0.25, "recall": 0.5, "f1-score": 0.3333333333333333, "support": 2}, "51": {"precision": 0.0, "recall": 0.0, "f1-score": 0.0, "support": 2}, "53": {"precision": 0.0, "recall": 0.0, "f1-score": 0.0, "support": 0}, "56": {"precision": 1.0, "recall": 1.0, "f1-score": 1.0, "support": 3}, "59": {"precision": 0.5, "recall": 0.6666666666666666, "f1-score": 0.5714285714285715, "support": 3}, "60": {"precision": 0.0, "recall": 0.0, "f1-score": 0.0, "support": 0}, "61": {"precision": 0.3333333333333333, "recall": 1.0, "f1-score": 0.5, "support": 1}, "62": {"precision": 0.0, "recall": 0.0, "f1-score": 0.0, "support": 4}, "65": {"precision": 0.0, "recall": 0.0, "f1-score": 0.0, "support": 0}, "67": {"precision": 0.0, "recall": 0.0, "f1-score": 0.0, "support": 1}, "70": {"precision": 0.6, "recall": 0.8571428571428571, "f1-score": 0.7058823529411764, "support": 14}, "71": {"precision": 0.5, "recall": 0.5, "f1-score": 0.5, "support": 2}, "73": {"precision": 0.45161290322580644, "recall": 0.875, "f1-score": 0.5957446808510638, "support": 16}, "74": {"precision": 0.0, "recall": 0.0, "f1-score": 0.0, "support": 15}, "75": {"precision": 0.5, "recall": 0.13043478260869565, "f1-score": 0.20689655172413793, "support": 23}, "76": {"precision": 0.0, "recall": 0.0, "f1-score": 0.0, "support": 0}, "77": {"precision": 0.95, "recall": 0.8636363636363636, "f1-score": 0.9047619047619048, "support": 22}, "accuracy": 0.543859649122807, "macro avg": {"precision": 0.37487173162822257, "recall": 0.40773869849956806, "f1-score": 0.36594934383836275, "support": 285}, "weighted avg": {"precision": 0.6602078645998684, "recall": 0.543859649122807, "f1-score": 0.560989928618393, "support": 285}}