{"0": {"precision": 0.07142857142857142, "recall": 0.11557788944723618, "f1-score": 0.08829174664107485, "support": 597}, "1": {"precision": 0.06850117096018736, "recall": 0.23541247484909456, "f1-score": 0.10612244897959183, "support": 497}, "2": {"precision": 0.001941747572815534, "recall": 0.05555555555555555, "f1-score": 0.00375234521575985, "support": 18}, "3": {"precision": 0.1927710843373494, "recall": 0.22377622377622378, "f1-score": 0.20711974110032363, "support": 143}, "4": {"precision": 0.006734006734006734, "recall": 0.15384615384615385, "f1-score": 0.012903225806451613, "support": 13}, "5": {"precision": 0.04398826979472141, "recall": 0.08333333333333333, "f1-score": 0.05758157389635317, "support": 180}, "6": {"precision": 0.08812260536398467, "recall": 0.17037037037037037, "f1-score": 0.11616161616161616, "support": 135}, "7": {"precision": 0.5970149253731343, "recall": 0.7547169811320755, "f1-score": 0.6666666666666666, "support": 318}, "8": {"precision": 0.10941043083900227, "recall": 0.4279379157427938, "f1-score": 0.17426636568848758, "support": 451}, "9": {"precision": 0.049773755656108594, "recall": 0.39285714285714285, "f1-score": 0.08835341365461848, "support": 56}, "10": {"precision": 0.18450704225352113, "recall": 0.3753581661891118, "f1-score": 0.24740321057601514, "support": 349}, "11": {"precision": 0.20170454545454544, "recall": 0.1392156862745098, "f1-score": 0.16473317865429232, "support": 1530}, "12": {"precision": 0.6564102564102564, "recall": 0.757396449704142, "f1-score": 0.7032967032967032, "support": 169}, "13": {"precision": 0.026593499366821444, "recall": 0.13263157894736843, "f1-score": 0.04430379746835443, "support": 475}, "14": {"precision": 0.007751937984496124, "recall": 0.04838709677419355, "f1-score": 0.013363028953229397, "support": 62}, "15": {"precision": 0.05481283422459893, "recall": 0.06544293695131684, "f1-score": 0.05965805747544562, "support": 1253}, "16": {"precision": 0.008797653958944282, "recall": 0.07377049180327869, "f1-score": 0.01572052401746725, "support": 122}, "17": {"precision": 0.45977011494252873, "recall": 0.19834710743801653, "f1-score": 0.2771362586605081, "support": 605}, "18": {"precision": 0.004389815627743635, "recall": 0.024509803921568627, "f1-score": 0.007446016381236039, "support": 204}, "19": {"precision": 0.024691358024691357, "recall": 0.06451612903225806, "f1-score": 0.03571428571428571, "support": 62}, "20": {"precision": 0.07079646017699115, "recall": 0.2962962962962963, "f1-score": 0.1142857142857143, "support": 27}, "21": {"precision": 0.03520536462699078, "recall": 0.10741687979539642, "f1-score": 0.05303030303030304, "support": 391}, "22": {"precision": 0.011194029850746268, "recall": 0.08490566037735849, "f1-score": 0.01978021978021978, "support": 106}, "23": {"precision": 0.10526315789473684, "recall": 0.3247863247863248, "f1-score": 0.15899581589958156, "support": 117}, "24": {"precision": 0.042704626334519574, "recall": 0.10084033613445378, "f1-score": 0.06, "support": 119}, "25": {"precision": 0.2842377260981912, "recall": 0.5116279069767442, "f1-score": 0.3654485049833887, "support": 215}, "26": {"precision": 0.08363201911589008, "recall": 0.03852504127682994, "f1-score": 0.05275056518462698, "support": 1817}, "27": {"precision": 0.015296367112810707, "recall": 0.2962962962962963, "f1-score": 0.02909090909090909, "support": 27}, "28": {"precision": 0.12209302325581395, "recall": 0.2, "f1-score": 0.15162454873646208, "support": 105}, "29": {"precision": 0.014925373134328358, "recall": 0.35294117647058826, "f1-score": 0.028639618138424822, "support": 34}, "30": {"precision": 0.016611295681063124, "recall": 0.08064516129032258, "f1-score": 0.027548209366391185, "support": 62}, "31": {"precision": 0.1134020618556701, "recall": 0.6285714285714286, "f1-score": 0.19213973799126635, "support": 35}, "32": {"precision": 0.04961832061068702, "recall": 0.18724279835390947, "f1-score": 0.07844827586206896, "support": 486}, "33": {"precision": 0.1036468330134357, "recall": 0.27, "f1-score": 0.14979195561719835, "support": 200}, "34": {"precision": 0.04039167686658507, "recall": 0.14798206278026907, "f1-score": 0.06346153846153847, "support": 223}, "35": {"precision": 0.09006211180124224, "recall": 0.2815533980582524, "f1-score": 0.13647058823529412, "support": 103}, "36": {"precision": 0.10779220779220779, "recall": 0.20048309178743962, "f1-score": 0.14020270270270271, "support": 414}, "37": {"precision": 0.03333333333333333, "recall": 0.2777777777777778, "f1-score": 0.05952380952380952, "support": 18}, "38": {"precision": 0.4137426900584795, "recall": 0.25774134790528236, "f1-score": 0.31762065095398434, "support": 1098}, "39": {"precision": 0.04507042253521127, "recall": 0.4, "f1-score": 0.0810126582278481, "support": 40}, "40": {"precision": 0.014953271028037384, "recall": 0.02867383512544803, "f1-score": 0.01965601965601966, "support": 279}, "41": {"precision": 0.05720572057205721, "recall": 0.032642812303829254, "f1-score": 0.04156674660271783, "support": 1593}, "42": {"precision": 0.058351568198395334, "recall": 0.12269938650306748, "f1-score": 0.07909045971329709, "support": 652}, "43": {"precision": 0.1423290203327172, "recall": 0.03211009174311927, "f1-score": 0.05239877509356924, "support": 2398}, "44": {"precision": 0.03814262023217247, "recall": 0.24731182795698925, "f1-score": 0.06609195402298851, "support": 93}, "45": {"precision": 0.10569105691056911, "recall": 0.52, "f1-score": 0.17567567567567569, "support": 125}, "46": {"precision": 0.01050420168067227, "recall": 0.07246376811594203, "f1-score": 0.01834862385321101, "support": 69}, "47": {"precision": 0.022113022113022112, "recall": 0.16666666666666666, "f1-score": 0.039045553145336226, "support": 54}, "48": {"precision": 0.010507880910683012, "recall": 0.15, "f1-score": 0.01963993453355155, "support": 40}, "49": {"precision": 0.007980845969672785, "recall": 0.11363636363636363, "f1-score": 0.014914243102162564, "support": 88}, "50": {"precision": 0.09497206703910614, "recall": 0.23943661971830985, "f1-score": 0.136, "support": 71}, "51": {"precision": 0.00411522633744856, "recall": 0.09523809523809523, "f1-score": 0.007889546351084813, "support": 42}, "52": {"precision": 0.10851063829787234, "recall": 0.35664335664335667, "f1-score": 0.16639477977161501, "support": 143}, "53": {"precision": 0.903448275862069, "recall": 0.6245530393325387, "f1-score": 0.7385482734319943, "support": 4195}, "54": {"precision": 0.19867109634551494, "recall": 0.12494776431257835, "f1-score": 0.1534120061570036, "support": 2393}, "55": {"precision": 0.07195631223899775, "recall": 0.3132867132867133, "f1-score": 0.11703239289446186, "support": 715}, "56": {"precision": 0.2540045766590389, "recall": 0.7025316455696202, "f1-score": 0.37310924369747905, "support": 158}, "57": {"precision": 0.044633901705115345, "recall": 0.1410459587955626, "f1-score": 0.0678095238095238, "support": 631}, "58": {"precision": 0.39816933638443935, "recall": 0.8169014084507042, "f1-score": 0.5353846153846153, "support": 213}, "59": {"precision": 0.5080385852090032, "recall": 0.46745562130177515, "f1-score": 0.4869029275808937, "support": 338}, "60": {"precision": 0.025386313465783666, "recall": 0.4423076923076923, "f1-score": 0.04801670146137787, "support": 52}, "61": {"precision": 0.1789906103286385, "recall": 0.06283477544293366, "f1-score": 0.09301616346447088, "support": 4854}, "62": {"precision": 0.768289251547552, "recall": 0.7128312230779271, "f1-score": 0.7395219716974744, "support": 7661}, "63": {"precision": 0.4453632604843473, "recall": 0.11089866156787763, "f1-score": 0.17757889778615168, "support": 13598}, "64": {"precision": 0.049586776859504134, "recall": 0.16744186046511628, "f1-score": 0.0765143464399575, "support": 430}, "65": {"precision": 0.17352056168505517, "recall": 0.7330508474576272, "f1-score": 0.28061638280616386, "support": 236}, "66": {"precision": 0.06756756756756757, "recall": 0.40816326530612246,