{"0": {"precision": 0.38461538461538464, "recall": 0.7142857142857143, "f1-score": 0.5, "support": 7}, "3": {"precision": 0.0, "recall": 0.0, "f1-score": 0.0, "support": 0}, "4": {"precision": 0.0, "recall": 0.0, "f1-score": 0.0, "support": 0}, "11": {"precision": 0.5294117647058824, "recall": 1.0, "f1-score": 0.6923076923076924, "support": 9}, "12": {"precision": 1.0, "recall": 0.75, "f1-score": 0.8571428571428571, "support": 16}, "13": {"precision": 0.8888888888888888, "recall": 1.0, "f1-score": 0.9411764705882353, "support": 8}, "14": {"precision": 0.0, "recall": 0.0, "f1-score": 0.0, "support": 0}, "15": {"precision": 0.0, "recall": 0.0, "f1-score": 0.0, "support": 0}, "16": {"precision": 0.5454545454545454, "recall": 0.17142857142857143, "f1-score": 0.26086956521739124, "support": 35}, "17": {"precision": 0.0, "recall": 0.0, "f1-score": 0.0, "support": 0}, "22": {"precision": 0.6666666666666666, "recall": 1.0, "f1-score": 0.8, "support": 10}, "23": {"precision": 0.4, "recall": 1.0, "f1-score": 0.5714285714285715, "support": 2}, "27": {"precision": 0.3333333333333333, "recall": 1.0, "f1-score": 0.5, "support": 1}, "29": {"precision": 0.3548387096774194, "recall": 0.7333333333333333, "f1-score": 0.47826086956521735, "support": 15}, "31": {"precision": 0.6, "recall": 1.0, "f1-score": 0.7499999999999999, "support": 3}, "33": {"precision": 0.0, "recall": 0.0, "f1-score": 0.0, "support": 0}, "36": {"precision": 0.0, "recall": 0.0, "f1-score": 0.0, "support": 1}, "37": {"precision": 1.0, "recall": 0.75, "f1-score": 0.8571428571428571, "support": 4}, "44": {"precision": 0.2222222222222222, "recall": 0.3333333333333333, "f1-score": 0.26666666666666666, "support": 6}, "46": {"precision": 0.9230769230769231, "recall": 0.4, "f1-score": 0.5581395348837209, "support": 60}, "48": {"precision": 0.0, "recall": 0.0, "f1-score": 0.0, "support": 0}, "49": {"precision": 0.0, "recall": 0.0, "f1-score": 0.0, "support": 2}, "51": {"precision": 0.0, "recall": 0.0, "f1-score": 0.0, "support": 2}, "53": {"precision": 0.0, "recall": 0.0, "f1-score": 0.0, "support": 0}, "56": {"precision": 0.0, "recall": 0.0, "f1-score": 0.0, "support": 3}, "59": {"precision": 1.0, "recall": 0.6666666666666666, "f1-score": 0.8, "support": 3}, "61": {"precision": 0.0, "recall": 0.0, "f1-score": 0.0, "support": 1}, "62": {"precision": 0.0, "recall": 0.0, "f1-score": 0.0, "support": 4}, "65": {"precision": 0.0, "recall": 0.0, "f1-score": 0.0, "support": 0}, "66": {"precision": 0.0, "recall": 0.0, "f1-score": 0.0, "support": 0}, "67": {"precision": 0.0, "recall": 0.0, "f1-score": 0.0, "support": 1}, "70": {"precision": 0.625, "recall": 0.7142857142857143, "f1-score": 0.6666666666666666, "support": 14}, "71": {"precision": 0.0, "recall": 0.0, "f1-score": 0.0, "support": 2}, "73": {"precision": 0.4, "recall": 0.875, "f1-score": 0.5490196078431373, "support": 16}, "74": {"precision": 0.0, "recall": 0.0, "f1-score": 0.0, "support": 15}, "75": {"precision": 0.375, "recall": 0.13043478260869565, "f1-score": 0.19354838709677416, "support": 23}, "77": {"precision": 0.95, "recall": 0.8636363636363636, "f1-score": 0.9047619047619048, "support": 22}, "accuracy": 0.5052631578947369, "macro avg": {"precision": 0.30266239023354774, "recall": 0.3541190399886052, "f1-score": 0.30127382841382955, "support": 285}, "weighted avg": {"precision": 0.6069282917185644, "recall": 0.5052631578947369, "f1-score": 0.5002197791828451, "support": 285}}