{"0": {"precision": 0.1530847904981854, "recall": 0.7435897435897436, "f1-score": 0.2538987688098495, "support": 624}, "1": {"precision": 0.1723756906077348, "recall": 0.31451612903225806, "f1-score": 0.2226980728051392, "support": 496}, "2": {"precision": 0.027777777777777776, "recall": 0.391304347826087, "f1-score": 0.05187319884726224, "support": 23}, "3": {"precision": 0.0, "recall": 0.0, "f1-score": 0.0, "support": 159}, "4": {"precision": 0.17346938775510204, "recall": 0.9444444444444444, "f1-score": 0.29310344827586204, "support": 18}, "5": {"precision": 0.24828532235939643, "recall": 0.905, "f1-score": 0.38966630785791173, "support": 200}, "6": {"precision": 0.6442953020134228, "recall": 0.5853658536585366, "f1-score": 0.6134185303514376, "support": 164}, "7": {"precision": 0.5269360269360269, "recall": 0.9873817034700315, "f1-score": 0.6871569703622393, "support": 317}, "8": {"precision": 0.6507936507936508, "recall": 0.36043956043956044, "f1-score": 0.46393210749646396, "support": 455}, "9": {"precision": 0.12, "recall": 0.8571428571428571, "f1-score": 0.21052631578947367, "support": 63}, "10": {"precision": 0.04285340998170891, "recall": 0.4619718309859155, "f1-score": 0.0784313725490196, "support": 355}, "11": {"precision": 0.0, "recall": 0.0, "f1-score": 0.0, "support": 1547}, "12": {"precision": 0.7368421052631579, "recall": 0.35, "f1-score": 0.47457627118644063, "support": 160}, "13": {"precision": 0.3404605263157895, "recall": 0.44420600858369097, "f1-score": 0.3854748603351955, "support": 466}, "14": {"precision": 0.07894736842105263, "recall": 0.05357142857142857, "f1-score": 0.06382978723404255, "support": 56}, "15": {"precision": 0.0, "recall": 0.0, "f1-score": 0.0, "support": 1294}, "16": {"precision": 0.0, "recall": 0.0, "f1-score": 0.0, "support": 124}, "17": {"precision": 0.0, "recall": 0.0, "f1-score": 0.0, "support": 590}, "18": {"precision": 0.3227722772277228, "recall": 0.7546296296296297, "f1-score": 0.4521497919556172, "support": 216}, "19": {"precision": 0.1588785046728972, "recall": 0.2786885245901639, "f1-score": 0.20238095238095233, "support": 61}, "20": {"precision": 0.25, "recall": 0.04, "f1-score": 0.06896551724137932, "support": 25}, "21": {"precision": 0.06525423728813559, "recall": 0.5579710144927537, "f1-score": 0.11684370257966616, "support": 414}, "22": {"precision": 0.12903225806451613, "recall": 0.09917355371900827, "f1-score": 0.11214953271028037, "support": 121}, "23": {"precision": 0.5, "recall": 0.006896551724137931, "f1-score": 0.013605442176870748, "support": 145}, "24": {"precision": 0.0, "recall": 0.0, "f1-score": 0.0, "support": 124}, "25": {"precision": 0.782608695652174, "recall": 0.09424083769633508, "f1-score": 0.16822429906542058, "support": 191}, "26": {"precision": 0.8508771929824561, "recall": 0.05212251477700161, "f1-score": 0.09822784810126582, "support": 1861}, "27": {"precision": 0.08, "recall": 0.19047619047619047, "f1-score": 0.11267605633802817, "support": 21}, "28": {"precision": 0.75, "recall": 0.12195121951219512, "f1-score": 0.2097902097902098, "support": 123}, "29": {"precision": 0.0, "recall": 0.0, "f1-score": 0.0, "support": 38}, "30": {"precision": 0.2727272727272727, "recall": 0.2727272727272727, "f1-score": 0.2727272727272727, "support": 66}, "31": {"precision": 0.6, "recall": 0.18181818181818182, "f1-score": 0.27906976744186046, "support": 33}, "32": {"precision": 0.06550218340611354, "recall": 0.6872509960159362, "f1-score": 0.11960478419136765, "support": 502}, "33": {"precision": 0.27710843373493976, "recall": 0.11386138613861387, "f1-score": 0.16140350877192983, "support": 202}, "34": {"precision": 0.0, "recall": 0.0, "f1-score": 0.0, "support": 239}, "35": {"precision": 0.6153846153846154, "recall": 0.07339449541284404, "f1-score": 0.13114754098360656, "support": 109}, "36": {"precision": 0.0, "recall": 0.0, "f1-score": 0.0, "support": 359}, "37": {"precision": 0.0, "recall": 0.0, "f1-score": 0.0, "support": 21}, "38": {"precision": 0.6, "recall": 0.002742230347349177, "f1-score": 0.0054595086442220195, "support": 1094}, "39": {"precision": 0.0, "recall": 0.0, "f1-score": 0.0, "support": 47}, "40": {"precision": 0.0, "recall": 0.0, "f1-score": 0.0, "support": 322}, "41": {"precision": 0.10587767016054132, "recall": 0.4919852034525277, "f1-score": 0.17425483131346217, "support": 1622}, "42": {"precision": 0.0952448144489911, "recall": 0.9440559440559441, "f1-score": 0.17303255575493462, "support": 715}, "43": {"precision": 0.5215066828675577, "recall": 0.9001677852348994, "f1-score": 0.6604092937374981, "support": 2384}, "44": {"precision": 0.3125, "recall": 0.06493506493506493, "f1-score": 0.1075268817204301, "support": 77}, "45": {"precision": 0.2446351931330472, "recall": 0.475, "f1-score": 0.32294617563739375, "support": 120}, "46": {"precision": 0.2988505747126437, "recall": 0.5098039215686274, "f1-score": 0.37681159420289856, "support": 51}, "47": {"precision": 0.3333333333333333, "recall": 0.11764705882352941, "f1-score": 0.1739130434782609, "support": 34}, "48": {"precision": 0.17985611510791366, "recall": 0.7352941176470589, "f1-score": 0.28901734104046245, "support": 34}, "49": {"precision": 0.18857142857142858, "recall": 0.36666666666666664, "f1-score": 0.24905660377358493, "support": 90}, "50": {"precision": 0.4375, "recall": 0.08433734939759036, "f1-score": 0.14141414141414144, "support": 83}, "51": {"precision": 0.0, "recall": 0.0, "f1-score": 0.0, "support": 42}, "52": {"precision": 0.5789473684210527, "recall": 0.07482993197278912, "f1-score": 0.13253012048192772, "support": 147}, "53": {"precision": 0.9881869542886492, "recall": 0.4606176681829064, "f1-score": 0.6283474853037231, "support": 4177}, "54": {"precision": 0.2857142857142857, "recall": 0.003463203463203463, "f1-score": 0.006843455945252354, "support": 2310}, "55": {"precision": 0.0, "recall": 0.0, "f1-score": 0.0, "support": 689}, "56": {"precision": 0.20766773162939298, "recall": 0.35135135135135137, "f1-score": 0.26104417670682734, "support": 185}, "57": {"precision": 0.18192627824019025, "recall": 0.4864864864864865, "f1-score": 0.264820424058849, "support": 629}, "58": {"precision": 0.16859946476360393, "recall": 0.8590909090909091, "f1-score": 0.28187919463087246, "support": 220}, "59": {"precision": 0.9428571428571428, "recall": 0.09620991253644315, "f1-score": 0.17460317460317462, "support": 343}, "60": {"precision": 0.7, "recall": 0.3333333333333333, "f1-score": 0.45161290322580644, "support": 42}, "61": {"precision": 0.08, "recall": 0.000837696335078534, "f1-score": 0.0016580310880829016, "support": 4775}, "62": {"precision": 0.671508592044052, "recall": 0.9279716609813697, "f1-score": 0.7791792894519416, "support": 7622}, "63": {"precision": 0.5671822136297728, "recall": 0.6919221698113207, "f1-score": 0.6233731739707835, "support": 13568}, "64": {"precision": 0.03228715728715729, "recall": 0.8248847926267281, "f1-score": 0.06214198923797953, "support": 434}, "65": {"precision": 0.15525554484088716, "recall": 0.8131313131313131, "f1-score": 0.26072874493927123, "support": 198}, "66": {"precision": 0.0, "recall": 0.0, "f1-score": 0.0, "support": 47}, "67": {"precision": 0.0, "recall": 0.0, "f1-score": 0.0, "support": 103}, "68": {"precision": 0.6415094339622641, "recall": 0.6071428571428571, "f1-score": 0.6238532110091742, "support": 56}, "69": {"precision": 0.6666666666666666, "recall": 0.04878048780487805, "f1-score": 0.0909090909090909, "support": 41}, "70": {"precision": 0.015555555555555555, "recall": 0.1891891891891892, "f1-score": 0.028747433264887063, "support": 37}, "71": {"precision": 0.0, "recall": 0.0, "f1-score": 0.0, "support": 62}, "72": {"precision": 0.0, "recall": 0.0, "f1-score": 0.0, "support": 202}, "73": {"precision": 0.09104367135455219, "recall": 0.924812030075188, "f1-score": 0.16576819407008084, "support": 133}, "74": {"precision": 0.04793756967670011, "recall": 0.7889908256880734, "f1-score": 0.09038360483447189, "support": 109},