{"0": {"precision": 0.08737864077669903, "recall": 0.08653846153846154, "f1-score": 0.08695652173913045, "support": 624}, "1": {"precision": 0.024317617866004962, "recall": 0.09879032258064516, "f1-score": 0.039028275587415374, "support": 496}, "2": {"precision": 0.00975609756097561, "recall": 0.17391304347826086, "f1-score": 0.018475750577367205, "support": 23}, "3": {"precision": 0.025673940949935817, "recall": 0.12578616352201258, "f1-score": 0.042643923240938165, "support": 159}, "4": {"precision": 0.030534351145038167, "recall": 0.2222222222222222, "f1-score": 0.053691275167785234, "support": 18}, "5": {"precision": 0.021825396825396824, "recall": 0.055, "f1-score": 0.03125, "support": 200}, "6": {"precision": 0.052763819095477386, "recall": 0.12804878048780488, "f1-score": 0.07473309608540925, "support": 164}, "7": {"precision": 0.7047970479704797, "recall": 0.6025236593059937, "f1-score": 0.6496598639455783, "support": 317}, "8": {"precision": 0.08535031847133757, "recall": 0.2945054945054945, "f1-score": 0.13234567901234567, "support": 455}, "9": {"precision": 0.09767441860465116, "recall": 0.3333333333333333, "f1-score": 0.1510791366906475, "support": 63}, "10": {"precision": 0.13043478260869565, "recall": 0.18591549295774648, "f1-score": 0.15331010452961671, "support": 355}, "11": {"precision": 0.07479224376731301, "recall": 0.10471881060116355, "f1-score": 0.08726097495286829, "support": 1547}, "12": {"precision": 0.5737704918032787, "recall": 0.65625, "f1-score": 0.6122448979591837, "support": 160}, "13": {"precision": 0.09106678230702515, "recall": 0.22532188841201717, "f1-score": 0.12970969734403953, "support": 466}, "14": {"precision": 0.024752475247524754, "recall": 0.08928571428571429, "f1-score": 0.03875968992248062, "support": 56}, "15": {"precision": 0.24489795918367346, "recall": 0.32457496136012365, "f1-score": 0.27916251246261214, "support": 1294}, "16": {"precision": 0.009083402146985962, "recall": 0.08870967741935484, "f1-score": 0.01647940074906367, "support": 124}, "17": {"precision": 0.35294117647058826, "recall": 0.11186440677966102, "f1-score": 0.1698841698841699, "support": 590}, "18": {"precision": 0.015503875968992248, "recall": 0.046296296296296294, "f1-score": 0.02322880371660859, "support": 216}, "19": {"precision": 0.061224489795918366, "recall": 0.14754098360655737, "f1-score": 0.08653846153846154, "support": 61}, "20": {"precision": 0.045, "recall": 0.36, "f1-score": 0.08, "support": 25}, "21": {"precision": 0.01935483870967742, "recall": 0.036231884057971016, "f1-score": 0.02523128679562658, "support": 414}, "22": {"precision": 0.02710027100271003, "recall": 0.1652892561983471, "f1-score": 0.04656577415599534, "support": 121}, "23": {"precision": 0.3561643835616438, "recall": 0.3586206896551724, "f1-score": 0.35738831615120276, "support": 145}, "24": {"precision": 0.02622950819672131, "recall": 0.12903225806451613, "f1-score": 0.043596730245231606, "support": 124}, "25": {"precision": 0.1751054852320675, "recall": 0.43455497382198954, "f1-score": 0.24962406015037591, "support": 191}, "26": {"precision": 0.23857868020304568, "recall": 0.10102095647501344, "f1-score": 0.14194035485088713, "support": 1861}, "27": {"precision": 0.008438818565400843, "recall": 0.09523809523809523, "f1-score": 0.015503875968992248, "support": 21}, "28": {"precision": 0.008733624454148471, "recall": 0.032520325203252036, "f1-score": 0.013769363166953527, "support": 123}, "29": {"precision": 0.0783132530120482, "recall": 0.34210526315789475, "f1-score": 0.12745098039215685, "support": 38}, "30": {"precision": 0.0028089887640449437, "recall": 0.015151515151515152, "f1-score": 0.004739336492890995, "support": 66}, "31": {"precision": 0.13541666666666666, "recall": 0.3939393939393939, "f1-score": 0.20155038759689922, "support": 33}, "32": {"precision": 0.044812768569674644, "recall": 0.1454183266932271, "f1-score": 0.0685124354763022, "support": 502}, "33": {"precision": 0.11674008810572688, "recall": 0.2623762376237624, "f1-score": 0.16158536585365854, "support": 202}, "34": {"precision": 0.03110419906687403, "recall": 0.16736401673640167, "f1-score": 0.05245901639344263, "support": 239}, "35": {"precision": 0.297029702970297, "recall": 0.27522935779816515, "f1-score": 0.28571428571428575, "support": 109}, "36": {"precision": 0.115625, "recall": 0.30919220055710306, "f1-score": 0.1683093252463988, "support": 359}, "37": {"precision": 0.020161290322580645, "recall": 0.23809523809523808, "f1-score": 0.03717472118959108, "support": 21}, "38": {"precision": 0.29930394431554525, "recall": 0.4716636197440585, "f1-score": 0.3662171753016324, "support": 1094}, "39": {"precision": 0.028761061946902654, "recall": 0.2765957446808511, "f1-score": 0.05210420841683367, "support": 47}, "40": {"precision": 0.014827018121911038, "recall": 0.027950310559006212, "f1-score": 0.0193756727664155, "support": 322}, "41": {"precision": 0.057862309134744175, "recall": 0.13316892725030827, "f1-score": 0.08067226890756303, "support": 1622}, "42": {"precision": 0.026708289975719737, "recall": 0.1076923076923077, "f1-score": 0.04280155642023347, "support": 715}, "43": {"precision": 0.13160333642261354, "recall": 0.05956375838926174, "f1-score": 0.08200981807681203, "support": 2384}, "44": {"precision": 0.09915014164305949, "recall": 0.45454545454545453, "f1-score": 0.1627906976744186, "support": 77}, "45": {"precision": 0.11695906432748537, "recall": 0.5, "f1-score": 0.1895734597156398, "support": 120}, "46": {"precision": 0.02696078431372549, "recall": 0.21568627450980393, "f1-score": 0.04793028322440087, "support": 51}, "47": {"precision": 0.0220125786163522, "recall": 0.20588235294117646, "f1-score": 0.03977272727272727, "support": 34}, "48": {"precision": 0.00482315112540193, "recall": 0.08823529411764706, "f1-score": 0.009146341463414635, "support": 34}, "49": {"precision": 0.014492753623188406, "recall": 0.13333333333333333, "f1-score": 0.0261437908496732, "support": 90}, "50": {"precision": 0.07632600258732213, "recall": 0.7108433734939759, "f1-score": 0.1378504672897196, "support": 83}, "51": {"precision": 0.0045045045045045045, "recall": 0.047619047619047616, "f1-score": 0.008230452674897118, "support": 42}, "52": {"precision": 0.21370967741935484, "recall": 0.36054421768707484, "f1-score": 0.2683544303797469, "support": 147}, "53": {"precision": 0.8819331819656179, "recall": 0.6509456547761552, "f1-score": 0.7490358126721763, "support": 4177}, "54": {"precision": 0.20692678649715038, "recall": 0.20432900432900433, "f1-score": 0.20561969069919409, "support": 2310}, "55": {"precision": 0.07667731629392971, "recall": 0.3483309143686502, "f1-score": 0.12568735271013354, "support": 689}, "56": {"precision": 0.40105540897097625, "recall": 0.8216216216216217, "f1-score": 0.5390070921985816, "support": 185}, "57": {"precision": 0.04483668086833029, "recall": 0.35135135135135137, "f1-score": 0.07952500899604176, "support": 629}, "58": {"precision": 0.4056603773584906, "recall": 0.7818181818181819, "f1-score": 0.5341614906832297, "support": 220}, "59": {"precision": 0.3775933609958506, "recall": 0.2653061224489796, "f1-score": 0.3116438356164383, "support": 343}, "60": {"precision": 0.11805555555555555, "recall": 0.40476190476190477, "f1-score": 0.18279569892473116, "support": 42}, "61": {"precision": 0.2364883401920439, "recall": 0.1805235602094241, "f1-score": 0.20475059382422806, "support": 4775}, "62": {"precision": 0.8267302317935229, "recall": 0.6598005772763055, "f1-score": 0.7338927398759576, "support": 7622}, "63": {"precision": 0.2873602168756354, "recall": 0.0625, "f1-score": 0.10266965312670259, "support": 13568}, "64": {"precision": 0.07869401423189619, "recall": 0.43317972350230416, "f1-score": 0.13319164009918527, "support": 434}, "65": {"precision": 0.1625668449197861, "recall": 0.7676767676767676, "f1-score": 0.26831421006178285, "support": 198}, "66": {"precision": 0.12195121951219512, "recall": 0.3191489361702128, "f1-score": 0.1764705882352941,