{"0": {"precision": 0.02931937172774869, "recall": 0.0438871473354232, "f1-score": 0.03515379786566227, "support": 638}, "1": {"precision": 0.07177814029363784, "recall": 0.18295218295218296, "f1-score": 0.10310486233157587, "support": 481}, "2": {"precision": 0.005934718100890208, "recall": 0.10526315789473684, "f1-score": 0.011235955056179777, "support": 19}, "3": {"precision": 0.12448132780082988, "recall": 0.21739130434782608, "f1-score": 0.158311345646438, "support": 138}, "4": {"precision": 0.04710144927536232, "recall": 0.5416666666666666, "f1-score": 0.08666666666666667, "support": 24}, "5": {"precision": 0.08860759493670886, "recall": 0.07407407407407407, "f1-score": 0.08069164265129683, "support": 189}, "6": {"precision": 0.004246284501061571, "recall": 0.012195121951219513, "f1-score": 0.006299212598425197, "support": 164}, "7": {"precision": 0.44545454545454544, "recall": 0.45794392523364486, "f1-score": 0.45161290322580644, "support": 321}, "8": {"precision": 0.18798955613577023, "recall": 0.29568788501026694, "f1-score": 0.2298483639265762, "support": 487}, "9": {"precision": 0.05194805194805195, "recall": 0.15789473684210525, "f1-score": 0.0781758957654723, "support": 76}, "10": {"precision": 0.1724770642201835, "recall": 0.2693409742120344, "f1-score": 0.21029082774049218, "support": 349}, "11": {"precision": 0.07380457380457381, "recall": 0.0445141065830721, "f1-score": 0.05553382870551428, "support": 1595}, "12": {"precision": 0.5233644859813084, "recall": 0.7417218543046358, "f1-score": 0.6136986301369863, "support": 151}, "13": {"precision": 0.13312202852614896, "recall": 0.17427385892116182, "f1-score": 0.1509433962264151, "support": 482}, "14": {"precision": 0.11834319526627218, "recall": 0.36363636363636365, "f1-score": 0.17857142857142858, "support": 55}, "15": {"precision": 0.5487603305785124, "recall": 0.2616233254531127, "f1-score": 0.3543223052294557, "support": 1269}, "16": {"precision": 0.005369127516778523, "recall": 0.06837606837606838, "f1-score": 0.009956440572495333, "support": 117}, "17": {"precision": 0.1484375, "recall": 0.060126582278481014, "f1-score": 0.0855855855855856, "support": 632}, "18": {"precision": 0.006891271056661562, "recall": 0.039301310043668124, "f1-score": 0.011726384364820847, "support": 229}, "19": {"precision": 0.0228310502283105, "recall": 0.10204081632653061, "f1-score": 0.03731343283582089, "support": 49}, "20": {"precision": 0.007547169811320755, "recall": 0.08333333333333333, "f1-score": 0.01384083044982699, "support": 24}, "21": {"precision": 0.03982300884955752, "recall": 0.04044943820224719, "f1-score": 0.04013377926421404, "support": 445}, "22": {"precision": 0.0166270783847981, "recall": 0.06140350877192982, "f1-score": 0.026168224299065422, "support": 114}, "23": {"precision": 0.07267833109017496, "recall": 0.36, "f1-score": 0.12094064949608062, "support": 150}, "24": {"precision": 0.004374453193350831, "recall": 0.04310344827586207, "f1-score": 0.007942811755361398, "support": 116}, "25": {"precision": 0.19157088122605365, "recall": 0.25, "f1-score": 0.21691973969631237, "support": 200}, "26": {"precision": 0.15417743324720068, "recall": 0.09749455337690632, "f1-score": 0.11945278611945279, "support": 1836}, "27": {"precision": 0.024793388429752067, "recall": 0.48, "f1-score": 0.04715127701375245, "support": 25}, "28": {"precision": 0.04390243902439024, "recall": 0.07377049180327869, "f1-score": 0.055045871559633024, "support": 122}, "29": {"precision": 0.06172839506172839, "recall": 0.30303030303030304, "f1-score": 0.10256410256410255, "support": 33}, "30": {"precision": 0.03759398496240601, "recall": 0.2459016393442623, "f1-score": 0.06521739130434782, "support": 61}, "31": {"precision": 0.010869565217391304, "recall": 0.1111111111111111, "f1-score": 0.019801980198019802, "support": 45}, "32": {"precision": 0.08482871125611746, "recall": 0.1111111111111111, "f1-score": 0.0962072155411656, "support": 468}, "33": {"precision": 0.039711191335740074, "recall": 0.1658291457286432, "f1-score": 0.06407766990291262, "support": 199}, "34": {"precision": 0.03611971104231166, "recall": 0.330188679245283, "f1-score": 0.06511627906976744, "support": 212}, "35": {"precision": 0.13385826771653545, "recall": 0.17, "f1-score": 0.1497797356828194, "support": 100}, "36": {"precision": 0.18072289156626506, "recall": 0.27586206896551724, "f1-score": 0.2183803457688808, "support": 435}, "37": {"precision": 0.03257328990228013, "recall": 0.47619047619047616, "f1-score": 0.06097560975609756, "support": 21}, "38": {"precision": 0.21586109807602064, "recall": 0.4216315307057745, "f1-score": 0.2855369335816263, "support": 1091}, "39": {"precision": 0.024891774891774892, "recall": 0.39655172413793105, "f1-score": 0.04684317718940937, "support": 58}, "40": {"precision": 0.013523666416228399, "recall": 0.05642633228840126, "f1-score": 0.021818181818181816, "support": 319}, "41": {"precision": 0.0737294201861131, "recall": 0.06350184956843404, "f1-score": 0.06823451473998013, "support": 1622}, "42": {"precision": 0.06482281763180639, "recall": 0.1122754491017964, "f1-score": 0.0821917808219178, "support": 668}, "43": {"precision": 0.12987012987012986, "recall": 0.02633889376646181, "f1-score": 0.043795620437956206, "support": 2278}, "44": {"precision": 0.06005221932114883, "recall": 0.24210526315789474, "f1-score": 0.09623430962343098, "support": 95}, "45": {"precision": 0.1256637168141593, "recall": 0.6016949152542372, "f1-score": 0.20790629575402633, "support": 118}, "46": {"precision": 0.0, "recall": 0.0, "f1-score": 0.0, "support": 50}, "47": {"precision": 0.023121387283236993, "recall": 0.18181818181818182, "f1-score": 0.041025641025641026, "support": 44}, "48": {"precision": 0.007075471698113208, "recall": 0.14285714285714285, "f1-score": 0.013483146067415732, "support": 42}, "49": {"precision": 0.018575851393188854, "recall": 0.3157894736842105, "f1-score": 0.03508771929824561, "support": 76}, "50": {"precision": 0.13105413105413105, "recall": 0.6764705882352942, "f1-score": 0.2195704057279236, "support": 68}, "51": {"precision": 0.008982035928143712, "recall": 0.1111111111111111, "f1-score": 0.01662049861495845, "support": 54}, "52": {"precision": 0.12682926829268293, "recall": 0.5977011494252874, "f1-score": 0.20925553319919518, "support": 174}, "53": {"precision": 0.9082602339181286, "recall": 0.5837444209537233, "f1-score": 0.7107107107107107, "support": 4257}, "54": {"precision": 0.30742049469964666, "recall": 0.1486544211875267, "f1-score": 0.20040310970342645, "support": 2341}, "55": {"precision": 0.0412182276162125, "recall": 0.24930747922437674, "f1-score": 0.07074081351935547, "support": 722}, "56": {"precision": 0.20123203285420946, "recall": 0.6447368421052632, "f1-score": 0.3067292644757434, "support": 152}, "57": {"precision": 0.046826222684703434, "recall": 0.14308426073131955, "f1-score": 0.07056056448451588, "support": 629}, "58": {"precision": 0.31313131313131315, "recall": 0.8532110091743119, "f1-score": 0.45812807881773404, "support": 218}, "59": {"precision": 0.4936708860759494, "recall": 0.3136729222520107, "f1-score": 0.3836065573770492, "support": 373}, "60": {"precision": 0.03299492385786802, "recall": 0.2549019607843137, "f1-score": 0.058426966292134834, "support": 51}, "61": {"precision": 0.3269230769230769, "recall": 0.15648535564853555, "f1-score": 0.2116581777023203, "support": 4780}, "62": {"precision": 0.7867781155015198, "recall": 0.673299518793081, "f1-score": 0.7256289859135189, "support": 7689}, "63": {"precision": 0.40049566294919453, "recall": 0.11837960588967841, "f1-score": 0.1827434128689359, "support": 13651}, "64": {"precision": 0.08868060562364816, "recall": 0.2703296703296703, "f1-score": 0.1335504885993485, "support": 455}, "65": {"precision": 0.2696817420435511, "recall": 0.7351598173515982, "f1-score": 0.39460784313725494, "support": 219}, "66": {"precision": 0.048034934497816595, "recall": 0.2682926829268293, "f1-score": 0.08148148148148147,