{"0": {"precision": 0.146481425551193, "recall": 0.782258064516129, "f1-score": 0.246756550496057, "support": 620}, "1": {"precision": 0.22234513274336284, "recall": 0.39801980198019804, "f1-score": 0.2853087295954578, "support": 505}, "2": {"precision": 0.020356234096692113, "recall": 0.34782608695652173, "f1-score": 0.038461538461538464, "support": 23}, "3": {"precision": 0.14285714285714285, "recall": 0.006666666666666667, "f1-score": 0.012738853503184716, "support": 150}, "4": {"precision": 0.20754716981132076, "recall": 0.9166666666666666, "f1-score": 0.3384615384615385, "support": 24}, "5": {"precision": 0.20572916666666666, "recall": 0.8633879781420765, "f1-score": 0.3322818086225026, "support": 183}, "6": {"precision": 0.6242038216560509, "recall": 0.6012269938650306, "f1-score": 0.6125, "support": 163}, "7": {"precision": 0.505564387917329, "recall": 0.9875776397515528, "f1-score": 0.668769716088328, "support": 322}, "8": {"precision": 0.581039755351682, "recall": 0.4222222222222222, "f1-score": 0.489060489060489, "support": 450}, "9": {"precision": 0.10118043844856661, "recall": 0.8571428571428571, "f1-score": 0.18099547511312217, "support": 70}, "10": {"precision": 0.04115606936416185, "recall": 0.4930747922437673, "f1-score": 0.07597097737942808, "support": 361}, "11": {"precision": 0.84, "recall": 0.03905765654060756, "f1-score": 0.07464454976303317, "support": 1613}, "12": {"precision": 0.6060606060606061, "recall": 0.8633093525179856, "f1-score": 0.712166172106825, "support": 139}, "13": {"precision": 0.37267080745341613, "recall": 0.547945205479452, "f1-score": 0.44362292051756, "support": 438}, "14": {"precision": 0.16071428571428573, "recall": 0.4186046511627907, "f1-score": 0.23225806451612904, "support": 43}, "15": {"precision": 0.7285714285714285, "recall": 0.08, "f1-score": 0.1441696113074205, "support": 1275}, "16": {"precision": 0.021164021164021163, "recall": 0.03225806451612903, "f1-score": 0.025559105431309903, "support": 124}, "17": {"precision": 0.6896551724137931, "recall": 0.0338409475465313, "f1-score": 0.06451612903225806, "support": 591}, "18": {"precision": 0.3371868978805395, "recall": 0.7675438596491229, "f1-score": 0.46854082998661317, "support": 228}, "19": {"precision": 0.11764705882352941, "recall": 0.0784313725490196, "f1-score": 0.09411764705882353, "support": 51}, "20": {"precision": 0.3333333333333333, "recall": 0.1, "f1-score": 0.15384615384615383, "support": 20}, "21": {"precision": 0.07250656167979003, "recall": 0.5785340314136126, "f1-score": 0.12886297376093295, "support": 382}, "22": {"precision": 0.1171875, "recall": 0.13043478260869565, "f1-score": 0.1234567901234568, "support": 115}, "23": {"precision": 0.7910447761194029, "recall": 0.38686131386861317, "f1-score": 0.5196078431372549, "support": 137}, "24": {"precision": 0.0, "recall": 0.0, "f1-score": 0.0, "support": 107}, "25": {"precision": 0.18487394957983194, "recall": 0.10576923076923077, "f1-score": 0.1345565749235474, "support": 208}, "26": {"precision": 0.8481675392670157, "recall": 0.09220261809903244, "f1-score": 0.16632443531827515, "support": 1757}, "27": {"precision": 0.06097560975609756, "recall": 0.21739130434782608, "f1-score": 0.09523809523809522, "support": 23}, "28": {"precision": 0.7333333333333333, "recall": 0.176, "f1-score": 0.2838709677419355, "support": 125}, "29": {"precision": 0.14285714285714285, "recall": 0.17857142857142858, "f1-score": 0.15873015873015875, "support": 28}, "30": {"precision": 0.23333333333333334, "recall": 0.2, "f1-score": 0.2153846153846154, "support": 70}, "31": {"precision": 0.44, "recall": 0.44, "f1-score": 0.44, "support": 25}, "32": {"precision": 0.060440631702086176, "recall": 0.6471816283924844, "f1-score": 0.11055634807417974, "support": 479}, "33": {"precision": 0.1388888888888889, "recall": 0.08426966292134831, "f1-score": 0.10489510489510491, "support": 178}, "34": {"precision": 0.0, "recall": 0.0, "f1-score": 0.0, "support": 220}, "35": {"precision": 0.5833333333333334, "recall": 0.330188679245283, "f1-score": 0.42168674698795183, "support": 106}, "36": {"precision": 0.5454545454545454, "recall": 0.013953488372093023, "f1-score": 0.0272108843537415, "support": 430}, "37": {"precision": 0.4444444444444444, "recall": 0.19047619047619047, "f1-score": 0.26666666666666666, "support": 21}, "38": {"precision": 1.0, "recall": 0.023234200743494422, "f1-score": 0.045413260672116255, "support": 1076}, "39": {"precision": 0.07547169811320754, "recall": 0.0851063829787234, "f1-score": 0.08, "support": 47}, "40": {"precision": 0.047619047619047616, "recall": 0.003401360544217687, "f1-score": 0.006349206349206349, "support": 294}, "41": {"precision": 0.10833545755799133, "recall": 0.5266418835192069, "f1-score": 0.17970401691331922, "support": 1614}, "42": {"precision": 0.10051107325383304, "recall": 0.9271428571428572, "f1-score": 0.18136090540729352, "support": 700}, "43": {"precision": 0.5025022747952684, "recall": 0.9090534979423869, "f1-score": 0.6472311749194257, "support": 2430}, "44": {"precision": 0.47368421052631576, "recall": 0.10112359550561797, "f1-score": 0.16666666666666669, "support": 89}, "45": {"precision": 0.2134387351778656, "recall": 0.421875, "f1-score": 0.28346456692913385, "support": 128}, "46": {"precision": 0.41237113402061853, "recall": 0.6896551724137931, "f1-score": 0.5161290322580645, "support": 58}, "47": {"precision": 0.3157894736842105, "recall": 0.13043478260869565, "f1-score": 0.1846153846153846, "support": 46}, "48": {"precision": 0.19135802469135801, "recall": 0.7560975609756098, "f1-score": 0.3054187192118227, "support": 41}, "49": {"precision": 0.19072164948453607, "recall": 0.4157303370786517, "f1-score": 0.26148409893992935, "support": 89}, "50": {"precision": 0.38333333333333336, "recall": 0.3382352941176471, "f1-score": 0.359375, "support": 68}, "51": {"precision": 0.0, "recall": 0.0, "f1-score": 0.0, "support": 43}, "52": {"precision": 0.6829268292682927, "recall": 0.525, "f1-score": 0.5936395759717314, "support": 160}, "53": {"precision": 0.9875246224556796, "recall": 0.35189518015910154, "f1-score": 0.5188890805589097, "support": 4274}, "54": {"precision": 0.14285714285714285, "recall": 0.0012760527435133986, "f1-score": 0.0025295109612141656, "support": 2351}, "55": {"precision": 0.3076923076923077, "recall": 0.011428571428571429, "f1-score": 0.022038567493112945, "support": 700}, "56": {"precision": 0.32628398791540786, "recall": 0.6136363636363636, "f1-score": 0.42603550295857984, "support": 176}, "57": {"precision": 0.1828206616366802, "recall": 0.5215231788079471, "f1-score": 0.2707348517404383, "support": 604}, "58": {"precision": 0.14526779163609685, "recall": 0.9166666666666666, "f1-score": 0.25079164027865736, "support": 216}, "59": {"precision": 0.8571428571428571, "recall": 0.017964071856287425, "f1-score": 0.03519061583577712, "support": 334}, "60": {"precision": 0.0, "recall": 0.0, "f1-score": 0.0, "support": 40}, "61": {"precision": 0.09333333333333334, "recall": 0.0014250814332247557, "f1-score": 0.0028072989773410867, "support": 4912}, "62": {"precision": 0.672210606348603, "recall": 0.9196463398777792, "f1-score": 0.7766979629934663, "support": 7691}, "63": {"precision": 0.5668789808917197, "recall": 0.6809888169511478, "f1-score": 0.6187165775401069, "support": 13592}, "64": {"precision": 0.03599878995664011, "recall": 0.8283062645011601, "f1-score": 0.06899884035562427, "support": 431}, "65": {"precision": 0.11503759398496241, "recall": 0.8595505617977528, "f1-score": 0.20291777188328913, "support": 178}, "66": {"precision": 0.0, "recall": 0.0, "f1-score": 0.0, "support": 33}, "67": {"precision": 0.6111111111111112, "recall": 0.11458333333333333, "f1-score": 0.19298245614035087, "support": 96}, "68": {"precision": 0.25, "recall": 0.45454545454545453, "f1-score": 0.3225806451612903, "support": 55}, "69": {"precision": 0.3333333333333333, "recall": 0.08888888888888889, "f1-score": 0.14035087719298245, "support": 45},