{"0": {"precision": 0.5714285714285714, "recall": 0.8, "f1-score": 0.6666666666666666, "support": 5}, "3": {"precision": 0.0, "recall": 0.0, "f1-score": 0.0, "support": 0}, "4": {"precision": 0.0, "recall": 0.0, "f1-score": 0.0, "support": 0}, "11": {"precision": 0.5714285714285714, "recall": 1.0, "f1-score": 0.7272727272727273, "support": 4}, "12": {"precision": 0.8181818181818182, "recall": 0.6428571428571429, "f1-score": 0.7200000000000001, "support": 14}, "13": {"precision": 0.75, "recall": 0.5, "f1-score": 0.6, "support": 6}, "14": {"precision": 0.0, "recall": 0.0, "f1-score": 0.0, "support": 0}, "15": {"precision": 0.0, "recall": 0.0, "f1-score": 0.0, "support": 0}, "16": {"precision": 0.8, "recall": 0.41025641025641024, "f1-score": 0.5423728813559321, "support": 39}, "22": {"precision": 0.7142857142857143, "recall": 1.0, "f1-score": 0.8333333333333333, "support": 5}, "23": {"precision": 1.0, "recall": 1.0, "f1-score": 1.0, "support": 4}, "27": {"precision": 1.0, "recall": 0.5, "f1-score": 0.6666666666666666, "support": 4}, "29": {"precision": 0.22727272727272727, "recall": 0.5, "f1-score": 0.3125, "support": 20}, "31": {"precision": 1.0, "recall": 1.0, "f1-score": 1.0, "support": 2}, "36": {"precision": 0.25, "recall": 1.0, "f1-score": 0.4, "support": 1}, "37": {"precision": 1.0, "recall": 0.8571428571428571, "f1-score": 0.923076923076923, "support": 7}, "43": {"precision": 0.25, "recall": 0.6666666666666666, "f1-score": 0.36363636363636365, "support": 3}, "44": {"precision": 0.5714285714285714, "recall": 1.0, "f1-score": 0.7272727272727273, "support": 4}, "46": {"precision": 0.96, "recall": 0.36363636363636365, "f1-score": 0.5274725274725274, "support": 66}, "48": {"precision": 0.0, "recall": 0.0, "f1-score": 0.0, "support": 0}, "49": {"precision": 1.0, "recall": 0.5, "f1-score": 0.6666666666666666, "support": 2}, "51": {"precision": 0.0, "recall": 0.0, "f1-score": 0.0, "support": 1}, "52": {"precision": 0.0, "recall": 0.0, "f1-score": 0.0, "support": 0}, "53": {"precision": 0.0, "recall": 0.0, "f1-score": 0.0, "support": 0}, "56": {"precision": 0.75, "recall": 1.0, "f1-score": 0.8571428571428571, "support": 3}, "59": {"precision": 1.0, "recall": 1.0, "f1-score": 1.0, "support": 2}, "60": {"precision": 0.0, "recall": 0.0, "f1-score": 0.0, "support": 0}, "61": {"precision": 0.0, "recall": 0.0, "f1-score": 0.0, "support": 0}, "62": {"precision": 0.3333333333333333, "recall": 0.3333333333333333, "f1-score": 0.3333333333333333, "support": 3}, "65": {"precision": 0.0, "recall": 0.0, "f1-score": 0.0, "support": 0}, "67": {"precision": 0.0, "recall": 0.0, "f1-score": 0.0, "support": 0}, "68": {"precision": 0.5, "recall": 0.5, "f1-score": 0.5, "support": 2}, "70": {"precision": 0.6842105263157895, "recall": 0.7222222222222222, "f1-score": 0.7027027027027027, "support": 18}, "71": {"precision": 0.0, "recall": 0.0, "f1-score": 0.0, "support": 0}, "73": {"precision": 0.42857142857142855, "recall": 0.9, "f1-score": 0.5806451612903225, "support": 10}, "74": {"precision": 0.0, "recall": 0.0, "f1-score": 0.0, "support": 11}, "75": {"precision": 1.0, "recall": 0.2692307692307692, "f1-score": 0.42424242424242425, "support": 26}, "76": {"precision": 0.0, "recall": 0.0, "f1-score": 0.0, "support": 0}, "77": {"precision": 1.0, "recall": 0.08695652173913043, "f1-score": 0.16, "support": 23}, "accuracy": 0.47368421052631576, "macro avg": {"precision": 0.4405164426217058, "recall": 0.42441800736115115, "f1-score": 0.3906411272341583, "support": 285}, "weighted avg": {"precision": 0.7646017675768368, "recall": 0.47368421052631576, "f1-score": 0.5154497909473018, "support": 285}}