{"0": {"precision": 0.12883116883116882, "recall": 0.7948717948717948, "f1-score": 0.22172552525704067, "support": 624}, "1": {"precision": 0.18856447688564476, "recall": 0.3125, "f1-score": 0.23520485584218515, "support": 496}, "2": {"precision": 0.02681992337164751, "recall": 0.6086956521739131, "f1-score": 0.05137614678899082, "support": 23}, "3": {"precision": 0.25, "recall": 0.018867924528301886, "f1-score": 0.03508771929824561, "support": 159}, "4": {"precision": 0.24615384615384617, "recall": 0.8888888888888888, "f1-score": 0.3855421686746988, "support": 18}, "5": {"precision": 0.2489851150202977, "recall": 0.92, "f1-score": 0.3919062832800852, "support": 200}, "6": {"precision": 0.5714285714285714, "recall": 0.5853658536585366, "f1-score": 0.5783132530120483, "support": 164}, "7": {"precision": 0.5688405797101449, "recall": 0.9905362776025236, "f1-score": 0.7226697353279632, "support": 317}, "8": {"precision": 0.6203007518796992, "recall": 0.3626373626373626, "f1-score": 0.45769764216366154, "support": 455}, "9": {"precision": 0.06624203821656051, "recall": 0.8253968253968254, "f1-score": 0.12264150943396225, "support": 63}, "10": {"precision": 0.03203529637444849, "recall": 0.4704225352112676, "f1-score": 0.05998563218390803, "support": 355}, "11": {"precision": 0.42063492063492064, "recall": 0.03425985778926956, "f1-score": 0.06335923490735207, "support": 1547}, "12": {"precision": 0.8873239436619719, "recall": 0.7875, "f1-score": 0.8344370860927152, "support": 160}, "13": {"precision": 0.34846029173419774, "recall": 0.4613733905579399, "f1-score": 0.39704524469067404, "support": 466}, "14": {"precision": 0.125, "recall": 0.08928571428571429, "f1-score": 0.10416666666666666, "support": 56}, "15": {"precision": 0.8197064989517819, "recall": 0.30216383307573413, "f1-score": 0.4415584415584415, "support": 1294}, "16": {"precision": 0.0, "recall": 0.0, "f1-score": 0.0, "support": 124}, "17": {"precision": 0.4, "recall": 0.013559322033898305, "f1-score": 0.02622950819672131, "support": 590}, "18": {"precision": 0.3458333333333333, "recall": 0.7685185185185185, "f1-score": 0.4770114942528736, "support": 216}, "19": {"precision": 0.3620689655172414, "recall": 0.3442622950819672, "f1-score": 0.35294117647058826, "support": 61}, "20": {"precision": 0.18181818181818182, "recall": 0.08, "f1-score": 0.1111111111111111, "support": 25}, "21": {"precision": 0.08700607902735562, "recall": 0.5531400966183575, "f1-score": 0.15036112934996718, "support": 414}, "22": {"precision": 0.2, "recall": 0.1652892561983471, "f1-score": 0.18099547511312217, "support": 121}, "23": {"precision": 0.9206349206349206, "recall": 0.4, "f1-score": 0.5576923076923077, "support": 145}, "24": {"precision": 0.3333333333333333, "recall": 0.03225806451612903, "f1-score": 0.0588235294117647, "support": 124}, "25": {"precision": 0.8035714285714286, "recall": 0.2356020942408377, "f1-score": 0.3643724696356276, "support": 191}, "26": {"precision": 0.8402777777777778, "recall": 0.06501880709296078, "f1-score": 0.12069825436408978, "support": 1861}, "27": {"precision": 0.07692307692307693, "recall": 0.23809523809523808, "f1-score": 0.11627906976744187, "support": 21}, "28": {"precision": 0.5666666666666667, "recall": 0.13821138211382114, "f1-score": 0.22222222222222224, "support": 123}, "29": {"precision": 0.5909090909090909, "recall": 0.34210526315789475, "f1-score": 0.43333333333333335, "support": 38}, "30": {"precision": 0.4444444444444444, "recall": 0.18181818181818182, "f1-score": 0.2580645161290322, "support": 66}, "31": {"precision": 0.8235294117647058, "recall": 0.42424242424242425, "f1-score": 0.5599999999999999, "support": 33}, "32": {"precision": 0.08938244853737812, "recall": 0.6573705179282868, "f1-score": 0.15736766809728184, "support": 502}, "33": {"precision": 0.4782608695652174, "recall": 0.21782178217821782, "f1-score": 0.29931972789115646, "support": 202}, "34": {"precision": 0.0, "recall": 0.0, "f1-score": 0.0, "support": 239}, "35": {"precision": 0.7101449275362319, "recall": 0.44954128440366975, "f1-score": 0.550561797752809, "support": 109}, "36": {"precision": 0.5555555555555556, "recall": 0.027855153203342618, "f1-score": 0.05305039787798408, "support": 359}, "37": {"precision": 0.16666666666666666, "recall": 0.047619047619047616, "f1-score": 0.07407407407407407, "support": 21}, "38": {"precision": 0.9387755102040817, "recall": 0.04204753199268738, "f1-score": 0.08048993875765528, "support": 1094}, "39": {"precision": 0.18181818181818182, "recall": 0.1276595744680851, "f1-score": 0.14999999999999997, "support": 47}, "40": {"precision": 0.5714285714285714, "recall": 0.012422360248447204, "f1-score": 0.0243161094224924, "support": 322}, "41": {"precision": 0.10666318946407614, "recall": 0.5043156596794082, "f1-score": 0.17608438273598104, "support": 1622}, "42": {"precision": 0.09649871904355252, "recall": 0.9482517482517483, "f1-score": 0.17517116651595402, "support": 715}, "43": {"precision": 0.5315985130111525, "recall": 0.899748322147651, "f1-score": 0.668328400062315, "support": 2384}, "44": {"precision": 0.2571428571428571, "recall": 0.11688311688311688, "f1-score": 0.1607142857142857, "support": 77}, "45": {"precision": 0.25523012552301255, "recall": 0.5083333333333333, "f1-score": 0.33983286908078, "support": 120}, "46": {"precision": 0.559322033898305, "recall": 0.6470588235294118, "f1-score": 0.6, "support": 51}, "47": {"precision": 0.1951219512195122, "recall": 0.23529411764705882, "f1-score": 0.21333333333333335, "support": 34}, "48": {"precision": 0.1951219512195122, "recall": 0.7058823529411765, "f1-score": 0.3057324840764331, "support": 34}, "49": {"precision": 0.192090395480226, "recall": 0.37777777777777777, "f1-score": 0.2546816479400749, "support": 90}, "50": {"precision": 0.5, "recall": 0.3493975903614458, "f1-score": 0.41134751773049644, "support": 83}, "51": {"precision": 0.26666666666666666, "recall": 0.09523809523809523, "f1-score": 0.14035087719298245, "support": 42}, "52": {"precision": 0.5102040816326531, "recall": 0.3401360544217687, "f1-score": 0.4081632653061224, "support": 147}, "53": {"precision": 0.9808633733867379, "recall": 0.527651424467321, "f1-score": 0.6861768368617683, "support": 4177}, "54": {"precision": 0.5882352941176471, "recall": 0.012987012987012988, "f1-score": 0.025412960609911057, "support": 2310}, "55": {"precision": 0.08196721311475409, "recall": 0.02177068214804064, "f1-score": 0.034403669724770644, "support": 689}, "56": {"precision": 0.3413173652694611, "recall": 0.9243243243243243, "f1-score": 0.49854227405247814, "support": 185}, "57": {"precision": 0.19366626065773446, "recall": 0.505564387917329, "f1-score": 0.28005284015852044, "support": 629}, "58": {"precision": 0.15424354243542435, "recall": 0.95, "f1-score": 0.2653968253968254, "support": 220}, "59": {"precision": 0.8518518518518519, "recall": 0.20116618075801748, "f1-score": 0.3254716981132076, "support": 343}, "60": {"precision": 0.29411764705882354, "recall": 0.35714285714285715, "f1-score": 0.3225806451612903, "support": 42}, "61": {"precision": 0.16326530612244897, "recall": 0.001675392670157068, "f1-score": 0.003316749585406302, "support": 4775}, "62": {"precision": 0.6837615123606399, "recall": 0.9253476777748623, "f1-score": 0.786419133634387, "support": 7622}, "63": {"precision": 0.5577913522577554, "recall": 0.6864681603773585, "f1-score": 0.6154761118086302, "support": 13568}, "64": {"precision": 0.03837614969869965, "recall": 0.836405529953917, "f1-score": 0.07338522187405236, "support": 434}, "65": {"precision": 0.13202933985330073, "recall": 0.8181818181818182, "f1-score": 0.22736842105263158, "support": 198}, "66": {"precision": 0.0, "recall": 0.0, "f1-score": 0.0, "support": 47}, "67": {"precision": 0.5, "recall": 0.1262135922330097, "f1-score": 0.20155038759689925, "support": 103}, "68": {"precision": 0.6296296296296297, "recall": 0.6071428571428571, "f1-score": 0.6181818181818182, "support": 56},