{"0": {"precision": 0.13245397087111843, "recall": 0.8073701842546064, "f1-score": 0.2275731822474032, "support": 597}, "1": {"precision": 0.14783927217589082, "recall": 0.39235412474849096, "f1-score": 0.21475770925110135, "support": 497}, "2": {"precision": 0.022675736961451247, "recall": 0.5555555555555556, "f1-score": 0.04357298474945534, "support": 18}, "3": {"precision": 0.2222222222222222, "recall": 0.013986013986013986, "f1-score": 0.026315789473684213, "support": 143}, "4": {"precision": 0.21818181818181817, "recall": 0.9230769230769231, "f1-score": 0.3529411764705882, "support": 13}, "5": {"precision": 0.2344632768361582, "recall": 0.9222222222222223, "f1-score": 0.37387387387387394, "support": 180}, "6": {"precision": 0.593103448275862, "recall": 0.6370370370370371, "f1-score": 0.6142857142857142, "support": 135}, "7": {"precision": 0.47192716236722304, "recall": 0.9779874213836478, "f1-score": 0.6366427840327533, "support": 318}, "8": {"precision": 0.5692307692307692, "recall": 0.41019955654101997, "f1-score": 0.47680412371134023, "support": 451}, "9": {"precision": 0.03932584269662921, "recall": 0.875, "f1-score": 0.07526881720430108, "support": 56}, "10": {"precision": 0.4257703081232493, "recall": 0.4355300859598854, "f1-score": 0.4305949008498583, "support": 349}, "11": {"precision": 0.19047619047619047, "recall": 0.00261437908496732, "f1-score": 0.005157962604771115, "support": 1530}, "12": {"precision": 0.5946969696969697, "recall": 0.9289940828402367, "f1-score": 0.7251732101616628, "support": 169}, "13": {"precision": 0.47289719626168225, "recall": 0.5326315789473685, "f1-score": 0.5009900990099011, "support": 475}, "14": {"precision": 0.11764705882352941, "recall": 0.03225806451612903, "f1-score": 0.05063291139240506, "support": 62}, "15": {"precision": 0.4603174603174603, "recall": 0.04628890662410216, "f1-score": 0.08411892675852066, "support": 1253}, "16": {"precision": 0.004878048780487805, "recall": 0.00819672131147541, "f1-score": 0.0061162079510703364, "support": 122}, "17": {"precision": 0.6956521739130435, "recall": 0.026446280991735537, "f1-score": 0.05095541401273885, "support": 605}, "18": {"precision": 0.29593810444874274, "recall": 0.75, "f1-score": 0.4244105409153952, "support": 204}, "19": {"precision": 0.28888888888888886, "recall": 0.20967741935483872, "f1-score": 0.24299065420560745, "support": 62}, "20": {"precision": 0.08, "recall": 0.2962962962962963, "f1-score": 0.12598425196850394, "support": 27}, "21": {"precision": 0.08531898539584935, "recall": 0.5677749360613811, "f1-score": 0.14834614099565654, "support": 391}, "22": {"precision": 0.2037037037037037, "recall": 0.10377358490566038, "f1-score": 0.1375, "support": 106}, "23": {"precision": 0.9047619047619048, "recall": 0.3247863247863248, "f1-score": 0.47798742138364775, "support": 117}, "24": {"precision": 0.4583333333333333, "recall": 0.09243697478991597, "f1-score": 0.15384615384615385, "support": 119}, "25": {"precision": 0.9043478260869565, "recall": 0.48372093023255813, "f1-score": 0.6303030303030303, "support": 215}, "26": {"precision": 0.3125, "recall": 0.00275178866263071, "f1-score": 0.005455537370430988, "support": 1817}, "27": {"precision": 0.6153846153846154, "recall": 0.2962962962962963, "f1-score": 0.4, "support": 27}, "28": {"precision": 0.6, "recall": 0.2, "f1-score": 0.3, "support": 105}, "29": {"precision": 0.21739130434782608, "recall": 0.29411764705882354, "f1-score": 0.25, "support": 34}, "30": {"precision": 0.22, "recall": 0.3548387096774194, "f1-score": 0.2716049382716049, "support": 62}, "31": {"precision": 0.3695652173913043, "recall": 0.4857142857142857, "f1-score": 0.4197530864197531, "support": 35}, "32": {"precision": 0.08291970802919708, "recall": 0.5843621399176955, "f1-score": 0.14523139861927895, "support": 486}, "33": {"precision": 0.32515337423312884, "recall": 0.265, "f1-score": 0.29201101928374656, "support": 200}, "34": {"precision": 0.375, "recall": 0.013452914798206279, "f1-score": 0.02597402597402598, "support": 223}, "35": {"precision": 0.47692307692307695, "recall": 0.30097087378640774, "f1-score": 0.36904761904761907, "support": 103}, "36": {"precision": 0.2857142857142857, "recall": 0.004830917874396135, "f1-score": 0.009501187648456056, "support": 414}, "37": {"precision": 0.3, "recall": 0.16666666666666666, "f1-score": 0.21428571428571427, "support": 18}, "38": {"precision": 0.9779411764705882, "recall": 0.12112932604735883, "f1-score": 0.21555915721231766, "support": 1098}, "39": {"precision": 0.32, "recall": 0.4, "f1-score": 0.35555555555555557, "support": 40}, "40": {"precision": 0.4166666666666667, "recall": 0.017921146953405017, "f1-score": 0.034364261168384876, "support": 279}, "41": {"precision": 0.09355302443879243, "recall": 0.5310734463276836, "f1-score": 0.15908236179014665, "support": 1593}, "42": {"precision": 0.09300902554688695, "recall": 0.9325153374233128, "f1-score": 0.16914730838781472, "support": 652}, "43": {"precision": 0.45300906842539157, "recall": 0.9165971643035863, "f1-score": 0.6063448275862069, "support": 2398}, "44": {"precision": 0.09375, "recall": 0.03225806451612903, "f1-score": 0.048, "support": 93}, "45": {"precision": 0.19902912621359223, "recall": 0.328, "f1-score": 0.24773413897280971, "support": 125}, "46": {"precision": 0.5157894736842106, "recall": 0.7101449275362319, "f1-score": 0.5975609756097561, "support": 69}, "47": {"precision": 0.5833333333333334, "recall": 0.25925925925925924, "f1-score": 0.358974358974359, "support": 54}, "48": {"precision": 0.22727272727272727, "recall": 0.625, "f1-score": 0.3333333333333333, "support": 40}, "49": {"precision": 0.21804511278195488, "recall": 0.32954545454545453, "f1-score": 0.2624434389140271, "support": 88}, "50": {"precision": 0.30434782608695654, "recall": 0.39436619718309857, "f1-score": 0.34355828220858897, "support": 71}, "51": {"precision": 0.7142857142857143, "recall": 0.23809523809523808, "f1-score": 0.35714285714285715, "support": 42}, "52": {"precision": 0.6666666666666666, "recall": 0.2517482517482518, "f1-score": 0.3654822335025381, "support": 143}, "53": {"precision": 0.941153546375682, "recall": 0.5756853396901073, "f1-score": 0.7143913622245229, "support": 4195}, "54": {"precision": 0.391304347826087, "recall": 0.0037609694943585457, "f1-score": 0.0074503311258278145, "support": 2393}, "55": {"precision": 0.13806706114398423, "recall": 0.1958041958041958, "f1-score": 0.1619433198380567, "support": 715}, "56": {"precision": 0.043478260869565216, "recall": 0.9177215189873418, "f1-score": 0.0830231892356141, "support": 158}, "57": {"precision": 0.15135649690623512, "recall": 0.5039619651347068, "f1-score": 0.232796486090776, "support": 631}, "58": {"precision": 0.1646655231560892, "recall": 0.9014084507042254, "f1-score": 0.27846265409717186, "support": 213}, "59": {"precision": 0.9514563106796117, "recall": 0.28994082840236685, "f1-score": 0.4444444444444444, "support": 338}, "60": {"precision": 0.2987012987012987, "recall": 0.4423076923076923, "f1-score": 0.35658914728682173, "support": 52}, "61": {"precision": 0.15, "recall": 0.0012360939431396785, "f1-score": 0.002451982018798529, "support": 4854}, "62": {"precision": 0.7044823482744943, "recall": 0.9272940869338206, "f1-score": 0.800676246830093, "support": 7661}, "63": {"precision": 0.5881170707197588, "recall": 0.6886306809824975, "f1-score": 0.6344173441734418, "support": 13598}, "64": {"precision": 0.044389027431421445, "recall": 0.827906976744186, "f1-score": 0.08426035502958579, "support": 430}, "65": {"precision": 0.1449565798263193, "recall": 0.9194915254237288, "f1-score": 0.2504327755337565, "support": 236}, "66": {"precision": 0.0, "recall": 0.0, "f1-score": 0.0, "support": 49}, "67": {"precision": 0.5789473684210527, "recall": 0.10784313725490197, "f1-score": 0.1818181818181818, "support": 102}, "68": {"precision": 0.5901639344262295, "recall": 0.6428571428571429, "f1-score": 0.6153846153846154, "support": 56},