{"0": {"precision": 0.11631205673758865, "recall": 0.7884615384615384, "f1-score": 0.2027194066749073, "support": 624}, "1": {"precision": 0.13955555555555554, "recall": 0.3165322580645161, "f1-score": 0.1937075879086983, "support": 496}, "2": {"precision": 0.028423772609819122, "recall": 0.4782608695652174, "f1-score": 0.05365853658536585, "support": 23}, "3": {"precision": 0.0, "recall": 0.0, "f1-score": 0.0, "support": 159}, "4": {"precision": 0.25396825396825395, "recall": 0.8888888888888888, "f1-score": 0.3950617283950617, "support": 18}, "5": {"precision": 0.23771580345285526, "recall": 0.895, "f1-score": 0.3756558237145855, "support": 200}, "6": {"precision": 0.5045871559633027, "recall": 0.6707317073170732, "f1-score": 0.5759162303664922, "support": 164}, "7": {"precision": 0.5599284436493739, "recall": 0.9873817034700315, "f1-score": 0.7146118721461187, "support": 317}, "8": {"precision": 0.4427083333333333, "recall": 0.37362637362637363, "f1-score": 0.4052443384982122, "support": 455}, "9": {"precision": 0.11564625850340136, "recall": 0.8095238095238095, "f1-score": 0.20238095238095238, "support": 63}, "10": {"precision": 0.04788001153735218, "recall": 0.4676056338028169, "f1-score": 0.08686551543694401, "support": 355}, "11": {"precision": 0.08333333333333333, "recall": 0.0006464124111182935, "f1-score": 0.0012828736369467609, "support": 1547}, "12": {"precision": 0.7473684210526316, "recall": 0.44375, "f1-score": 0.5568627450980392, "support": 160}, "13": {"precision": 0.43259557344064387, "recall": 0.4613733905579399, "f1-score": 0.446521287642783, "support": 466}, "14": {"precision": 0.0, "recall": 0.0, "f1-score": 0.0, "support": 56}, "15": {"precision": 0.9, "recall": 0.020865533230293665, "f1-score": 0.04078549848942598, "support": 1294}, "16": {"precision": 0.0, "recall": 0.0, "f1-score": 0.0, "support": 124}, "17": {"precision": 0.2857142857142857, "recall": 0.003389830508474576, "f1-score": 0.006700167504187604, "support": 590}, "18": {"precision": 0.24709302325581395, "recall": 0.7870370370370371, "f1-score": 0.3761061946902655, "support": 216}, "19": {"precision": 0.22058823529411764, "recall": 0.2459016393442623, "f1-score": 0.23255813953488372, "support": 61}, "20": {"precision": 0.3333333333333333, "recall": 0.08, "f1-score": 0.12903225806451613, "support": 25}, "21": {"precision": 0.09017713365539452, "recall": 0.5410628019323671, "f1-score": 0.15458937198067635, "support": 414}, "22": {"precision": 0.14563106796116504, "recall": 0.12396694214876033, "f1-score": 0.13392857142857142, "support": 121}, "23": {"precision": 0.5, "recall": 0.020689655172413793, "f1-score": 0.03973509933774834, "support": 145}, "24": {"precision": 0.11764705882352941, "recall": 0.03225806451612903, "f1-score": 0.05063291139240506, "support": 124}, "25": {"precision": 0.7804878048780488, "recall": 0.16753926701570682, "f1-score": 0.2758620689655173, "support": 191}, "26": {"precision": 0.7724137931034483, "recall": 0.06018269747447609, "f1-score": 0.11166500498504486, "support": 1861}, "27": {"precision": 0.14814814814814814, "recall": 0.19047619047619047, "f1-score": 0.16666666666666666, "support": 21}, "28": {"precision": 0.7631578947368421, "recall": 0.23577235772357724, "f1-score": 0.36024844720496896, "support": 123}, "29": {"precision": 0.5, "recall": 0.02631578947368421, "f1-score": 0.05, "support": 38}, "30": {"precision": 0.4318181818181818, "recall": 0.2878787878787879, "f1-score": 0.34545454545454546, "support": 66}, "31": {"precision": 0.4, "recall": 0.06060606060606061, "f1-score": 0.10526315789473685, "support": 33}, "32": {"precision": 0.06255699434616085, "recall": 0.6832669322709163, "f1-score": 0.11461988304093565, "support": 502}, "33": {"precision": 0.16129032258064516, "recall": 0.12376237623762376, "f1-score": 0.14005602240896362, "support": 202}, "34": {"precision": 0.0, "recall": 0.0, "f1-score": 0.0, "support": 239}, "35": {"precision": 0.7096774193548387, "recall": 0.2018348623853211, "f1-score": 0.3142857142857143, "support": 109}, "36": {"precision": 0.3333333333333333, "recall": 0.005571030640668524, "f1-score": 0.010958904109589041, "support": 359}, "37": {"precision": 0.14285714285714285, "recall": 0.047619047619047616, "f1-score": 0.07142857142857142, "support": 21}, "38": {"precision": 0.9, "recall": 0.008226691042047532, "f1-score": 0.016304347826086956, "support": 1094}, "39": {"precision": 0.3, "recall": 0.06382978723404255, "f1-score": 0.10526315789473684, "support": 47}, "40": {"precision": 0.0, "recall": 0.0, "f1-score": 0.0, "support": 322}, "41": {"precision": 0.10005970149253732, "recall": 0.5166461159062885, "f1-score": 0.16765029508852658, "support": 1622}, "42": {"precision": 0.10432330827067669, "recall": 0.9314685314685315, "f1-score": 0.18763206085364137, "support": 715}, "43": {"precision": 0.5184122429459589, "recall": 0.9093959731543624, "f1-score": 0.6603716113310996, "support": 2384}, "44": {"precision": 0.23076923076923078, "recall": 0.03896103896103896, "f1-score": 0.06666666666666667, "support": 77}, "45": {"precision": 0.23018867924528302, "recall": 0.5083333333333333, "f1-score": 0.31688311688311693, "support": 120}, "46": {"precision": 0.5576923076923077, "recall": 0.5686274509803921, "f1-score": 0.5631067961165048, "support": 51}, "47": {"precision": 0.3333333333333333, "recall": 0.14705882352941177, "f1-score": 0.20408163265306123, "support": 34}, "48": {"precision": 0.25773195876288657, "recall": 0.7352941176470589, "f1-score": 0.38167938931297707, "support": 34}, "49": {"precision": 0.2604166666666667, "recall": 0.2777777777777778, "f1-score": 0.2688172043010753, "support": 90}, "50": {"precision": 0.4523809523809524, "recall": 0.2289156626506024, "f1-score": 0.304, "support": 83}, "51": {"precision": 0.6666666666666666, "recall": 0.047619047619047616, "f1-score": 0.08888888888888889, "support": 42}, "52": {"precision": 0.7777777777777778, "recall": 0.2857142857142857, "f1-score": 0.417910447761194, "support": 147}, "53": {"precision": 0.9700996677740864, "recall": 0.489346420876227, "f1-score": 0.6505410566518142, "support": 4177}, "54": {"precision": 0.3333333333333333, "recall": 0.0021645021645021645, "f1-score": 0.004301075268817205, "support": 2310}, "55": {"precision": 0.07894736842105263, "recall": 0.008708272859216255, "f1-score": 0.01568627450980392, "support": 689}, "56": {"precision": 0.31098696461824954, "recall": 0.9027027027027027, "f1-score": 0.46260387811634346, "support": 185}, "57": {"precision": 0.20550705171255876, "recall": 0.4864864864864865, "f1-score": 0.28895184135977336, "support": 629}, "58": {"precision": 0.17296389588581024, "recall": 0.9363636363636364, "f1-score": 0.2919914953933381, "support": 220}, "59": {"precision": 0.7079646017699115, "recall": 0.23323615160349853, "f1-score": 0.3508771929824561, "support": 343}, "60": {"precision": 0.7391304347826086, "recall": 0.40476190476190477, "f1-score": 0.523076923076923, "support": 42}, "61": {"precision": 0.14285714285714285, "recall": 0.001675392670157068, "f1-score": 0.0033119436969571516, "support": 4775}, "62": {"precision": 0.6843734881470731, "recall": 0.9279716609813697, "f1-score": 0.7877707857659966, "support": 7622}, "63": {"precision": 0.5779571601093243, "recall": 0.6701798349056604, "f1-score": 0.6206614108733489, "support": 13568}, "64": {"precision": 0.032528473804100226, "recall": 0.8225806451612904, "f1-score": 0.06258217196949777, "support": 434}, "65": {"precision": 0.11477663230240549, "recall": 0.8434343434343434, "f1-score": 0.20205686630369027, "support": 198}, "66": {"precision": 0.0, "recall": 0.0, "f1-score": 0.0, "support": 47}, "67": {"precision": 0.7777777777777778, "recall": 0.06796116504854369, "f1-score": 0.125, "support": 103}, "68": {"precision": 0.5789473684210527, "recall": 0.5892857142857143, "f1-score": 0.584070796460177, "support": 56}, "69": {"precision": 0.25, "recall": 0.04878048780487805, "f1-score": 0.0816326530612245, "support": 41},