{"0": {"precision": 0.6363636363636364, "recall": 1.0, "f1-score": 0.7777777777777778, "support": 7}, "4": {"precision": 0.0, "recall": 0.0, "f1-score": 0.0, "support": 0}, "6": {"precision": 0.0, "recall": 0.0, "f1-score": 0.0, "support": 0}, "11": {"precision": 1.0, "recall": 1.0, "f1-score": 1.0, "support": 9}, "12": {"precision": 0.8235294117647058, "recall": 0.875, "f1-score": 0.8484848484848485, "support": 16}, "13": {"precision": 0.8, "recall": 1.0, "f1-score": 0.888888888888889, "support": 8}, "15": {"precision": 0.0, "recall": 0.0, "f1-score": 0.0, "support": 0}, "16": {"precision": 0.8518518518518519, "recall": 0.6571428571428571, "f1-score": 0.7419354838709677, "support": 35}, "21": {"precision": 0.0, "recall": 0.0, "f1-score": 0.0, "support": 0}, "22": {"precision": 1.0, "recall": 1.0, "f1-score": 1.0, "support": 10}, "23": {"precision": 1.0, "recall": 1.0, "f1-score": 1.0, "support": 2}, "27": {"precision": 1.0, "recall": 1.0, "f1-score": 1.0, "support": 1}, "29": {"precision": 0.7142857142857143, "recall": 1.0, "f1-score": 0.8333333333333333, "support": 15}, "31": {"precision": 0.75, "recall": 1.0, "f1-score": 0.8571428571428571, "support": 3}, "36": {"precision": 0.0, "recall": 0.0, "f1-score": 0.0, "support": 1}, "37": {"precision": 0.5714285714285714, "recall": 1.0, "f1-score": 0.7272727272727273, "support": 4}, "43": {"precision": 0.0, "recall": 0.0, "f1-score": 0.0, "support": 0}, "44": {"precision": 0.6666666666666666, "recall": 0.3333333333333333, "f1-score": 0.4444444444444444, "support": 6}, "46": {"precision": 0.9777777777777777, "recall": 0.7333333333333333, "f1-score": 0.838095238095238, "support": 60}, "49": {"precision": 1.0, "recall": 1.0, "f1-score": 1.0, "support": 2}, "51": {"precision": 0.09090909090909091, "recall": 0.5, "f1-score": 0.15384615384615385, "support": 2}, "56": {"precision": 1.0, "recall": 1.0, "f1-score": 1.0, "support": 3}, "59": {"precision": 1.0, "recall": 1.0, "f1-score": 1.0, "support": 3}, "61": {"precision": 0.0, "recall": 0.0, "f1-score": 0.0, "support": 1}, "62": {"precision": 0.42857142857142855, "recall": 0.75, "f1-score": 0.5454545454545454, "support": 4}, "67": {"precision": 0.5, "recall": 1.0, "f1-score": 0.6666666666666666, "support": 1}, "70": {"precision": 0.5714285714285714, "recall": 0.8571428571428571, "f1-score": 0.6857142857142857, "support": 14}, "71": {"precision": 1.0, "recall": 0.5, "f1-score": 0.6666666666666666, "support": 2}, "73": {"precision": 0.9333333333333333, "recall": 0.875, "f1-score": 0.9032258064516129, "support": 16}, "74": {"precision": 1.0, "recall": 1.0, "f1-score": 1.0, "support": 15}, "75": {"precision": 0.8888888888888888, "recall": 0.34782608695652173, "f1-score": 0.5, "support": 23}, "77": {"precision": 1.0, "recall": 0.8636363636363636, "f1-score": 0.9268292682926829, "support": 22}, "accuracy": 0.7859649122807018, "macro avg": {"precision": 0.6314073419771948, "recall": 0.6653879634857895, "f1-score": 0.6251805935126156, "support": 285}, "weighted avg": {"precision": 0.8650399270110312, "recall": 0.7859649122807018, "f1-score": 0.8016256940170974, "support": 285}}