{"0": {"precision": 0.5555555555555556, "recall": 1.0, "f1-score": 0.7142857142857143, "support": 5}, "11": {"precision": 0.5714285714285714, "recall": 1.0, "f1-score": 0.7272727272727273, "support": 4}, "12": {"precision": 0.8571428571428571, "recall": 0.42857142857142855, "f1-score": 0.5714285714285714, "support": 14}, "13": {"precision": 0.8571428571428571, "recall": 1.0, "f1-score": 0.923076923076923, "support": 6}, "16": {"precision": 0.9615384615384616, "recall": 0.6410256410256411, "f1-score": 0.7692307692307693, "support": 39}, "17": {"precision": 0.0, "recall": 0.0, "f1-score": 0.0, "support": 0}, "21": {"precision": 0.0, "recall": 0.0, "f1-score": 0.0, "support": 0}, "22": {"precision": 0.8333333333333334, "recall": 1.0, "f1-score": 0.9090909090909091, "support": 5}, "23": {"precision": 1.0, "recall": 1.0, "f1-score": 1.0, "support": 4}, "27": {"precision": 0.6666666666666666, "recall": 0.5, "f1-score": 0.5714285714285715, "support": 4}, "29": {"precision": 0.358974358974359, "recall": 0.7, "f1-score": 0.4745762711864407, "support": 20}, "31": {"precision": 1.0, "recall": 1.0, "f1-score": 1.0, "support": 2}, "36": {"precision": 0.5, "recall": 1.0, "f1-score": 0.6666666666666666, "support": 1}, "37": {"precision": 0.8571428571428571, "recall": 0.8571428571428571, "f1-score": 0.8571428571428571, "support": 7}, "43": {"precision": 0.5, "recall": 0.6666666666666666, "f1-score": 0.5714285714285715, "support": 3}, "44": {"precision": 0.3333333333333333, "recall": 1.0, "f1-score": 0.5, "support": 4}, "46": {"precision": 0.9090909090909091, "recall": 0.30303030303030304, "f1-score": 0.45454545454545453, "support": 66}, "49": {"precision": 0.0, "recall": 0.0, "f1-score": 0.0, "support": 2}, "51": {"precision": 0.0, "recall": 0.0, "f1-score": 0.0, "support": 1}, "56": {"precision": 0.75, "recall": 1.0, "f1-score": 0.8571428571428571, "support": 3}, "59": {"precision": 1.0, "recall": 1.0, "f1-score": 1.0, "support": 2}, "60": {"precision": 0.0, "recall": 0.0, "f1-score": 0.0, "support": 0}, "62": {"precision": 1.0, "recall": 0.6666666666666666, "f1-score": 0.8, "support": 3}, "68": {"precision": 1.0, "recall": 0.5, "f1-score": 0.6666666666666666, "support": 2}, "70": {"precision": 0.5185185185185185, "recall": 0.7777777777777778, "f1-score": 0.6222222222222222, "support": 18}, "73": {"precision": 0.8333333333333334, "recall": 1.0, "f1-score": 0.9090909090909091, "support": 10}, "74": {"precision": 1.0, "recall": 1.0, "f1-score": 1.0, "support": 11}, "75": {"precision": 0.76, "recall": 0.7307692307692307, "f1-score": 0.7450980392156863, "support": 26}, "77": {"precision": 1.0, "recall": 0.9565217391304348, "f1-score": 0.9777777777777777, "support": 23}, "accuracy": 0.6666666666666666, "macro avg": {"precision": 0.6421793659724695, "recall": 0.6802818038200347, "f1-score": 0.6306266372034584, "support": 285}, "weighted avg": {"precision": 0.8060672621725252, "recall": 0.6666666666666666, "f1-score": 0.6813324089789431, "support": 285}}