{"0": {"precision": 0.10767246937459704, "recall": 0.7852664576802508, "f1-score": 0.18937818937818937, "support": 638}, "1": {"precision": 0.22857142857142856, "recall": 0.43243243243243246, "f1-score": 0.29906542056074764, "support": 481}, "2": {"precision": 0.0165016501650165, "recall": 0.2631578947368421, "f1-score": 0.031055900621118016, "support": 19}, "3": {"precision": 0.0, "recall": 0.0, "f1-score": 0.0, "support": 138}, "4": {"precision": 0.15827338129496402, "recall": 0.9166666666666666, "f1-score": 0.26993865030674846, "support": 24}, "5": {"precision": 0.2078272604588394, "recall": 0.8148148148148148, "f1-score": 0.33118279569892467, "support": 189}, "6": {"precision": 0.6444444444444445, "recall": 0.5304878048780488, "f1-score": 0.5819397993311036, "support": 164}, "7": {"precision": 0.5727272727272728, "recall": 0.9813084112149533, "f1-score": 0.7233065442020665, "support": 321}, "8": {"precision": 0.5694915254237288, "recall": 0.34496919917864477, "f1-score": 0.4296675191815857, "support": 487}, "9": {"precision": 0.09544787077826726, "recall": 0.8552631578947368, "f1-score": 0.17173051519154559, "support": 76}, "10": {"precision": 0.046102819237147596, "recall": 0.3982808022922636, "f1-score": 0.08263971462544589, "support": 349}, "11": {"precision": 0.0, "recall": 0.0, "f1-score": 0.0, "support": 1595}, "12": {"precision": 0.5263157894736842, "recall": 0.3973509933774834, "f1-score": 0.4528301886792453, "support": 151}, "13": {"precision": 0.4444444444444444, "recall": 0.5228215767634855, "f1-score": 0.4804575786463299, "support": 482}, "14": {"precision": 0.07407407407407407, "recall": 0.07272727272727272, "f1-score": 0.07339449541284403, "support": 55}, "15": {"precision": 0.8181818181818182, "recall": 0.16312056737588654, "f1-score": 0.2720105124835742, "support": 1269}, "16": {"precision": 0.0, "recall": 0.0, "f1-score": 0.0, "support": 117}, "17": {"precision": 0.0, "recall": 0.0, "f1-score": 0.0, "support": 632}, "18": {"precision": 0.3039568345323741, "recall": 0.7379912663755459, "f1-score": 0.4305732484076433, "support": 229}, "19": {"precision": 0.25925925925925924, "recall": 0.14285714285714285, "f1-score": 0.18421052631578946, "support": 49}, "20": {"precision": 0.0, "recall": 0.0, "f1-score": 0.0, "support": 24}, "21": {"precision": 0.08867485885088011, "recall": 0.6, "f1-score": 0.1545138888888889, "support": 445}, "22": {"precision": 0.07883817427385892, "recall": 0.16666666666666666, "f1-score": 0.10704225352112676, "support": 114}, "23": {"precision": 0.9230769230769231, "recall": 0.32, "f1-score": 0.4752475247524752, "support": 150}, "24": {"precision": 0.0, "recall": 0.0, "f1-score": 0.0, "support": 116}, "25": {"precision": 0.0, "recall": 0.0, "f1-score": 0.0, "support": 200}, "26": {"precision": 0.0, "recall": 0.0, "f1-score": 0.0, "support": 1836}, "27": {"precision": 0.06930693069306931, "recall": 0.28, "f1-score": 0.11111111111111112, "support": 25}, "28": {"precision": 0.14285714285714285, "recall": 0.01639344262295082, "f1-score": 0.029411764705882356, "support": 122}, "29": {"precision": 1.0, "recall": 0.06060606060606061, "f1-score": 0.1142857142857143, "support": 33}, "30": {"precision": 0.12, "recall": 0.19672131147540983, "f1-score": 0.14906832298136646, "support": 61}, "31": {"precision": 0.0, "recall": 0.0, "f1-score": 0.0, "support": 45}, "32": {"precision": 0.07694223107569721, "recall": 0.6602564102564102, "f1-score": 0.13782337198929528, "support": 468}, "33": {"precision": 0.0, "recall": 0.0, "f1-score": 0.0, "support": 199}, "34": {"precision": 0.0, "recall": 0.0, "f1-score": 0.0, "support": 212}, "35": {"precision": 0.16666666666666666, "recall": 0.01, "f1-score": 0.018867924528301886, "support": 100}, "36": {"precision": 0.0, "recall": 0.0, "f1-score": 0.0, "support": 435}, "37": {"precision": 0.4, "recall": 0.09523809523809523, "f1-score": 0.15384615384615385, "support": 21}, "38": {"precision": 0.0, "recall": 0.0, "f1-score": 0.0, "support": 1091}, "39": {"precision": 0.0, "recall": 0.0, "f1-score": 0.0, "support": 58}, "40": {"precision": 0.0, "recall": 0.0, "f1-score": 0.0, "support": 319}, "41": {"precision": 0.10837118754055808, "recall": 0.5147965474722564, "f1-score": 0.1790500696901469, "support": 1622}, "42": {"precision": 0.08722479315664003, "recall": 0.9311377245508982, "f1-score": 0.15950762918322864, "support": 668}, "43": {"precision": 0.46698007611372283, "recall": 0.9157155399473222, "f1-score": 0.6185322461082283, "support": 2278}, "44": {"precision": 0.17647058823529413, "recall": 0.031578947368421054, "f1-score": 0.05357142857142857, "support": 95}, "45": {"precision": 0.0, "recall": 0.0, "f1-score": 0.0, "support": 118}, "46": {"precision": 0.4057971014492754, "recall": 0.56, "f1-score": 0.4705882352941177, "support": 50}, "47": {"precision": 0.2857142857142857, "recall": 0.18181818181818182, "f1-score": 0.2222222222222222, "support": 44}, "48": {"precision": 0.19827586206896552, "recall": 0.5476190476190477, "f1-score": 0.29113924050632917, "support": 42}, "49": {"precision": 0.3333333333333333, "recall": 0.3684210526315789, "f1-score": 0.35, "support": 76}, "50": {"precision": 0.09090909090909091, "recall": 0.029411764705882353, "f1-score": 0.04444444444444444, "support": 68}, "51": {"precision": 0.0, "recall": 0.0, "f1-score": 0.0, "support": 54}, "52": {"precision": 0.0, "recall": 0.0, "f1-score": 0.0, "support": 174}, "53": {"precision": 0.989492119089317, "recall": 0.2654451491660794, "f1-score": 0.4185960363030191, "support": 4257}, "54": {"precision": 0.047619047619047616, "recall": 0.0008543357539513029, "f1-score": 0.0016785564414603443, "support": 2341}, "55": {"precision": 0.04411764705882353, "recall": 0.004155124653739612, "f1-score": 0.007594936708860759, "support": 722}, "56": {"precision": 0.0, "recall": 0.0, "f1-score": 0.0, "support": 152}, "57": {"precision": 0.17577197149643706, "recall": 0.47058823529411764, "f1-score": 0.2559446606139213, "support": 629}, "58": {"precision": 0.16741674167416742, "recall": 0.8532110091743119, "f1-score": 0.2799097065462754, "support": 218}, "59": {"precision": 1.0, "recall": 0.00804289544235925, "f1-score": 0.015957446808510637, "support": 373}, "60": {"precision": 0.6666666666666666, "recall": 0.0784313725490196, "f1-score": 0.14035087719298245, "support": 51}, "61": {"precision": 0.11538461538461539, "recall": 0.0012552301255230125, "f1-score": 0.0024834437086092716, "support": 4780}, "62": {"precision": 0.621292975242761, "recall": 0.9236571725842112, "f1-score": 0.742887029288703, "support": 7689}, "63": {"precision": 0.5738656987295826, "recall": 0.6948941469489415, "f1-score": 0.6286074020078858, "support": 13651}, "64": {"precision": 0.027979124383879384, "recall": 0.8483516483516483, "f1-score": 0.05417163707809978, "support": 455}, "65": {"precision": 0.15857011915673694, "recall": 0.7899543378995434, "f1-score": 0.2641221374045801, "support": 219}, "66": {"precision": 0.0, "recall": 0.0, "f1-score": 0.0, "support": 41}, "67": {"precision": 0.3333333333333333, "recall": 0.010869565217391304, "f1-score": 0.021052631578947368, "support": 92}, "68": {"precision": 0.43478260869565216, "recall": 0.5357142857142857, "f1-score": 0.48, "support": 56}, "69": {"precision": 0.25, "recall": 0.02127659574468085, "f1-score": 0.0392156862745098, "support": 47}, "70": {"precision": 0.0011173184357541898, "recall": 0.02857142857142857, "f1-score": 0.002150537634408602, "support": 35}, "71": {"precision": 0.0, "recall": 0.0, "f1-score": 0.0, "support": 54}, "72": {"precision": 0.0, "recall": 0.0, "f1-score": 0.0, "support": 221}, "73": {"precision": 0.09715994020926756, "recall": 0.935251798561151, "f1-score": 0.17603249830737983, "support": 139}, "74": {"precision": 0.09508881922675026, "recall": 0.7844827586206896, "f1-score": 0.1696178937558248, "support": 116}, "75": {"precision": 0.4021874223216505, "recall": 0.9385150812064965, "f1-score": 0.5630763876805289, "support": 1724}, "76": {"precision": 0.5228526398739165,