{"0": {"precision": 0.45454545454545453, "recall": 1.0, "f1-score": 0.625, "support": 5}, "11": {"precision": 0.5, "recall": 1.0, "f1-score": 0.6666666666666666, "support": 2}, "12": {"precision": 1.0, "recall": 0.8, "f1-score": 0.888888888888889, "support": 15}, "13": {"precision": 0.5, "recall": 0.4, "f1-score": 0.4444444444444445, "support": 5}, "16": {"precision": 0.9, "recall": 0.7105263157894737, "f1-score": 0.7941176470588235, "support": 38}, "22": {"precision": 0.8571428571428571, "recall": 1.0, "f1-score": 0.923076923076923, "support": 6}, "23": {"precision": 1.0, "recall": 1.0, "f1-score": 1.0, "support": 6}, "27": {"precision": 0.3333333333333333, "recall": 1.0, "f1-score": 0.5, "support": 3}, "29": {"precision": 0.4642857142857143, "recall": 0.6842105263157895, "f1-score": 0.5531914893617021, "support": 19}, "31": {"precision": 1.0, "recall": 0.6666666666666666, "f1-score": 0.8, "support": 3}, "37": {"precision": 1.0, "recall": 1.0, "f1-score": 1.0, "support": 4}, "43": {"precision": 1.0, "recall": 0.6, "f1-score": 0.7499999999999999, "support": 5}, "44": {"precision": 0.8333333333333334, "recall": 0.8333333333333334, "f1-score": 0.8333333333333334, "support": 6}, "46": {"precision": 0.9111111111111111, "recall": 0.6833333333333333, "f1-score": 0.7809523809523808, "support": 60}, "49": {"precision": 0.5, "recall": 1.0, "f1-score": 0.6666666666666666, "support": 1}, "51": {"precision": 0.0, "recall": 0.0, "f1-score": 0.0, "support": 2}, "53": {"precision": 1.0, "recall": 1.0, "f1-score": 1.0, "support": 1}, "55": {"precision": 0.0, "recall": 0.0, "f1-score": 0.0, "support": 0}, "56": {"precision": 1.0, "recall": 1.0, "f1-score": 1.0, "support": 1}, "59": {"precision": 0.75, "recall": 1.0, "f1-score": 0.8571428571428571, "support": 3}, "61": {"precision": 1.0, "recall": 1.0, "f1-score": 1.0, "support": 1}, "62": {"precision": 0.8571428571428571, "recall": 1.0, "f1-score": 0.923076923076923, "support": 6}, "68": {"precision": 0.0, "recall": 0.0, "f1-score": 0.0, "support": 0}, "70": {"precision": 0.8571428571428571, "recall": 0.8571428571428571, "f1-score": 0.8571428571428571, "support": 14}, "73": {"precision": 0.9545454545454546, "recall": 1.0, "f1-score": 0.9767441860465117, "support": 21}, "74": {"precision": 1.0, "recall": 1.0, "f1-score": 1.0, "support": 15}, "75": {"precision": 0.7916666666666666, "recall": 0.8260869565217391, "f1-score": 0.8085106382978724, "support": 23}, "76": {"precision": 1.0, "recall": 0.5, "f1-score": 0.6666666666666666, "support": 2}, "77": {"precision": 1.0, "recall": 1.0, "f1-score": 1.0, "support": 18}, "accuracy": 0.8070175438596491, "macro avg": {"precision": 0.7401465392844704, "recall": 0.7779758616932135, "f1-score": 0.7350214678904661, "support": 285}, "weighted avg": {"precision": 0.8552642971064023, "recall": 0.8070175438596491, "f1-score": 0.8174170697133994, "support": 285}}