{"0": {"precision": 0.12420624841249682, "recall": 0.7664576802507836, "f1-score": 0.21377049180327867, "support": 638}, "1": {"precision": 0.23186813186813188, "recall": 0.4386694386694387, "f1-score": 0.3033788641265277, "support": 481}, "2": {"precision": 0.01634877384196185, "recall": 0.3157894736842105, "f1-score": 0.031088082901554397, "support": 19}, "3": {"precision": 0.26666666666666666, "recall": 0.028985507246376812, "f1-score": 0.0522875816993464, "support": 138}, "4": {"precision": 0.29333333333333333, "recall": 0.9166666666666666, "f1-score": 0.4444444444444445, "support": 24}, "5": {"precision": 0.21903520208604954, "recall": 0.8888888888888888, "f1-score": 0.3514644351464435, "support": 189}, "6": {"precision": 0.6086956521739131, "recall": 0.5975609756097561, "f1-score": 0.603076923076923, "support": 164}, "7": {"precision": 0.42702702702702705, "recall": 0.9844236760124611, "f1-score": 0.5956644674835062, "support": 321}, "8": {"precision": 0.4823848238482385, "recall": 0.3655030800821355, "f1-score": 0.4158878504672897, "support": 487}, "9": {"precision": 0.09869375907111756, "recall": 0.8947368421052632, "f1-score": 0.17777777777777778, "support": 76}, "10": {"precision": 0.03754993342210386, "recall": 0.4040114613180516, "f1-score": 0.06871345029239766, "support": 349}, "11": {"precision": 0.2, "recall": 0.0006269592476489029, "f1-score": 0.0012499999999999998, "support": 1595}, "12": {"precision": 0.5054151624548736, "recall": 0.9271523178807947, "f1-score": 0.6542056074766355, "support": 151}, "13": {"precision": 0.44658493870402804, "recall": 0.529045643153527, "f1-score": 0.4843304843304843, "support": 482}, "14": {"precision": 0.16216216216216217, "recall": 0.43636363636363634, "f1-score": 0.23645320197044334, "support": 55}, "15": {"precision": 0.8035019455252919, "recall": 0.32545311268715527, "f1-score": 0.46326416152551875, "support": 1269}, "16": {"precision": 0.0, "recall": 0.0, "f1-score": 0.0, "support": 117}, "17": {"precision": 0.6923076923076923, "recall": 0.04272151898734177, "f1-score": 0.08047690014903129, "support": 632}, "18": {"precision": 0.29213483146067415, "recall": 0.7947598253275109, "f1-score": 0.4272300469483568, "support": 229}, "19": {"precision": 0.2, "recall": 0.24489795918367346, "f1-score": 0.22018348623853212, "support": 49}, "20": {"precision": 0.0, "recall": 0.0, "f1-score": 0.0, "support": 24}, "21": {"precision": 0.0828269907259354, "recall": 0.5820224719101124, "f1-score": 0.14501679731243003, "support": 445}, "22": {"precision": 0.1568627450980392, "recall": 0.14035087719298245, "f1-score": 0.14814814814814814, "support": 114}, "23": {"precision": 0.9803921568627451, "recall": 0.3333333333333333, "f1-score": 0.4975124378109452, "support": 150}, "24": {"precision": 0.2, "recall": 0.008620689655172414, "f1-score": 0.01652892561983471, "support": 116}, "25": {"precision": 0.2328767123287671, "recall": 0.085, "f1-score": 0.12454212454212454, "support": 200}, "26": {"precision": 0.07142857142857142, "recall": 0.0005446623093681918, "f1-score": 0.0010810810810810813, "support": 1836}, "27": {"precision": 0.13, "recall": 0.52, "f1-score": 0.20800000000000002, "support": 25}, "28": {"precision": 0.6774193548387096, "recall": 0.1721311475409836, "f1-score": 0.27450980392156865, "support": 122}, "29": {"precision": 0.5, "recall": 0.3333333333333333, "f1-score": 0.4, "support": 33}, "30": {"precision": 0.16483516483516483, "recall": 0.2459016393442623, "f1-score": 0.19736842105263155, "support": 61}, "31": {"precision": 0.5666666666666667, "recall": 0.37777777777777777, "f1-score": 0.4533333333333333, "support": 45}, "32": {"precision": 0.06922913569760034, "recall": 0.6965811965811965, "f1-score": 0.1259416650569828, "support": 468}, "33": {"precision": 0.0, "recall": 0.0, "f1-score": 0.0, "support": 199}, "34": {"precision": 0.6666666666666666, "recall": 0.009433962264150943, "f1-score": 0.018604651162790697, "support": 212}, "35": {"precision": 0.47368421052631576, "recall": 0.09, "f1-score": 0.15126050420168066, "support": 100}, "36": {"precision": 0.42857142857142855, "recall": 0.013793103448275862, "f1-score": 0.026726057906458798, "support": 435}, "37": {"precision": 0.3333333333333333, "recall": 0.23809523809523808, "f1-score": 0.2777777777777778, "support": 21}, "38": {"precision": 0.10526315789473684, "recall": 0.0018331805682859762, "f1-score": 0.0036036036036036037, "support": 1091}, "39": {"precision": 0.25274725274725274, "recall": 0.39655172413793105, "f1-score": 0.3087248322147651, "support": 58}, "40": {"precision": 0.14285714285714285, "recall": 0.01567398119122257, "f1-score": 0.02824858757062147, "support": 319}, "41": {"precision": 0.10910011390963169, "recall": 0.531442663378545, "f1-score": 0.18103538800798066, "support": 1622}, "42": {"precision": 0.0907900480139677, "recall": 0.9341317365269461, "f1-score": 0.16549529240153826, "support": 668}, "43": {"precision": 0.48118903855085926, "recall": 0.9095697980684812, "f1-score": 0.629404617253949, "support": 2278}, "44": {"precision": 0.36363636363636365, "recall": 0.08421052631578947, "f1-score": 0.13675213675213677, "support": 95}, "45": {"precision": 0.23636363636363636, "recall": 0.11016949152542373, "f1-score": 0.15028901734104044, "support": 118}, "46": {"precision": 0.17525773195876287, "recall": 0.68, "f1-score": 0.27868852459016397, "support": 50}, "47": {"precision": 0.36363636363636365, "recall": 0.2727272727272727, "f1-score": 0.3116883116883117, "support": 44}, "48": {"precision": 0.18181818181818182, "recall": 0.5714285714285714, "f1-score": 0.27586206896551724, "support": 42}, "49": {"precision": 0.21052631578947367, "recall": 0.47368421052631576, "f1-score": 0.29149797570850206, "support": 76}, "50": {"precision": 0.7045454545454546, "recall": 0.45588235294117646, "f1-score": 0.5535714285714286, "support": 68}, "51": {"precision": 0.5, "recall": 0.09259259259259259, "f1-score": 0.15625, "support": 54}, "52": {"precision": 0.6033057851239669, "recall": 0.41954022988505746, "f1-score": 0.49491525423728805, "support": 174}, "53": {"precision": 0.9902614044079959, "recall": 0.45384073291050037, "f1-score": 0.6224226804123711, "support": 4257}, "54": {"precision": 0.08, "recall": 0.0008543357539513029, "f1-score": 0.00169061707523246, "support": 2341}, "55": {"precision": 0.07692307692307693, "recall": 0.004155124653739612, "f1-score": 0.00788436268068331, "support": 722}, "56": {"precision": 0.05903790087463557, "recall": 0.5328947368421053, "f1-score": 0.1062992125984252, "support": 152}, "57": {"precision": 0.22859216255442671, "recall": 0.5007949125596184, "f1-score": 0.31390134529147984, "support": 629}, "58": {"precision": 0.1460832745236415, "recall": 0.9495412844036697, "f1-score": 0.25321100917431194, "support": 218}, "59": {"precision": 0.8235294117647058, "recall": 0.26273458445040215, "f1-score": 0.3983739837398374, "support": 373}, "60": {"precision": 0.3181818181818182, "recall": 0.13725490196078433, "f1-score": 0.19178082191780824, "support": 51}, "61": {"precision": 0.234375, "recall": 0.0031380753138075313, "f1-score": 0.006193228736581338, "support": 4780}, "62": {"precision": 0.6950201355466065, "recall": 0.9202757185589804, "f1-score": 0.7919418019026302, "support": 7689}, "63": {"precision": 0.5417360831849256, "recall": 0.690791883378507, "f1-score": 0.6072509498357911, "support": 13651}, "64": {"precision": 0.03914076216048745, "recall": 0.832967032967033, "f1-score": 0.07476819885579009, "support": 455}, "65": {"precision": 0.12707581227436823, "recall": 0.8036529680365296, "f1-score": 0.2194513715710723, "support": 219}, "66": {"precision": 0.06060606060606061, "recall": 0.04878048780487805, "f1-score": 0.05405405405405405, "support": 41}, "67": {"precision": 0.7272727272727273, "recall": 0.17391304347826086, "f1-score": 0.2807017543859649, "support": 92}, "68": {"precision": 0.34408602150537637, "recall": 0.5714285714285714, "f1-score": 0.42953020134228187, "support": 56},