{"0": {"precision": 0.7, "recall": 1.0, "f1-score": 0.8235294117647058, "support": 7}, "4": {"precision": 0.0, "recall": 0.0, "f1-score": 0.0, "support": 0}, "6": {"precision": 0.0, "recall": 0.0, "f1-score": 0.0, "support": 0}, "11": {"precision": 0.6923076923076923, "recall": 1.0, "f1-score": 0.8181818181818181, "support": 9}, "12": {"precision": 0.8571428571428571, "recall": 0.75, "f1-score": 0.7999999999999999, "support": 16}, "13": {"precision": 1.0, "recall": 0.5, "f1-score": 0.6666666666666666, "support": 8}, "16": {"precision": 0.8076923076923077, "recall": 0.6, "f1-score": 0.6885245901639345, "support": 35}, "21": {"precision": 0.0, "recall": 0.0, "f1-score": 0.0, "support": 0}, "22": {"precision": 0.9090909090909091, "recall": 1.0, "f1-score": 0.9523809523809523, "support": 10}, "23": {"precision": 1.0, "recall": 1.0, "f1-score": 1.0, "support": 2}, "27": {"precision": 0.3333333333333333, "recall": 1.0, "f1-score": 0.5, "support": 1}, "29": {"precision": 0.6, "recall": 1.0, "f1-score": 0.7499999999999999, "support": 15}, "31": {"precision": 0.75, "recall": 1.0, "f1-score": 0.8571428571428571, "support": 3}, "32": {"precision": 0.0, "recall": 0.0, "f1-score": 0.0, "support": 0}, "36": {"precision": 0.0, "recall": 0.0, "f1-score": 0.0, "support": 1}, "37": {"precision": 0.5714285714285714, "recall": 1.0, "f1-score": 0.7272727272727273, "support": 4}, "43": {"precision": 0.0, "recall": 0.0, "f1-score": 0.0, "support": 0}, "44": {"precision": 0.6666666666666666, "recall": 0.6666666666666666, "f1-score": 0.6666666666666666, "support": 6}, "46": {"precision": 0.9473684210526315, "recall": 0.6, "f1-score": 0.7346938775510204, "support": 60}, "49": {"precision": 1.0, "recall": 0.5, "f1-score": 0.6666666666666666, "support": 2}, "51": {"precision": 0.07142857142857142, "recall": 0.5, "f1-score": 0.125, "support": 2}, "53": {"precision": 0.0, "recall": 0.0, "f1-score": 0.0, "support": 0}, "56": {"precision": 1.0, "recall": 1.0, "f1-score": 1.0, "support": 3}, "59": {"precision": 0.6, "recall": 1.0, "f1-score": 0.7499999999999999, "support": 3}, "61": {"precision": 0.0, "recall": 0.0, "f1-score": 0.0, "support": 1}, "62": {"precision": 0.375, "recall": 0.75, "f1-score": 0.5, "support": 4}, "65": {"precision": 0.0, "recall": 0.0, "f1-score": 0.0, "support": 0}, "67": {"precision": 0.0, "recall": 0.0, "f1-score": 0.0, "support": 1}, "70": {"precision": 0.6, "recall": 0.8571428571428571, "f1-score": 0.7058823529411764, "support": 14}, "71": {"precision": 1.0, "recall": 0.5, "f1-score": 0.6666666666666666, "support": 2}, "73": {"precision": 0.8888888888888888, "recall": 1.0, "f1-score": 0.9411764705882353, "support": 16}, "74": {"precision": 1.0, "recall": 1.0, "f1-score": 1.0, "support": 15}, "75": {"precision": 1.0, "recall": 0.043478260869565216, "f1-score": 0.08333333333333333, "support": 23}, "77": {"precision": 1.0, "recall": 0.8636363636363636, "f1-score": 0.9268292682926829, "support": 22}, "accuracy": 0.712280701754386, "macro avg": {"precision": 0.5403043593833068, "recall": 0.5626742396563368, "f1-score": 0.5103121860670621, "support": 285}, "weighted avg": {"precision": 0.8420400949209813, "recall": 0.712280701754386, "f1-score": 0.7179324617502145, "support": 285}}