{"0": {"precision": 0.022886674049464747, "recall": 0.10385259631490787, "f1-score": 0.03750756200846945, "support": 597}, "1": {"precision": 0.01682758620689655, "recall": 0.1227364185110664, "f1-score": 0.02959728287239204, "support": 497}, "2": {"precision": 0.001184834123222749, "recall": 0.1111111111111111, "f1-score": 0.002344665885111372, "support": 18}, "3": {"precision": 0.0660377358490566, "recall": 0.04895104895104895, "f1-score": 0.05622489959839357, "support": 143}, "4": {"precision": 0.003003003003003003, "recall": 0.07692307692307693, "f1-score": 0.005780346820809248, "support": 13}, "5": {"precision": 0.04792332268370607, "recall": 0.08333333333333333, "f1-score": 0.060851926977687626, "support": 180}, "6": {"precision": 0.013584117032392894, "recall": 0.0962962962962963, "f1-score": 0.023809523809523805, "support": 135}, "7": {"precision": 0.16318407960199005, "recall": 0.5157232704402516, "f1-score": 0.24792139077853365, "support": 318}, "8": {"precision": 0.168141592920354, "recall": 0.2106430155210643, "f1-score": 0.18700787401574806, "support": 451}, "9": {"precision": 0.004965859714463066, "recall": 0.14285714285714285, "f1-score": 0.009598080383923216, "support": 56}, "10": {"precision": 0.012048192771084338, "recall": 0.02005730659025788, "f1-score": 0.015053763440860218, "support": 349}, "11": {"precision": 0.026680896478121666, "recall": 0.016339869281045753, "f1-score": 0.020267531414673693, "support": 1530}, "12": {"precision": 0.1509433962264151, "recall": 0.1893491124260355, "f1-score": 0.1679790026246719, "support": 169}, "13": {"precision": 0.00572197913160552, "recall": 0.035789473684210524, "f1-score": 0.009866511897852584, "support": 475}, "14": {"precision": 0.0, "recall": 0.0, "f1-score": 0.0, "support": 62}, "15": {"precision": 0.04595914742451154, "recall": 0.16520351157222665, "f1-score": 0.07191245440333506, "support": 1253}, "16": {"precision": 0.002844950213371266, "recall": 0.01639344262295082, "f1-score": 0.0048484848484848485, "support": 122}, "17": {"precision": 0.028833551769331587, "recall": 0.03636363636363636, "f1-score": 0.03216374269005848, "support": 605}, "18": {"precision": 0.003374578177727784, "recall": 0.014705882352941176, "f1-score": 0.0054894784995425435, "support": 204}, "19": {"precision": 0.0, "recall": 0.0, "f1-score": 0.0, "support": 62}, "20": {"precision": 0.0, "recall": 0.0, "f1-score": 0.0, "support": 27}, "21": {"precision": 0.1, "recall": 0.043478260869565216, "f1-score": 0.06060606060606061, "support": 391}, "22": {"precision": 0.005747126436781609, "recall": 0.009433962264150943, "f1-score": 0.007142857142857143, "support": 106}, "23": {"precision": 0.009009009009009009, "recall": 0.02564102564102564, "f1-score": 0.013333333333333334, "support": 117}, "24": {"precision": 0.0, "recall": 0.0, "f1-score": 0.0, "support": 119}, "25": {"precision": 0.06267806267806268, "recall": 0.30697674418604654, "f1-score": 0.10410094637223975, "support": 215}, "26": {"precision": 0.0125, "recall": 0.002201430930104568, "f1-score": 0.003743565746373421, "support": 1817}, "27": {"precision": 0.004166666666666667, "recall": 0.18518518518518517, "f1-score": 0.008149959250203748, "support": 27}, "28": {"precision": 0.0062266500622665, "recall": 0.047619047619047616, "f1-score": 0.011013215859030836, "support": 105}, "29": {"precision": 0.002484472049689441, "recall": 0.058823529411764705, "f1-score": 0.004767580452920143, "support": 34}, "30": {"precision": 0.0, "recall": 0.0, "f1-score": 0.0, "support": 62}, "31": {"precision": 0.0183206106870229, "recall": 0.34285714285714286, "f1-score": 0.034782608695652174, "support": 35}, "32": {"precision": 0.02553191489361702, "recall": 0.1728395061728395, "f1-score": 0.044491525423728806, "support": 486}, "33": {"precision": 0.014145810663764961, "recall": 0.065, "f1-score": 0.02323503127792672, "support": 200}, "34": {"precision": 0.017582417582417582, "recall": 0.07174887892376682, "f1-score": 0.028243601059135037, "support": 223}, "35": {"precision": 0.01, "recall": 0.009708737864077669, "f1-score": 0.009852216748768473, "support": 103}, "36": {"precision": 0.12987012987012986, "recall": 0.24154589371980675, "f1-score": 0.16891891891891891, "support": 414}, "37": {"precision": 0.0, "recall": 0.0, "f1-score": 0.0, "support": 18}, "38": {"precision": 0.060032894736842105, "recall": 0.1994535519125683, "f1-score": 0.09228824273072062, "support": 1098}, "39": {"precision": 0.0032113037893384713, "recall": 0.125, "f1-score": 0.006261740763932372, "support": 40}, "40": {"precision": 0.00762673844773441, "recall": 0.1827956989247312, "f1-score": 0.014642549526270457, "support": 279}, "41": {"precision": 0.042582417582417584, "recall": 0.0194601381042059, "f1-score": 0.026712623869021974, "support": 1593}, "42": {"precision": 0.014713343480466767, "recall": 0.04447852760736196, "f1-score": 0.02211208539839878, "support": 652}, "43": {"precision": 0.1076923076923077, "recall": 0.008757297748123435, "f1-score": 0.016197454685692246, "support": 2398}, "44": {"precision": 0.0075282308657465494, "recall": 0.06451612903225806, "f1-score": 0.013483146067415729, "support": 93}, "45": {"precision": 0.013513513513513514, "recall": 0.096, "f1-score": 0.02369200394866733, "support": 125}, "46": {"precision": 0.003194888178913738, "recall": 0.014492753623188406, "f1-score": 0.005235602094240837, "support": 69}, "47": {"precision": 0.0, "recall": 0.0, "f1-score": 0.0, "support": 54}, "48": {"precision": 0.00186219739292365, "recall": 0.025, "f1-score": 0.0034662045060658577, "support": 40}, "49": {"precision": 0.004024144869215292, "recall": 0.06818181818181818, "f1-score": 0.007599746675110831, "support": 88}, "50": {"precision": 0.025423728813559324, "recall": 0.04225352112676056, "f1-score": 0.03174603174603175, "support": 71}, "51": {"precision": 0.0024630541871921183, "recall": 0.023809523809523808, "f1-score": 0.004464285714285714, "support": 42}, "52": {"precision": 0.06724511930585683, "recall": 0.21678321678321677, "f1-score": 0.10264900662251655, "support": 143}, "53": {"precision": 0.7253086419753086, "recall": 0.2800953516090584, "f1-score": 0.40412725709372316, "support": 4195}, "54": {"precision": 0.1966594827586207, "recall": 0.1525282072712077, "f1-score": 0.17180513061896915, "support": 2393}, "55": {"precision": 0.02053388090349076, "recall": 0.027972027972027972, "f1-score": 0.023682652457075196, "support": 715}, "56": {"precision": 0.057352941176470586, "recall": 0.4936708860759494, "f1-score": 0.10276679841897234, "support": 158}, "57": {"precision": 0.04386422976501306, "recall": 0.2662440570522979, "f1-score": 0.07531943510423673, "support": 631}, "58": {"precision": 0.0625, "recall": 0.6244131455399061, "f1-score": 0.11362665527552328, "support": 213}, "59": {"precision": 0.1751592356687898, "recall": 0.16272189349112426, "f1-score": 0.16871165644171776, "support": 338}, "60": {"precision": 0.0017196904557179708, "recall": 0.07692307692307693, "f1-score": 0.0033641715727502105, "support": 52}, "61": {"precision": 0.12048192771084337, "recall": 0.016481252575195716, "f1-score": 0.02899601304820587, "support": 4854}, "62": {"precision": 0.6718606782768103, "recall": 0.28703824565983554, "f1-score": 0.40223157124565573, "support": 7661}, "63": {"precision": 0.09482758620689655, "recall": 0.000808942491542874, "f1-score": 0.0016042000875018231, "support": 13598}, "64": {"precision": 0.11071428571428571, "recall": 0.07209302325581396, "f1-score": 0.08732394366197184, "support": 430}, "65": {"precision": 0.015220700152207, "recall": 0.0423728813559322, "f1-score": 0.022396416573348264, "support": 236}, "66": {"precision": 0.038461538461538464, "recall": 0.4489795918367347, "f1-score": 0.07085346215781, "support": 49}, "67": {"precision": 0.03732503888024884, "recall": 0.23529411764705882, "f1-score": 0.06442953020134229, "support": 102}, "68": {"precision": 0.003003003003003003, "recall": 0.03571428571428571, "f1-score": 0.005540166204986149,