{"0": {"precision": 0.4444444444444444, "recall": 0.8, "f1-score": 0.5714285714285714, "support": 5}, "4": {"precision": 0.0, "recall": 0.0, "f1-score": 0.0, "support": 0}, "11": {"precision": 0.07692307692307693, "recall": 0.25, "f1-score": 0.11764705882352941, "support": 4}, "12": {"precision": 0.8571428571428571, "recall": 0.42857142857142855, "f1-score": 0.5714285714285714, "support": 14}, "13": {"precision": 0.0, "recall": 0.0, "f1-score": 0.0, "support": 6}, "14": {"precision": 0.0, "recall": 0.0, "f1-score": 0.0, "support": 0}, "15": {"precision": 0.0, "recall": 0.0, "f1-score": 0.0, "support": 0}, "16": {"precision": 0.8235294117647058, "recall": 0.358974358974359, "f1-score": 0.5, "support": 39}, "17": {"precision": 0.0, "recall": 0.0, "f1-score": 0.0, "support": 0}, "19": {"precision": 0.0, "recall": 0.0, "f1-score": 0.0, "support": 0}, "21": {"precision": 0.0, "recall": 0.0, "f1-score": 0.0, "support": 0}, "22": {"precision": 0.8333333333333334, "recall": 1.0, "f1-score": 0.9090909090909091, "support": 5}, "23": {"precision": 1.0, "recall": 1.0, "f1-score": 1.0, "support": 4}, "27": {"precision": 1.0, "recall": 0.5, "f1-score": 0.6666666666666666, "support": 4}, "29": {"precision": 0.1951219512195122, "recall": 0.4, "f1-score": 0.26229508196721313, "support": 20}, "31": {"precision": 0.6666666666666666, "recall": 1.0, "f1-score": 0.8, "support": 2}, "33": {"precision": 0.0, "recall": 0.0, "f1-score": 0.0, "support": 0}, "36": {"precision": 0.3333333333333333, "recall": 1.0, "f1-score": 0.5, "support": 1}, "37": {"precision": 1.0, "recall": 0.7142857142857143, "f1-score": 0.8333333333333333, "support": 7}, "43": {"precision": 0.0, "recall": 0.0, "f1-score": 0.0, "support": 3}, "44": {"precision": 0.4, "recall": 1.0, "f1-score": 0.5714285714285715, "support": 4}, "46": {"precision": 0.9642857142857143, "recall": 0.4090909090909091, "f1-score": 0.574468085106383, "support": 66}, "48": {"precision": 0.0, "recall": 0.0, "f1-score": 0.0, "support": 0}, "49": {"precision": 0.0, "recall": 0.0, "f1-score": 0.0, "support": 2}, "51": {"precision": 0.0, "recall": 0.0, "f1-score": 0.0, "support": 1}, "53": {"precision": 0.0, "recall": 0.0, "f1-score": 0.0, "support": 0}, "56": {"precision": 0.75, "recall": 1.0, "f1-score": 0.8571428571428571, "support": 3}, "57": {"precision": 0.0, "recall": 0.0, "f1-score": 0.0, "support": 0}, "59": {"precision": 0.6666666666666666, "recall": 1.0, "f1-score": 0.8, "support": 2}, "60": {"precision": 0.0, "recall": 0.0, "f1-score": 0.0, "support": 0}, "62": {"precision": 0.0, "recall": 0.0, "f1-score": 0.0, "support": 3}, "65": {"precision": 0.0, "recall": 0.0, "f1-score": 0.0, "support": 0}, "68": {"precision": 0.5, "recall": 0.5, "f1-score": 0.5, "support": 2}, "70": {"precision": 0.5, "recall": 0.6666666666666666, "f1-score": 0.5714285714285715, "support": 18}, "71": {"precision": 0.0, "recall": 0.0, "f1-score": 0.0, "support": 0}, "73": {"precision": 0.38461538461538464, "recall": 1.0, "f1-score": 0.5555555555555556, "support": 10}, "74": {"precision": 0.0, "recall": 0.0, "f1-score": 0.0, "support": 11}, "75": {"precision": 0.8, "recall": 0.15384615384615385, "f1-score": 0.25806451612903225, "support": 26}, "76": {"precision": 0.0, "recall": 0.0, "f1-score": 0.0, "support": 0}, "77": {"precision": 1.0, "recall": 0.08695652173913043, "f1-score": 0.16, "support": 23}, "accuracy": 0.4105263157894737, "macro avg": {"precision": 0.32990157100989237, "recall": 0.33170979382935906, "f1-score": 0.2894994587382441, "support": 285}, "weighted avg": {"precision": 0.6942304500659858, "recall": 0.4105263157894737, "f1-score": 0.4449897228492091, "support": 285}}