{"0": {"precision": 0.07218934911242604, "recall": 0.10217755443886097, "f1-score": 0.08460471567267684, "support": 597}, "1": {"precision": 0.059853190287972896, "recall": 0.21327967806841047, "f1-score": 0.09347442680776014, "support": 497}, "2": {"precision": 0.0018214936247723133, "recall": 0.05555555555555555, "f1-score": 0.0035273368606701942, "support": 18}, "3": {"precision": 0.07920792079207921, "recall": 0.16783216783216784, "f1-score": 0.10762331838565023, "support": 143}, "4": {"precision": 0.013114754098360656, "recall": 0.3076923076923077, "f1-score": 0.025157232704402514, "support": 13}, "5": {"precision": 0.04807692307692308, "recall": 0.1111111111111111, "f1-score": 0.06711409395973154, "support": 180}, "6": {"precision": 0.02861230329041488, "recall": 0.14814814814814814, "f1-score": 0.04796163069544365, "support": 135}, "7": {"precision": 0.5736434108527132, "recall": 0.6981132075471698, "f1-score": 0.6297872340425532, "support": 318}, "8": {"precision": 0.1087369420702754, "recall": 0.5077605321507761, "f1-score": 0.1791161517403207, "support": 451}, "9": {"precision": 0.033426183844011144, "recall": 0.21428571428571427, "f1-score": 0.05783132530120482, "support": 56}, "10": {"precision": 0.13937282229965156, "recall": 0.22922636103151864, "f1-score": 0.1733477789815818, "support": 349}, "11": {"precision": 0.2313167259786477, "recall": 0.21241830065359477, "f1-score": 0.22146507666098805, "support": 1530}, "12": {"precision": 0.6882352941176471, "recall": 0.6923076923076923, "f1-score": 0.6902654867256637, "support": 169}, "13": {"precision": 0.03808680248007086, "recall": 0.09052631578947369, "f1-score": 0.05361596009975063, "support": 475}, "14": {"precision": 0.00546448087431694, "recall": 0.0967741935483871, "f1-score": 0.010344827586206896, "support": 62}, "15": {"precision": 0.019214346712211786, "recall": 0.035913806863527534, "f1-score": 0.02503477051460362, "support": 1253}, "16": {"precision": 0.008410428931875526, "recall": 0.08196721311475409, "f1-score": 0.015255530129672006, "support": 122}, "17": {"precision": 0.35789473684210527, "recall": 0.05619834710743802, "f1-score": 0.09714285714285714, "support": 605}, "18": {"precision": 0.001303780964797914, "recall": 0.004901960784313725, "f1-score": 0.0020597322348094747, "support": 204}, "19": {"precision": 0.023668639053254437, "recall": 0.06451612903225806, "f1-score": 0.03463203463203463, "support": 62}, "20": {"precision": 0.05188679245283019, "recall": 0.4074074074074074, "f1-score": 0.09205020920502092, "support": 27}, "21": {"precision": 0.05150214592274678, "recall": 0.09207161125319693, "f1-score": 0.06605504587155962, "support": 391}, "22": {"precision": 0.010115606936416185, "recall": 0.0660377358490566, "f1-score": 0.01754385964912281, "support": 106}, "23": {"precision": 0.12837837837837837, "recall": 0.3247863247863248, "f1-score": 0.18401937046004843, "support": 117}, "24": {"precision": 0.014492753623188406, "recall": 0.06722689075630252, "f1-score": 0.023845007451564832, "support": 119}, "25": {"precision": 0.25968109339407747, "recall": 0.5302325581395348, "f1-score": 0.34862385321100925, "support": 215}, "26": {"precision": 0.13358070500927643, "recall": 0.03962575674188222, "f1-score": 0.06112054329371816, "support": 1817}, "27": {"precision": 0.01263537906137184, "recall": 0.25925925925925924, "f1-score": 0.024096385542168672, "support": 27}, "28": {"precision": 0.04398148148148148, "recall": 0.18095238095238095, "f1-score": 0.0707635009310987, "support": 105}, "29": {"precision": 0.026422764227642278, "recall": 0.38235294117647056, "f1-score": 0.04942965779467681, "support": 34}, "30": {"precision": 0.0070921985815602835, "recall": 0.03225806451612903, "f1-score": 0.011627906976744186, "support": 62}, "31": {"precision": 0.11409395973154363, "recall": 0.4857142857142857, "f1-score": 0.18478260869565216, "support": 35}, "32": {"precision": 0.034545454545454546, "recall": 0.2345679012345679, "f1-score": 0.060221870047543584, "support": 486}, "33": {"precision": 0.08072289156626505, "recall": 0.335, "f1-score": 0.13009708737864079, "support": 200}, "34": {"precision": 0.027111574556830033, "recall": 0.11659192825112108, "f1-score": 0.043993231810490696, "support": 223}, "35": {"precision": 0.0533596837944664, "recall": 0.2621359223300971, "f1-score": 0.08866995073891625, "support": 103}, "36": {"precision": 0.09285714285714286, "recall": 0.25120772946859904, "f1-score": 0.13559322033898305, "support": 414}, "37": {"precision": 0.014563106796116505, "recall": 0.16666666666666666, "f1-score": 0.026785714285714284, "support": 18}, "38": {"precision": 0.18523233609166137, "recall": 0.2650273224043716, "f1-score": 0.21805919820157363, "support": 1098}, "39": {"precision": 0.033766233766233764, "recall": 0.325, "f1-score": 0.061176470588235284, "support": 40}, "40": {"precision": 0.019591141396933562, "recall": 0.08243727598566308, "f1-score": 0.031658637302133516, "support": 279}, "41": {"precision": 0.06017191977077364, "recall": 0.026365348399246705, "f1-score": 0.036665211697948494, "support": 1593}, "42": {"precision": 0.03535353535353535, "recall": 0.13957055214723926, "f1-score": 0.05641661500309981, "support": 652}, "43": {"precision": 0.1087378640776699, "recall": 0.02335279399499583, "f1-score": 0.03844833504977686, "support": 2398}, "44": {"precision": 0.0291005291005291, "recall": 0.11827956989247312, "f1-score": 0.04670912951167728, "support": 93}, "45": {"precision": 0.08998732572877059, "recall": 0.568, "f1-score": 0.15536105032822758, "support": 125}, "46": {"precision": 0.01327433628318584, "recall": 0.13043478260869565, "f1-score": 0.024096385542168676, "support": 69}, "47": {"precision": 0.015625, "recall": 0.12962962962962962, "f1-score": 0.027888446215139442, "support": 54}, "48": {"precision": 0.007062146892655367, "recall": 0.125, "f1-score": 0.013368983957219253, "support": 40}, "49": {"precision": 0.006607073455110766, "recall": 0.19318181818181818, "f1-score": 0.012777151446824503, "support": 88}, "50": {"precision": 0.06837606837606838, "recall": 0.22535211267605634, "f1-score": 0.10491803278688525, "support": 71}, "51": {"precision": 0.008823529411764706, "recall": 0.14285714285714285, "f1-score": 0.01662049861495845, "support": 42}, "52": {"precision": 0.10396039603960396, "recall": 0.2937062937062937, "f1-score": 0.15356489945155394, "support": 143}, "53": {"precision": 0.7771317829457365, "recall": 0.47794994040524436, "f1-score": 0.5918819188191882, "support": 4195}, "54": {"precision": 0.18147751605995718, "recall": 0.1416631842875052, "f1-score": 0.1591175780333255, "support": 2393}, "55": {"precision": 0.07198275862068966, "recall": 0.23356643356643356, "f1-score": 0.1100494233937397, "support": 715}, "56": {"precision": 0.229064039408867, "recall": 0.5886075949367089, "f1-score": 0.3297872340425532, "support": 158}, "57": {"precision": 0.04386984311446833, "recall": 0.2393026941362916, "f1-score": 0.07414682052541124, "support": 631}, "58": {"precision": 0.4134366925064599, "recall": 0.7511737089201878, "f1-score": 0.5333333333333333, "support": 213}, "59": {"precision": 0.4959677419354839, "recall": 0.363905325443787, "f1-score": 0.41979522184300344, "support": 338}, "60": {"precision": 0.016028495102404273, "recall": 0.34615384615384615, "f1-score": 0.03063829787234042, "support": 52}, "61": {"precision": 0.14352120859965137, "recall": 0.05088586732591677, "f1-score": 0.07513307984790873, "support": 4854}, "62": {"precision": 0.8102409638554217, "recall": 0.6320323717530348, "f1-score": 0.7101268607464984, "support": 7661}, "63": {"precision": 0.4135048231511254, "recall": 0.047286365642006174, "f1-score": 0.08486768296706923, "support": 13598}, "64": {"precision": 0.11054421768707483, "recall": 0.1511627906976744, "f1-score": 0.12770137524557956, "support": 430}, "65": {"precision": 0.20972222222222223, "recall": 0.6398305084745762, "f1-score": 0.3158995815899582, "support": 236},