{"0": {"precision": 0.45454545454545453, "recall": 1.0, "f1-score": 0.625, "support": 5}, "11": {"precision": 0.4, "recall": 1.0, "f1-score": 0.5714285714285715, "support": 2}, "12": {"precision": 0.9230769230769231, "recall": 0.8, "f1-score": 0.8571428571428571, "support": 15}, "13": {"precision": 0.6, "recall": 0.6, "f1-score": 0.6, "support": 5}, "16": {"precision": 0.875, "recall": 0.7368421052631579, "f1-score": 0.7999999999999999, "support": 38}, "22": {"precision": 0.8571428571428571, "recall": 1.0, "f1-score": 0.923076923076923, "support": 6}, "23": {"precision": 1.0, "recall": 1.0, "f1-score": 1.0, "support": 6}, "27": {"precision": 0.6, "recall": 1.0, "f1-score": 0.7499999999999999, "support": 3}, "29": {"precision": 0.48, "recall": 0.631578947368421, "f1-score": 0.5454545454545454, "support": 19}, "31": {"precision": 1.0, "recall": 0.3333333333333333, "f1-score": 0.5, "support": 3}, "37": {"precision": 0.8, "recall": 1.0, "f1-score": 0.888888888888889, "support": 4}, "43": {"precision": 1.0, "recall": 0.4, "f1-score": 0.5714285714285715, "support": 5}, "44": {"precision": 0.8333333333333334, "recall": 0.8333333333333334, "f1-score": 0.8333333333333334, "support": 6}, "46": {"precision": 0.8958333333333334, "recall": 0.7166666666666667, "f1-score": 0.7962962962962963, "support": 60}, "48": {"precision": 0.0, "recall": 0.0, "f1-score": 0.0, "support": 0}, "49": {"precision": 0.5, "recall": 1.0, "f1-score": 0.6666666666666666, "support": 1}, "51": {"precision": 0.0, "recall": 0.0, "f1-score": 0.0, "support": 2}, "53": {"precision": 1.0, "recall": 1.0, "f1-score": 1.0, "support": 1}, "55": {"precision": 0.0, "recall": 0.0, "f1-score": 0.0, "support": 0}, "56": {"precision": 1.0, "recall": 1.0, "f1-score": 1.0, "support": 1}, "59": {"precision": 1.0, "recall": 1.0, "f1-score": 1.0, "support": 3}, "61": {"precision": 0.5, "recall": 1.0, "f1-score": 0.6666666666666666, "support": 1}, "62": {"precision": 0.7142857142857143, "recall": 0.8333333333333334, "f1-score": 0.7692307692307692, "support": 6}, "68": {"precision": 0.0, "recall": 0.0, "f1-score": 0.0, "support": 0}, "70": {"precision": 0.8571428571428571, "recall": 0.8571428571428571, "f1-score": 0.8571428571428571, "support": 14}, "73": {"precision": 0.9545454545454546, "recall": 1.0, "f1-score": 0.9767441860465117, "support": 21}, "74": {"precision": 1.0, "recall": 1.0, "f1-score": 1.0, "support": 15}, "75": {"precision": 0.76, "recall": 0.8260869565217391, "f1-score": 0.7916666666666667, "support": 23}, "76": {"precision": 1.0, "recall": 0.5, "f1-score": 0.6666666666666666, "support": 2}, "77": {"precision": 1.0, "recall": 1.0, "f1-score": 1.0, "support": 18}, "accuracy": 0.8070175438596491, "macro avg": {"precision": 0.700163530913531, "recall": 0.7356105844320948, "f1-score": 0.6885611488712265, "support": 285}, "weighted avg": {"precision": 0.8420803757645863, "recall": 0.8070175438596491, "f1-score": 0.8118231109295982, "support": 285}}