{"0": {"precision": 0.034183673469387756, "recall": 0.10501567398119123, "f1-score": 0.05157813702848345, "support": 638}, "1": {"precision": 0.04367373153500321, "recall": 0.28274428274428276, "f1-score": 0.07566063977746872, "support": 481}, "2": {"precision": 0.007957559681697613, "recall": 0.15789473684210525, "f1-score": 0.01515151515151515, "support": 19}, "3": {"precision": 0.06321839080459771, "recall": 0.15942028985507245, "f1-score": 0.09053497942386832, "support": 138}, "4": {"precision": 0.03125, "recall": 0.5, "f1-score": 0.058823529411764705, "support": 24}, "5": {"precision": 0.024390243902439025, "recall": 0.047619047619047616, "f1-score": 0.03225806451612904, "support": 189}, "6": {"precision": 0.0, "recall": 0.0, "f1-score": 0.0, "support": 164}, "7": {"precision": 0.3627760252365931, "recall": 0.3582554517133956, "f1-score": 0.36050156739811917, "support": 321}, "8": {"precision": 0.09306260575296109, "recall": 0.11293634496919917, "f1-score": 0.1020408163265306, "support": 487}, "9": {"precision": 0.05296610169491525, "recall": 0.32894736842105265, "f1-score": 0.09124087591240876, "support": 76}, "10": {"precision": 0.14583333333333334, "recall": 0.16045845272206305, "f1-score": 0.15279672578444747, "support": 349}, "11": {"precision": 0.10586734693877552, "recall": 0.10407523510971786, "f1-score": 0.10496364211191907, "support": 1595}, "12": {"precision": 0.29376854599406527, "recall": 0.6556291390728477, "f1-score": 0.40573770491803274, "support": 151}, "13": {"precision": 0.03823371028540657, "recall": 0.14730290456431536, "f1-score": 0.06070970500213767, "support": 482}, "14": {"precision": 0.03467153284671533, "recall": 0.34545454545454546, "f1-score": 0.06301824212271974, "support": 55}, "15": {"precision": 0.21959979476654695, "recall": 0.33727344365642237, "f1-score": 0.2660037290242387, "support": 1269}, "16": {"precision": 0.001639344262295082, "recall": 0.008547008547008548, "f1-score": 0.002751031636863824, "support": 117}, "17": {"precision": 0.11428571428571428, "recall": 0.0759493670886076, "f1-score": 0.09125475285171103, "support": 632}, "18": {"precision": 0.007530930607853685, "recall": 0.0611353711790393, "f1-score": 0.013409961685823755, "support": 229}, "19": {"precision": 0.009174311926605505, "recall": 0.061224489795918366, "f1-score": 0.01595744680851064, "support": 49}, "20": {"precision": 0.04895104895104895, "recall": 0.2916666666666667, "f1-score": 0.08383233532934131, "support": 24}, "21": {"precision": 0.02112676056338028, "recall": 0.006741573033707865, "f1-score": 0.010221465076660987, "support": 445}, "22": {"precision": 0.012658227848101266, "recall": 0.043859649122807015, "f1-score": 0.01964636542239686, "support": 114}, "23": {"precision": 0.046819787985865724, "recall": 0.35333333333333333, "f1-score": 0.08268330733229329, "support": 150}, "24": {"precision": 0.0041928721174004195, "recall": 0.017241379310344827, "f1-score": 0.006745362563237774, "support": 116}, "25": {"precision": 0.03773584905660377, "recall": 0.12, "f1-score": 0.057416267942583726, "support": 200}, "26": {"precision": 0.05737704918032787, "recall": 0.02287581699346405, "f1-score": 0.03271028037383177, "support": 1836}, "27": {"precision": 0.011428571428571429, "recall": 0.16, "f1-score": 0.021333333333333333, "support": 25}, "28": {"precision": 0.040229885057471264, "recall": 0.05737704918032787, "f1-score": 0.0472972972972973, "support": 122}, "29": {"precision": 0.027491408934707903, "recall": 0.24242424242424243, "f1-score": 0.04938271604938271, "support": 33}, "30": {"precision": 0.02054794520547945, "recall": 0.09836065573770492, "f1-score": 0.03399433427762039, "support": 61}, "31": {"precision": 0.006802721088435374, "recall": 0.1111111111111111, "f1-score": 0.01282051282051282, "support": 45}, "32": {"precision": 0.02754098360655738, "recall": 0.08974358974358974, "f1-score": 0.04214751630707476, "support": 468}, "33": {"precision": 0.029585798816568046, "recall": 0.10050251256281408, "f1-score": 0.045714285714285714, "support": 199}, "34": {"precision": 0.0344622697563874, "recall": 0.27358490566037735, "f1-score": 0.06121372031662269, "support": 212}, "35": {"precision": 0.11956521739130435, "recall": 0.22, "f1-score": 0.15492957746478875, "support": 100}, "36": {"precision": 0.15233785822021115, "recall": 0.23218390804597702, "f1-score": 0.18397085610200362, "support": 435}, "37": {"precision": 0.024390243902439025, "recall": 0.42857142857142855, "f1-score": 0.04615384615384615, "support": 21}, "38": {"precision": 0.12553987906708897, "recall": 0.3996333638863428, "f1-score": 0.19106047326906225, "support": 1091}, "39": {"precision": 0.04100946372239748, "recall": 0.4482758620689655, "f1-score": 0.07514450867052024, "support": 58}, "40": {"precision": 0.02564102564102564, "recall": 0.07210031347962383, "f1-score": 0.03782894736842105, "support": 319}, "41": {"precision": 0.0677671589921807, "recall": 0.04808877928483354, "f1-score": 0.05625676163000361, "support": 1622}, "42": {"precision": 0.05143721633888049, "recall": 0.10179640718562874, "f1-score": 0.06834170854271357, "support": 668}, "43": {"precision": 0.10805084745762712, "recall": 0.022388059701492536, "f1-score": 0.03709090909090909, "support": 2278}, "44": {"precision": 0.04854368932038835, "recall": 0.21052631578947367, "f1-score": 0.07889546351084814, "support": 95}, "45": {"precision": 0.053409090909090906, "recall": 0.3983050847457627, "f1-score": 0.09418837675350701, "support": 118}, "46": {"precision": 0.004975124378109453, "recall": 0.02, "f1-score": 0.00796812749003984, "support": 50}, "47": {"precision": 0.002257336343115124, "recall": 0.022727272727272728, "f1-score": 0.004106776180698151, "support": 44}, "48": {"precision": 0.009174311926605505, "recall": 0.11904761904761904, "f1-score": 0.017035775127768313, "support": 42}, "49": {"precision": 0.016910935738444193, "recall": 0.19736842105263158, "f1-score": 0.03115264797507788, "support": 76}, "50": {"precision": 0.1214574898785425, "recall": 0.4411764705882353, "f1-score": 0.19047619047619044, "support": 68}, "51": {"precision": 0.008708272859216255, "recall": 0.1111111111111111, "f1-score": 0.0161507402422611, "support": 54}, "52": {"precision": 0.07021276595744681, "recall": 0.3793103448275862, "f1-score": 0.118491921005386, "support": 174}, "53": {"precision": 0.8793555638816036, "recall": 0.5513272257458304, "f1-score": 0.6777360669939358, "support": 4257}, "54": {"precision": 0.17305151915455746, "recall": 0.05595899188381034, "f1-score": 0.08457069076823756, "support": 2341}, "55": {"precision": 0.044497282608695655, "recall": 0.3628808864265928, "f1-score": 0.07927382753403933, "support": 722}, "56": {"precision": 0.20884520884520885, "recall": 0.5592105263157895, "f1-score": 0.3041144901610018, "support": 152}, "57": {"precision": 0.04878048780487805, "recall": 0.10492845786963434, "f1-score": 0.06659939455095863, "support": 629}, "58": {"precision": 0.2020316027088036, "recall": 0.8211009174311926, "f1-score": 0.3242753623188406, "support": 218}, "59": {"precision": 0.18840579710144928, "recall": 0.06970509383378017, "f1-score": 0.10176125244618398, "support": 373}, "60": {"precision": 0.00998003992015968, "recall": 0.09803921568627451, "f1-score": 0.018115942028985504, "support": 51}, "61": {"precision": 0.3190978886756238, "recall": 0.13912133891213388, "f1-score": 0.19376456876456874, "support": 4780}, "62": {"precision": 0.7637122416534181, "recall": 0.49980491611392897, "f1-score": 0.6041977831931452, "support": 7689}, "63": {"precision": 0.40032679738562094, "recall": 0.12563182184455352, "f1-score": 0.1912461667131308, "support": 13651}, "64": {"precision": 0.05212211466865227, "recall": 0.15384615384615385, "f1-score": 0.0778642936596218, "support": 455}, "65": {"precision": 0.2513464991023339, "recall": 0.639269406392694, "f1-score": 0.3608247422680412, "support": 219}, "66": {"precision": 0.031413612565445025, "recall": 0.14634146341463414,