{"0": {"precision": 0.2727272727272727, "recall": 0.6, "f1-score": 0.37499999999999994, "support": 5}, "11": {"precision": 0.6666666666666666, "recall": 1.0, "f1-score": 0.8, "support": 4}, "12": {"precision": 0.75, "recall": 0.6428571428571429, "f1-score": 0.6923076923076924, "support": 14}, "13": {"precision": 0.6, "recall": 0.75, "f1-score": 0.6666666666666665, "support": 4}, "14": {"precision": 0.0, "recall": 0.0, "f1-score": 0.0, "support": 0}, "15": {"precision": 0.0, "recall": 0.0, "f1-score": 0.0, "support": 0}, "16": {"precision": 0.8461538461538461, "recall": 0.5789473684210527, "f1-score": 0.6875, "support": 38}, "21": {"precision": 0.0, "recall": 0.0, "f1-score": 0.0, "support": 0}, "22": {"precision": 0.625, "recall": 1.0, "f1-score": 0.7692307692307693, "support": 5}, "23": {"precision": 1.0, "recall": 1.0, "f1-score": 1.0, "support": 3}, "27": {"precision": 1.0, "recall": 0.6666666666666666, "f1-score": 0.8, "support": 3}, "29": {"precision": 0.6666666666666666, "recall": 0.9411764705882353, "f1-score": 0.7804878048780487, "support": 17}, "31": {"precision": 1.0, "recall": 0.875, "f1-score": 0.9333333333333333, "support": 8}, "36": {"precision": 0.25, "recall": 1.0, "f1-score": 0.4, "support": 1}, "37": {"precision": 0.7142857142857143, "recall": 1.0, "f1-score": 0.8333333333333333, "support": 5}, "43": {"precision": 0.75, "recall": 0.75, "f1-score": 0.75, "support": 4}, "44": {"precision": 0.25, "recall": 0.2857142857142857, "f1-score": 0.26666666666666666, "support": 7}, "46": {"precision": 0.96875, "recall": 0.543859649122807, "f1-score": 0.6966292134831461, "support": 57}, "49": {"precision": 1.0, "recall": 1.0, "f1-score": 1.0, "support": 1}, "51": {"precision": 0.16666666666666666, "recall": 0.6666666666666666, "f1-score": 0.26666666666666666, "support": 3}, "53": {"precision": 0.0, "recall": 0.0, "f1-score": 0.0, "support": 0}, "56": {"precision": 0.5, "recall": 1.0, "f1-score": 0.6666666666666666, "support": 1}, "59": {"precision": 0.8, "recall": 1.0, "f1-score": 0.888888888888889, "support": 4}, "61": {"precision": 0.0, "recall": 0.0, "f1-score": 0.0, "support": 1}, "62": {"precision": 0.375, "recall": 0.75, "f1-score": 0.5, "support": 4}, "67": {"precision": 0.0, "recall": 0.0, "f1-score": 0.0, "support": 0}, "68": {"precision": 1.0, "recall": 0.6666666666666666, "f1-score": 0.8, "support": 3}, "70": {"precision": 0.7692307692307693, "recall": 0.9090909090909091, "f1-score": 0.8333333333333333, "support": 11}, "71": {"precision": 1.0, "recall": 1.0, "f1-score": 1.0, "support": 1}, "73": {"precision": 1.0, "recall": 1.0, "f1-score": 1.0, "support": 18}, "74": {"precision": 1.0, "recall": 1.0, "f1-score": 1.0, "support": 13}, "75": {"precision": 0.46153846153846156, "recall": 0.3, "f1-score": 0.3636363636363637, "support": 20}, "76": {"precision": 1.0, "recall": 1.0, "f1-score": 1.0, "support": 1}, "77": {"precision": 1.0, "recall": 1.0, "f1-score": 1.0, "support": 29}, "accuracy": 0.7263157894736842, "macro avg": {"precision": 0.6009613548216489, "recall": 0.6743131125233656, "f1-score": 0.6108925705615169, "support": 285}, "weighted avg": {"precision": 0.8095612939691887, "recall": 0.7263157894736842, "f1-score": 0.7422557972568791, "support": 285}}