{"0": {"precision": 0.0310330747243773, "recall": 0.2820037105751391, "f1-score": 0.055913187419532835, "support": 539}, "1": {"precision": 0.03903559127439724, "recall": 0.1475054229934924, "f1-score": 0.06173399909214707, "support": 461}, "2": {"precision": 0.014749262536873156, "recall": 0.25, "f1-score": 0.02785515320334262, "support": 20}, "3": {"precision": 0.01437908496732026, "recall": 0.14193548387096774, "f1-score": 0.026112759643916912, "support": 155}, "4": {"precision": 0.026706231454005934, "recall": 0.375, "f1-score": 0.04986149584487534, "support": 24}, "5": {"precision": 0.03787878787878788, "recall": 0.024752475247524754, "f1-score": 0.029940119760479045, "support": 202}, "6": {"precision": 0.09665427509293681, "recall": 0.16049382716049382, "f1-score": 0.12064965197215775, "support": 162}, "7": {"precision": 0.6089965397923875, "recall": 0.5333333333333333, "f1-score": 0.568659127625202, "support": 330}, "8": {"precision": 0.1829405162738496, "recall": 0.35434782608695653, "f1-score": 0.24130273871206512, "support": 460}, "9": {"precision": 0.010744435917114352, "recall": 0.23728813559322035, "f1-score": 0.020558002936857563, "support": 59}, "10": {"precision": 0.12796208530805686, "recall": 0.07714285714285714, "f1-score": 0.0962566844919786, "support": 350}, "11": {"precision": 0.363905325443787, "recall": 0.23163841807909605, "f1-score": 0.28308400460299193, "support": 1593}, "12": {"precision": 0.4789473684210526, "recall": 0.6275862068965518, "f1-score": 0.5432835820895522, "support": 145}, "13": {"precision": 0.024132730015082957, "recall": 0.1762114537444934, "f1-score": 0.04245157866808172, "support": 454}, "14": {"precision": 0.04721030042918455, "recall": 0.3055555555555556, "f1-score": 0.08178438661710037, "support": 72}, "15": {"precision": 0.1767011043819024, "recall": 0.389937106918239, "f1-score": 0.2431968619759745, "support": 1272}, "16": {"precision": 0.014925373134328358, "recall": 0.058823529411764705, "f1-score": 0.023809523809523808, "support": 136}, "17": {"precision": 0.11602209944751381, "recall": 0.03583617747440273, "f1-score": 0.054758800521512385, "support": 586}, "18": {"precision": 0.01282051282051282, "recall": 0.09956709956709957, "f1-score": 0.02271604938271605, "support": 231}, "19": {"precision": 0.007352941176470588, "recall": 0.018518518518518517, "f1-score": 0.010526315789473682, "support": 54}, "20": {"precision": 0.08053691275167785, "recall": 0.5, "f1-score": 0.13872832369942195, "support": 24}, "21": {"precision": 0.01870748299319728, "recall": 0.026252983293556086, "f1-score": 0.02184707050645482, "support": 419}, "22": {"precision": 0.0071090047393364926, "recall": 0.056074766355140186, "f1-score": 0.012618296529968454, "support": 107}, "23": {"precision": 0.0323785803237858, "recall": 0.39097744360902253, "f1-score": 0.05980448533640022, "support": 133}, "24": {"precision": 0.01447178002894356, "recall": 0.15625, "f1-score": 0.026490066225165563, "support": 128}, "25": {"precision": 0.21145374449339208, "recall": 0.23529411764705882, "f1-score": 0.222737819025522, "support": 204}, "26": {"precision": 0.06422018348623854, "recall": 0.019553072625698324, "f1-score": 0.029978586723768734, "support": 1790}, "27": {"precision": 0.012738853503184714, "recall": 0.3, "f1-score": 0.02443991853360489, "support": 20}, "28": {"precision": 0.0014619883040935672, "recall": 0.007936507936507936, "f1-score": 0.0024691358024691358, "support": 126}, "29": {"precision": 0.01104417670682731, "recall": 0.3142857142857143, "f1-score": 0.02133850630455868, "support": 35}, "30": {"precision": 0.004016064257028112, "recall": 0.015384615384615385, "f1-score": 0.006369426751592356, "support": 65}, "31": {"precision": 0.009537784299339692, "recall": 0.48148148148148145, "f1-score": 0.018705035971223024, "support": 27}, "32": {"precision": 0.026447252424331474, "recall": 0.18711018711018712, "f1-score": 0.046343975283213185, "support": 481}, "33": {"precision": 0.11, "recall": 0.29464285714285715, "f1-score": 0.16019417475728157, "support": 224}, "34": {"precision": 0.0352035203520352, "recall": 0.15458937198067632, "f1-score": 0.05734767025089605, "support": 207}, "35": {"precision": 0.1864406779661017, "recall": 0.22, "f1-score": 0.20183486238532108, "support": 100}, "36": {"precision": 0.07450444292549556, "recall": 0.28165374677002586, "f1-score": 0.11783783783783784, "support": 387}, "37": {"precision": 0.014285714285714285, "recall": 0.07142857142857142, "f1-score": 0.023809523809523805, "support": 14}, "38": {"precision": 0.2055944055944056, "recall": 0.26824817518248173, "f1-score": 0.23277909738717337, "support": 1096}, "39": {"precision": 0.0032258064516129032, "recall": 0.07317073170731707, "f1-score": 0.006179196704428424, "support": 41}, "40": {"precision": 0.009689922480620155, "recall": 0.017985611510791366, "f1-score": 0.012594458438287152, "support": 278}, "41": {"precision": 0.048330944091746875, "recall": 0.14731585518102372, "f1-score": 0.07278334618350038, "support": 1602}, "42": {"precision": 0.014479215319943952, "recall": 0.04234972677595628, "f1-score": 0.021580229725026108, "support": 732}, "43": {"precision": 0.05745341614906832, "recall": 0.01610796691336526, "f1-score": 0.025161509690581434, "support": 2297}, "44": {"precision": 0.06837606837606838, "recall": 0.11267605633802817, "f1-score": 0.08510638297872342, "support": 71}, "45": {"precision": 0.0900763358778626, "recall": 0.48760330578512395, "f1-score": 0.1520618556701031, "support": 121}, "46": {"precision": 0.014522821576763486, "recall": 0.125, "f1-score": 0.026022304832713755, "support": 56}, "47": {"precision": 0.0, "recall": 0.0, "f1-score": 0.0, "support": 37}, "48": {"precision": 0.004118616144975288, "recall": 0.11363636363636363, "f1-score": 0.00794912559618442, "support": 44}, "49": {"precision": 0.013927576601671309, "recall": 0.19047619047619047, "f1-score": 0.025957170668397145, "support": 105}, "50": {"precision": 0.06004618937644342, "recall": 0.37681159420289856, "f1-score": 0.10358565737051793, "support": 69}, "51": {"precision": 0.0058309037900874635, "recall": 0.1, "f1-score": 0.011019283746556472, "support": 40}, "52": {"precision": 0.06228373702422145, "recall": 0.0967741935483871, "f1-score": 0.07578947368421053, "support": 186}, "53": {"precision": 0.6385998107852412, "recall": 0.16029446687247684, "f1-score": 0.25626423690205014, "support": 4211}, "54": {"precision": 0.21057786483839372, "recall": 0.09033613445378151, "f1-score": 0.1264334019406057, "support": 2380}, "55": {"precision": 0.09526699029126214, "recall": 0.22687861271676302, "f1-score": 0.1341880341880342, "support": 692}, "56": {"precision": 0.19842829076620824, "recall": 0.5674157303370787, "f1-score": 0.2940320232896652, "support": 178}, "57": {"precision": 0.029556650246305417, "recall": 0.07881773399014778, "f1-score": 0.042991491267353334, "support": 609}, "58": {"precision": 0.5151515151515151, "recall": 0.6830357142857143, "f1-score": 0.5873320537428023, "support": 224}, "59": {"precision": 0.06144256455921639, "recall": 0.18904109589041096, "f1-score": 0.09274193548387097, "support": 365}, "60": {"precision": 0.0026246719160104987, "recall": 0.023809523809523808, "f1-score": 0.004728132387706856, "support": 42}, "61": {"precision": 0.20654911838790932, "recall": 0.051909685587676724, "f1-score": 0.08296795952782461, "support": 4739}, "62": {"precision": 0.796774675227714, "recall": 0.6973340303188709, "f1-score": 0.7437452087253467, "support": 7652}, "63": {"precision": 0.2445414847161572, "recall": 0.012259194395796848, "f1-score": 0.023347925786950177, "support": 13704}, "64": {"precision": 0.0681198910081744, "recall": 0.2834467120181406, "f1-score": 0.10984182776801407, "support": 441}, "65": {"precision": 0.17956656346749225, "recall": 0.6203208556149733, "f1-score": 0.2785114045618247, "support": 187}, "66": {"precision": 0.08280254777070063, "recall": 0.3170731707317073, "f1-score": 0.13131313131313133, "support": 41},