{"0": {"precision": 0.11314741035856574, "recall": 0.7903525046382189, "f1-score": 0.19795539033457252, "support": 539}, "1": {"precision": 0.16923076923076924, "recall": 0.33405639913232105, "f1-score": 0.22465353756382203, "support": 461}, "2": {"precision": 0.017377567140600316, "recall": 0.55, "f1-score": 0.033690658499234305, "support": 20}, "3": {"precision": 0.0, "recall": 0.0, "f1-score": 0.0, "support": 155}, "4": {"precision": 0.3142857142857143, "recall": 0.9166666666666666, "f1-score": 0.4680851063829787, "support": 24}, "5": {"precision": 0.2852512155591572, "recall": 0.8712871287128713, "f1-score": 0.4297924297924298, "support": 202}, "6": {"precision": 0.5508021390374331, "recall": 0.6358024691358025, "f1-score": 0.5902578796561604, "support": 162}, "7": {"precision": 0.5487179487179488, "recall": 0.9727272727272728, "f1-score": 0.701639344262295, "support": 330}, "8": {"precision": 0.5755395683453237, "recall": 0.34782608695652173, "f1-score": 0.4336043360433604, "support": 460}, "9": {"precision": 0.09706959706959707, "recall": 0.8983050847457628, "f1-score": 0.17520661157024794, "support": 59}, "10": {"precision": 0.037860444640105656, "recall": 0.49142857142857144, "f1-score": 0.07030451665644799, "support": 350}, "11": {"precision": 0.7171717171717171, "recall": 0.17827997489014438, "f1-score": 0.285570638511815, "support": 1593}, "12": {"precision": 0.6263736263736264, "recall": 0.7862068965517242, "f1-score": 0.6972477064220183, "support": 145}, "13": {"precision": 0.3990066225165563, "recall": 0.5308370044052864, "f1-score": 0.4555765595463138, "support": 454}, "14": {"precision": 0.4857142857142857, "recall": 0.2361111111111111, "f1-score": 0.3177570093457944, "support": 72}, "15": {"precision": 0.8373702422145328, "recall": 0.19025157232704404, "f1-score": 0.3100576553491352, "support": 1272}, "16": {"precision": 0.00909090909090909, "recall": 0.007352941176470588, "f1-score": 0.008130081300813009, "support": 136}, "17": {"precision": 0.9, "recall": 0.015358361774744027, "f1-score": 0.030201342281879193, "support": 586}, "18": {"precision": 0.33638025594149906, "recall": 0.7965367965367965, "f1-score": 0.47300771208226217, "support": 231}, "19": {"precision": 0.171875, "recall": 0.2037037037037037, "f1-score": 0.18644067796610167, "support": 54}, "20": {"precision": 0.0, "recall": 0.0, "f1-score": 0.0, "support": 24}, "21": {"precision": 0.09127159946832078, "recall": 0.4916467780429594, "f1-score": 0.1539611360239163, "support": 419}, "22": {"precision": 0.10891089108910891, "recall": 0.102803738317757, "f1-score": 0.10576923076923077, "support": 107}, "23": {"precision": 0.8275862068965517, "recall": 0.3609022556390977, "f1-score": 0.5026178010471204, "support": 133}, "24": {"precision": 0.0, "recall": 0.0, "f1-score": 0.0, "support": 128}, "25": {"precision": 0.35555555555555557, "recall": 0.3137254901960784, "f1-score": 0.3333333333333333, "support": 204}, "26": {"precision": 0.6666666666666666, "recall": 0.0033519553072625698, "f1-score": 0.006670372429127293, "support": 1790}, "27": {"precision": 0.04878048780487805, "recall": 0.2, "f1-score": 0.07843137254901962, "support": 20}, "28": {"precision": 0.52, "recall": 0.10317460317460317, "f1-score": 0.17218543046357615, "support": 126}, "29": {"precision": 0.2777777777777778, "recall": 0.14285714285714285, "f1-score": 0.18867924528301885, "support": 35}, "30": {"precision": 0.3333333333333333, "recall": 0.24615384615384617, "f1-score": 0.28318584070796465, "support": 65}, "31": {"precision": 0.2727272727272727, "recall": 0.3333333333333333, "f1-score": 0.3, "support": 27}, "32": {"precision": 0.06057185854025583, "recall": 0.6694386694386695, "f1-score": 0.11109194410902191, "support": 481}, "33": {"precision": 0.5555555555555556, "recall": 0.13392857142857142, "f1-score": 0.2158273381294964, "support": 224}, "34": {"precision": 0.0, "recall": 0.0, "f1-score": 0.0, "support": 207}, "35": {"precision": 0.5, "recall": 0.05, "f1-score": 0.09090909090909091, "support": 100}, "36": {"precision": 0.0, "recall": 0.0, "f1-score": 0.0, "support": 387}, "37": {"precision": 0.5, "recall": 0.35714285714285715, "f1-score": 0.41666666666666663, "support": 14}, "38": {"precision": 1.0, "recall": 0.029197080291970802, "f1-score": 0.05673758865248227, "support": 1096}, "39": {"precision": 0.7142857142857143, "recall": 0.24390243902439024, "f1-score": 0.36363636363636365, "support": 41}, "40": {"precision": 0.0, "recall": 0.0, "f1-score": 0.0, "support": 278}, "41": {"precision": 0.1195114858970631, "recall": 0.5131086142322098, "f1-score": 0.1938679245283019, "support": 1602}, "42": {"precision": 0.10509107893507706, "recall": 0.9221311475409836, "f1-score": 0.18867924528301885, "support": 732}, "43": {"precision": 0.5283742331288344, "recall": 0.8998693948628647, "f1-score": 0.6658076985021742, "support": 2297}, "44": {"precision": 0.375, "recall": 0.08450704225352113, "f1-score": 0.13793103448275862, "support": 71}, "45": {"precision": 0.2403846153846154, "recall": 0.4132231404958678, "f1-score": 0.303951367781155, "support": 121}, "46": {"precision": 0.5, "recall": 0.3392857142857143, "f1-score": 0.4042553191489362, "support": 56}, "47": {"precision": 0.014742014742014743, "recall": 0.16216216216216217, "f1-score": 0.027027027027027025, "support": 37}, "48": {"precision": 0.1958762886597938, "recall": 0.4318181818181818, "f1-score": 0.2695035460992908, "support": 44}, "49": {"precision": 0.31666666666666665, "recall": 0.3619047619047619, "f1-score": 0.33777777777777773, "support": 105}, "50": {"precision": 0.8, "recall": 0.11594202898550725, "f1-score": 0.20253164556962025, "support": 69}, "51": {"precision": 0.5555555555555556, "recall": 0.125, "f1-score": 0.20408163265306123, "support": 40}, "52": {"precision": 0.04909819639278557, "recall": 0.26344086021505375, "f1-score": 0.08277027027027027, "support": 186}, "53": {"precision": 0.8697478991596639, "recall": 0.0983139396817858, "f1-score": 0.17665884360998504, "support": 4211}, "54": {"precision": 0.35294117647058826, "recall": 0.005042016806722689, "f1-score": 0.009942004971002486, "support": 2380}, "55": {"precision": 0.15176715176715178, "recall": 0.10549132947976879, "f1-score": 0.12446717817561806, "support": 692}, "56": {"precision": 0.1, "recall": 0.02247191011235955, "f1-score": 0.03669724770642202, "support": 178}, "57": {"precision": 0.232821341956346, "recall": 0.4729064039408867, "f1-score": 0.3120260021668472, "support": 609}, "58": {"precision": 0.16435185185185186, "recall": 0.9508928571428571, "f1-score": 0.2802631578947369, "support": 224}, "59": {"precision": 0.9416666666666667, "recall": 0.3095890410958904, "f1-score": 0.465979381443299, "support": 365}, "60": {"precision": 0.0, "recall": 0.0, "f1-score": 0.0, "support": 42}, "61": {"precision": 0.10344827586206896, "recall": 0.0006330449461911796, "f1-score": 0.0012583892617449664, "support": 4739}, "62": {"precision": 0.7100442834138486, "recall": 0.9219811813904861, "f1-score": 0.8022515351375938, "support": 7652}, "63": {"precision": 0.5760744027718679, "recall": 0.6915499124343257, "f1-score": 0.6285524788592273, "support": 13704}, "64": {"precision": 0.029042145593869733, "recall": 0.8594104308390023, "f1-score": 0.056185605218293674, "support": 441}, "65": {"precision": 0.13538205980066445, "recall": 0.8716577540106952, "f1-score": 0.23436376707404744, "support": 187}, "66": {"precision": 0.0, "recall": 0.0, "f1-score": 0.0, "support": 41}, "67": {"precision": 0.6470588235294118, "recall": 0.10784313725490197, "f1-score": 0.18487394957983194, "support": 102}, "68": {"precision": 0.3106796116504854, "recall": 0.6037735849056604, "f1-score": 0.4102564102564102, "support": 53}, "69": {"precision": 0.2962962962962963, "recall": 0.1702127659574468, "f1-score": 0.2162162162162162, "support": 47}, "70": {"precision": 0.00501432664756447, "recall": 0.1794871794871795, "f1-score": 0.009756097560975611, "support": 39}, "71": {"precision": 0.5,