{"0": {"precision": 0.0500916310323763, "recall": 0.13225806451612904, "f1-score": 0.07266282676118743, "support": 620}, "1": {"precision": 0.02199528672427337, "recall": 0.16633663366336635, "f1-score": 0.03885291396854764, "support": 505}, "2": {"precision": 0.005128205128205128, "recall": 0.08695652173913043, "f1-score": 0.009685230024213076, "support": 23}, "3": {"precision": 0.07360406091370558, "recall": 0.19333333333333333, "f1-score": 0.10661764705882354, "support": 150}, "4": {"precision": 0.01984126984126984, "recall": 0.20833333333333334, "f1-score": 0.03623188405797101, "support": 24}, "5": {"precision": 0.05970149253731343, "recall": 0.02185792349726776, "f1-score": 0.031999999999999994, "support": 183}, "6": {"precision": 0.006269592476489028, "recall": 0.012269938650306749, "f1-score": 0.008298755186721992, "support": 163}, "7": {"precision": 0.625, "recall": 0.6055900621118012, "f1-score": 0.6151419558359621, "support": 322}, "8": {"precision": 0.1978494623655914, "recall": 0.4088888888888889, "f1-score": 0.2666666666666667, "support": 450}, "9": {"precision": 0.02119205298013245, "recall": 0.45714285714285713, "f1-score": 0.04050632911392405, "support": 70}, "10": {"precision": 0.09169054441260745, "recall": 0.0886426592797784, "f1-score": 0.09014084507042253, "support": 361}, "11": {"precision": 0.44735276621058895, "recall": 0.4662120272783633, "f1-score": 0.45658773527625984, "support": 1613}, "12": {"precision": 0.3745583038869258, "recall": 0.762589928057554, "f1-score": 0.5023696682464455, "support": 139}, "13": {"precision": 0.02155887230514096, "recall": 0.02968036529680365, "f1-score": 0.024975984630163307, "support": 438}, "14": {"precision": 0.03682170542635659, "recall": 0.4418604651162791, "f1-score": 0.06797853309481217, "support": 43}, "15": {"precision": 0.10642201834862386, "recall": 0.09098039215686274, "f1-score": 0.09809725158562368, "support": 1275}, "16": {"precision": 0.010727969348659003, "recall": 0.11290322580645161, "f1-score": 0.019594121763470956, "support": 124}, "17": {"precision": 0.10204081632653061, "recall": 0.0338409475465313, "f1-score": 0.05082592121982211, "support": 591}, "18": {"precision": 0.02336448598130841, "recall": 0.043859649122807015, "f1-score": 0.03048780487804878, "support": 228}, "19": {"precision": 0.0036496350364963502, "recall": 0.0392156862745098, "f1-score": 0.006677796327212019, "support": 51}, "20": {"precision": 0.02318840579710145, "recall": 0.4, "f1-score": 0.04383561643835616, "support": 20}, "21": {"precision": 0.016816816816816817, "recall": 0.07329842931937172, "f1-score": 0.027357107962872496, "support": 382}, "22": {"precision": 0.008241758241758242, "recall": 0.02608695652173913, "f1-score": 0.012526096033402922, "support": 115}, "23": {"precision": 0.053007135575942915, "recall": 0.3795620437956204, "f1-score": 0.09302325581395349, "support": 137}, "24": {"precision": 0.00963855421686747, "recall": 0.07476635514018691, "f1-score": 0.017075773745997867, "support": 107}, "25": {"precision": 0.037267080745341616, "recall": 0.057692307692307696, "f1-score": 0.045283018867924525, "support": 208}, "26": {"precision": 0.20531757754800592, "recall": 0.07911212293682413, "f1-score": 0.11421528348397698, "support": 1757}, "27": {"precision": 0.02857142857142857, "recall": 0.13043478260869565, "f1-score": 0.046875, "support": 23}, "28": {"precision": 0.025341130604288498, "recall": 0.104, "f1-score": 0.04075235109717868, "support": 125}, "29": {"precision": 0.023376623376623377, "recall": 0.32142857142857145, "f1-score": 0.043583535108958835, "support": 28}, "30": {"precision": 0.0, "recall": 0.0, "f1-score": 0.0, "support": 70}, "31": {"precision": 0.02106969205834684, "recall": 0.52, "f1-score": 0.040498442367601244, "support": 25}, "32": {"precision": 0.045888232621535664, "recall": 0.21085594989561587, "f1-score": 0.07537313432835821, "support": 479}, "33": {"precision": 0.08450704225352113, "recall": 0.3707865168539326, "f1-score": 0.13764337851929093, "support": 178}, "34": {"precision": 0.031192660550458717, "recall": 0.15454545454545454, "f1-score": 0.051908396946564885, "support": 220}, "35": {"precision": 0.09034267912772585, "recall": 0.27358490566037735, "f1-score": 0.13583138173302106, "support": 106}, "36": {"precision": 0.2064343163538874, "recall": 0.3581395348837209, "f1-score": 0.2619047619047619, "support": 430}, "37": {"precision": 0.006278026905829596, "recall": 0.3333333333333333, "f1-score": 0.012323943661971832, "support": 21}, "38": {"precision": 0.11144781144781145, "recall": 0.3076208178438662, "f1-score": 0.16361838853188332, "support": 1076}, "39": {"precision": 0.007385524372230428, "recall": 0.10638297872340426, "f1-score": 0.013812154696132594, "support": 47}, "40": {"precision": 0.005398920215956809, "recall": 0.030612244897959183, "f1-score": 0.009178990311065782, "support": 294}, "41": {"precision": 0.05419354838709677, "recall": 0.026022304832713755, "f1-score": 0.035161155295102546, "support": 1614}, "42": {"precision": 0.022779043280182234, "recall": 0.05714285714285714, "f1-score": 0.03257328990228014, "support": 700}, "43": {"precision": 0.13087248322147652, "recall": 0.03209876543209877, "f1-score": 0.051553205551883675, "support": 2430}, "44": {"precision": 0.3235294117647059, "recall": 0.24719101123595505, "f1-score": 0.2802547770700637, "support": 89}, "45": {"precision": 0.05252725470763132, "recall": 0.4140625, "f1-score": 0.09322779243623572, "support": 128}, "46": {"precision": 0.005873715124816446, "recall": 0.06896551724137931, "f1-score": 0.010825439783491203, "support": 58}, "47": {"precision": 0.010817307692307692, "recall": 0.1956521739130435, "f1-score": 0.02050113895216401, "support": 46}, "48": {"precision": 0.005165289256198347, "recall": 0.24390243902439024, "f1-score": 0.01011633788568538, "support": 41}, "49": {"precision": 0.01229946524064171, "recall": 0.25842696629213485, "f1-score": 0.02348136804492088, "support": 89}, "50": {"precision": 0.25287356321839083, "recall": 0.3235294117647059, "f1-score": 0.2838709677419355, "support": 68}, "51": {"precision": 0.0, "recall": 0.0, "f1-score": 0.0, "support": 43}, "52": {"precision": 0.16399286987522282, "recall": 0.575, "f1-score": 0.2552011095700416, "support": 160}, "53": {"precision": 0.9228097259745273, "recall": 0.559429106223678, "f1-score": 0.6965768390386017, "support": 4274}, "54": {"precision": 0.05057803468208093, "recall": 0.014887282007656316, "f1-score": 0.023003614853762733, "support": 2351}, "55": {"precision": 0.02564102564102564, "recall": 0.08, "f1-score": 0.038834951456310676, "support": 700}, "56": {"precision": 0.19852941176470587, "recall": 0.6136363636363636, "f1-score": 0.3, "support": 176}, "57": {"precision": 0.04168937329700272, "recall": 0.2533112582781457, "f1-score": 0.07159569489939166, "support": 604}, "58": {"precision": 0.44654088050314467, "recall": 0.6574074074074074, "f1-score": 0.5318352059925093, "support": 216}, "59": {"precision": 0.03691275167785235, "recall": 0.03293413173652695, "f1-score": 0.03481012658227848, "support": 334}, "60": {"precision": 0.0054446460980036296, "recall": 0.15, "f1-score": 0.01050788091068301, "support": 40}, "61": {"precision": 0.11379716981132075, "recall": 0.039291530944625404, "f1-score": 0.0584140435835351, "support": 4912}, "62": {"precision": 0.7578425976884975, "recall": 0.7161617474970745, "f1-score": 0.7364128618223142, "support": 7691}, "63": {"precision": 0.33624606780845856, "recall": 0.07077692760447322, "f1-score": 0.11693916003160518, "support": 13592}, "64": {"precision": 0.027678571428571427, "recall": 0.07192575406032482, "f1-score": 0.03997421018697614, "support": 431}, "65": {"precision": 0.19230769230769232, "recall": 0.7303370786516854, "f1-score": 0.3044496487119438, "support": 178}, "66": {"precision": 0.03591160220994475, "recall": 0.3939393939393939, "f1-score": 0.06582278481012659, "support": 33}, "67": {"precision": 0.13550135501355012, "recall": 0.5208333333333334,