{"0": {"precision": 0.10335139474212322, "recall": 0.8626465661641541, "f1-score": 0.1845878136200717, "support": 597}, "1": {"precision": 0.19495635305528614, "recall": 0.4044265593561368, "f1-score": 0.2630890052356021, "support": 497}, "2": {"precision": 0.020316027088036117, "recall": 0.5, "f1-score": 0.039045553145336226, "support": 18}, "3": {"precision": 1.0, "recall": 0.02097902097902098, "f1-score": 0.0410958904109589, "support": 143}, "4": {"precision": 0.19298245614035087, "recall": 0.8461538461538461, "f1-score": 0.3142857142857142, "support": 13}, "5": {"precision": 0.25, "recall": 0.9, "f1-score": 0.391304347826087, "support": 180}, "6": {"precision": 0.5714285714285714, "recall": 0.5925925925925926, "f1-score": 0.5818181818181818, "support": 135}, "7": {"precision": 0.45241581259150804, "recall": 0.9716981132075472, "f1-score": 0.6173826173826173, "support": 318}, "8": {"precision": 0.5314685314685315, "recall": 0.3370288248337029, "f1-score": 0.412483039348711, "support": 451}, "9": {"precision": 0.09023941068139964, "recall": 0.875, "f1-score": 0.1636060100166945, "support": 56}, "10": {"precision": 0.06223175965665236, "recall": 0.4154727793696275, "f1-score": 0.10824934677118328, "support": 349}, "11": {"precision": 0.8, "recall": 0.00261437908496732, "f1-score": 0.00521172638436482, "support": 1530}, "12": {"precision": 0.625, "recall": 0.9467455621301775, "f1-score": 0.7529411764705881, "support": 169}, "13": {"precision": 0.3196125907990315, "recall": 0.5557894736842105, "f1-score": 0.4058416602613374, "support": 475}, "14": {"precision": 0.2, "recall": 0.04838709677419355, "f1-score": 0.07792207792207792, "support": 62}, "15": {"precision": 0.14285714285714285, "recall": 0.0007980845969672786, "f1-score": 0.0015873015873015873, "support": 1253}, "16": {"precision": 0.0, "recall": 0.0, "f1-score": 0.0, "support": 122}, "17": {"precision": 0.65, "recall": 0.021487603305785124, "f1-score": 0.0416, "support": 605}, "18": {"precision": 0.33195020746887965, "recall": 0.7843137254901961, "f1-score": 0.466472303206997, "support": 204}, "19": {"precision": 0.2916666666666667, "recall": 0.22580645161290322, "f1-score": 0.2545454545454545, "support": 62}, "20": {"precision": 0.16216216216216217, "recall": 0.2222222222222222, "f1-score": 0.1875, "support": 27}, "21": {"precision": 0.07437457741717377, "recall": 0.5626598465473146, "f1-score": 0.13138250223947445, "support": 391}, "22": {"precision": 0.19298245614035087, "recall": 0.10377358490566038, "f1-score": 0.13496932515337423, "support": 106}, "23": {"precision": 0.6785714285714286, "recall": 0.3247863247863248, "f1-score": 0.43930635838150295, "support": 117}, "24": {"precision": 0.0, "recall": 0.0, "f1-score": 0.0, "support": 119}, "25": {"precision": 0.9135802469135802, "recall": 0.34418604651162793, "f1-score": 0.5, "support": 215}, "26": {"precision": 0.42857142857142855, "recall": 0.011557512383048982, "f1-score": 0.022508038585209004, "support": 1817}, "27": {"precision": 0.3333333333333333, "recall": 0.25925925925925924, "f1-score": 0.2916666666666667, "support": 27}, "28": {"precision": 0.6285714285714286, "recall": 0.20952380952380953, "f1-score": 0.3142857142857143, "support": 105}, "29": {"precision": 0.3333333333333333, "recall": 0.058823529411764705, "f1-score": 0.1, "support": 34}, "30": {"precision": 0.11724137931034483, "recall": 0.27419354838709675, "f1-score": 0.1642512077294686, "support": 62}, "31": {"precision": 0.625, "recall": 0.2857142857142857, "f1-score": 0.392156862745098, "support": 35}, "32": {"precision": 0.0867665418227216, "recall": 0.5720164609053497, "f1-score": 0.15067750677506778, "support": 486}, "33": {"precision": 0.3581081081081081, "recall": 0.265, "f1-score": 0.3045977011494253, "support": 200}, "34": {"precision": 0.5, "recall": 0.004484304932735426, "f1-score": 0.008888888888888889, "support": 223}, "35": {"precision": 0.6857142857142857, "recall": 0.23300970873786409, "f1-score": 0.34782608695652173, "support": 103}, "36": {"precision": 0.5, "recall": 0.007246376811594203, "f1-score": 0.014285714285714285, "support": 414}, "37": {"precision": 0.25, "recall": 0.05555555555555555, "f1-score": 0.0909090909090909, "support": 18}, "38": {"precision": 0.9620253164556962, "recall": 0.0692167577413479, "f1-score": 0.12914188615123195, "support": 1098}, "39": {"precision": 0.4375, "recall": 0.35, "f1-score": 0.38888888888888884, "support": 40}, "40": {"precision": 0.5, "recall": 0.02867383512544803, "f1-score": 0.05423728813559322, "support": 279}, "41": {"precision": 0.10230146686899343, "recall": 0.5078468298807282, "f1-score": 0.1702978633828018, "support": 1593}, "42": {"precision": 0.08960209119953529, "recall": 0.946319018404908, "f1-score": 0.1637039002387901, "support": 652}, "43": {"precision": 0.4674171898679368, "recall": 0.9003336113427857, "f1-score": 0.6153626906085222, "support": 2398}, "44": {"precision": 0.3333333333333333, "recall": 0.08602150537634409, "f1-score": 0.13675213675213677, "support": 93}, "45": {"precision": 0.23308270676691728, "recall": 0.248, "f1-score": 0.24031007751937983, "support": 125}, "46": {"precision": 0.46296296296296297, "recall": 0.7246376811594203, "f1-score": 0.5649717514124294, "support": 69}, "47": {"precision": 0.45454545454545453, "recall": 0.2777777777777778, "f1-score": 0.3448275862068966, "support": 54}, "48": {"precision": 0.20155038759689922, "recall": 0.65, "f1-score": 0.3076923076923077, "support": 40}, "49": {"precision": 0.19047619047619047, "recall": 0.3181818181818182, "f1-score": 0.23829787234042554, "support": 88}, "50": {"precision": 0.625, "recall": 0.2112676056338028, "f1-score": 0.3157894736842105, "support": 71}, "51": {"precision": 0.0, "recall": 0.0, "f1-score": 0.0, "support": 42}, "52": {"precision": 0.5915492957746479, "recall": 0.2937062937062937, "f1-score": 0.3925233644859813, "support": 143}, "53": {"precision": 0.9307378904481666, "recall": 0.4901072705601907, "f1-score": 0.6420986883198001, "support": 4195}, "54": {"precision": 0.5, "recall": 0.004178854993731718, "f1-score": 0.008288437629506838, "support": 2393}, "55": {"precision": 0.13470533208606175, "recall": 0.2013986013986014, "f1-score": 0.16143497757847536, "support": 715}, "56": {"precision": 0.2427843803056027, "recall": 0.9050632911392406, "f1-score": 0.3828647925033467, "support": 158}, "57": {"precision": 0.17188358045030203, "recall": 0.4960380348652932, "f1-score": 0.2553017944535073, "support": 631}, "58": {"precision": 0.1507996953541508, "recall": 0.9295774647887324, "f1-score": 0.2595019659239843, "support": 213}, "59": {"precision": 0.9618320610687023, "recall": 0.3727810650887574, "f1-score": 0.5373134328358209, "support": 338}, "60": {"precision": 0.53125, "recall": 0.3269230769230769, "f1-score": 0.40476190476190477, "support": 52}, "61": {"precision": 0.19, "recall": 0.003914297486608982, "f1-score": 0.007670569236980217, "support": 4854}, "62": {"precision": 0.6769949470874249, "recall": 0.9269024931471087, "f1-score": 0.7824793388429752, "support": 7661}, "63": {"precision": 0.5637914464199903, "recall": 0.6902485659655831, "f1-score": 0.6206440521060635, "support": 13598}, "64": {"precision": 0.03368794326241135, "recall": 0.8395348837209302, "f1-score": 0.06477660147137987, "support": 430}, "65": {"precision": 0.1553903345724907, "recall": 0.885593220338983, "f1-score": 0.26438962681846934, "support": 236}, "66": {"precision": 0.0, "recall": 0.0, "f1-score": 0.0, "support": 49}, "67": {"precision": 0.6666666666666666, "recall": 0.0392156862745098, "f1-score": 0.07407407407407407, "support": 102}, "68": {"precision": 0.5370370370370371, "recall": 0.5178571428571429, "f1-score": 0.5272727272727272, "support": 56}, "69": {"precision": 0.23076923076923078, "recall": 0.06382978723404255, "f1-score": 0.1, "support": 47}, "70": {"precision": 0.012153950033760972, "recall": 0.47368421052631576, "f1-score": 0.02369980250164582, "support": 38}, "71": {"precision": 0.6,