{"0": {"precision": 0.375, "recall": 0.6, "f1-score": 0.4615384615384615, "support": 5}, "11": {"precision": 1.0, "recall": 1.0, "f1-score": 1.0, "support": 4}, "12": {"precision": 0.6428571428571429, "recall": 0.6428571428571429, "f1-score": 0.6428571428571429, "support": 14}, "13": {"precision": 0.5, "recall": 1.0, "f1-score": 0.6666666666666666, "support": 4}, "14": {"precision": 0.0, "recall": 0.0, "f1-score": 0.0, "support": 0}, "16": {"precision": 0.8620689655172413, "recall": 0.6578947368421053, "f1-score": 0.746268656716418, "support": 38}, "21": {"precision": 0.0, "recall": 0.0, "f1-score": 0.0, "support": 0}, "22": {"precision": 0.625, "recall": 1.0, "f1-score": 0.7692307692307693, "support": 5}, "23": {"precision": 1.0, "recall": 1.0, "f1-score": 1.0, "support": 3}, "27": {"precision": 1.0, "recall": 0.6666666666666666, "f1-score": 0.8, "support": 3}, "29": {"precision": 0.42105263157894735, "recall": 0.9411764705882353, "f1-score": 0.5818181818181818, "support": 17}, "31": {"precision": 1.0, "recall": 1.0, "f1-score": 1.0, "support": 8}, "36": {"precision": 0.25, "recall": 1.0, "f1-score": 0.4, "support": 1}, "37": {"precision": 0.5555555555555556, "recall": 1.0, "f1-score": 0.7142857142857143, "support": 5}, "43": {"precision": 0.8, "recall": 1.0, "f1-score": 0.888888888888889, "support": 4}, "44": {"precision": 0.3333333333333333, "recall": 0.14285714285714285, "f1-score": 0.2, "support": 7}, "46": {"precision": 0.9393939393939394, "recall": 0.543859649122807, "f1-score": 0.688888888888889, "support": 57}, "49": {"precision": 1.0, "recall": 1.0, "f1-score": 1.0, "support": 1}, "51": {"precision": 1.0, "recall": 0.3333333333333333, "f1-score": 0.5, "support": 3}, "56": {"precision": 0.5, "recall": 1.0, "f1-score": 0.6666666666666666, "support": 1}, "59": {"precision": 1.0, "recall": 1.0, "f1-score": 1.0, "support": 4}, "61": {"precision": 1.0, "recall": 1.0, "f1-score": 1.0, "support": 1}, "62": {"precision": 0.3333333333333333, "recall": 0.75, "f1-score": 0.46153846153846156, "support": 4}, "68": {"precision": 1.0, "recall": 0.6666666666666666, "f1-score": 0.8, "support": 3}, "70": {"precision": 0.75, "recall": 0.8181818181818182, "f1-score": 0.7826086956521738, "support": 11}, "71": {"precision": 0.5, "recall": 1.0, "f1-score": 0.6666666666666666, "support": 1}, "73": {"precision": 1.0, "recall": 1.0, "f1-score": 1.0, "support": 18}, "74": {"precision": 1.0, "recall": 1.0, "f1-score": 1.0, "support": 13}, "75": {"precision": 0.5454545454545454, "recall": 0.3, "f1-score": 0.3870967741935483, "support": 20}, "76": {"precision": 0.5, "recall": 1.0, "f1-score": 0.6666666666666666, "support": 1}, "77": {"precision": 1.0, "recall": 1.0, "f1-score": 1.0, "support": 29}, "accuracy": 0.7403508771929824, "macro avg": {"precision": 0.6913886918394851, "recall": 0.776241729906965, "f1-score": 0.6932802355572684, "support": 285}, "weighted avg": {"precision": 0.8070719485104813, "recall": 0.7403508771929824, "f1-score": 0.743017777692966, "support": 285}}