{"0": {"precision": 0.5, "recall": 0.5714285714285714, "f1-score": 0.5333333333333333, "support": 7}, "3": {"precision": 0.0, "recall": 0.0, "f1-score": 0.0, "support": 0}, "4": {"precision": 0.0, "recall": 0.0, "f1-score": 0.0, "support": 0}, "6": {"precision": 0.0, "recall": 0.0, "f1-score": 0.0, "support": 0}, "11": {"precision": 0.9, "recall": 1.0, "f1-score": 0.9473684210526316, "support": 9}, "12": {"precision": 0.8666666666666667, "recall": 0.8125, "f1-score": 0.8387096774193549, "support": 16}, "13": {"precision": 0.7272727272727273, "recall": 1.0, "f1-score": 0.8421052631578948, "support": 8}, "15": {"precision": 0.0, "recall": 0.0, "f1-score": 0.0, "support": 0}, "16": {"precision": 0.7777777777777778, "recall": 0.2, "f1-score": 0.3181818181818182, "support": 35}, "19": {"precision": 0.0, "recall": 0.0, "f1-score": 0.0, "support": 0}, "21": {"precision": 0.0, "recall": 0.0, "f1-score": 0.0, "support": 0}, "22": {"precision": 1.0, "recall": 0.9, "f1-score": 0.9473684210526316, "support": 10}, "23": {"precision": 0.6666666666666666, "recall": 1.0, "f1-score": 0.8, "support": 2}, "27": {"precision": 0.25, "recall": 1.0, "f1-score": 0.4, "support": 1}, "29": {"precision": 0.5, "recall": 0.6, "f1-score": 0.5454545454545454, "support": 15}, "31": {"precision": 1.0, "recall": 0.6666666666666666, "f1-score": 0.8, "support": 3}, "36": {"precision": 0.0, "recall": 0.0, "f1-score": 0.0, "support": 1}, "37": {"precision": 1.0, "recall": 1.0, "f1-score": 1.0, "support": 4}, "43": {"precision": 0.0, "recall": 0.0, "f1-score": 0.0, "support": 0}, "44": {"precision": 0.3076923076923077, "recall": 0.6666666666666666, "f1-score": 0.42105263157894735, "support": 6}, "46": {"precision": 0.8627450980392157, "recall": 0.7333333333333333, "f1-score": 0.7927927927927927, "support": 60}, "48": {"precision": 0.0, "recall": 0.0, "f1-score": 0.0, "support": 0}, "49": {"precision": 0.4, "recall": 1.0, "f1-score": 0.5714285714285715, "support": 2}, "51": {"precision": 0.0, "recall": 0.0, "f1-score": 0.0, "support": 2}, "53": {"precision": 0.0, "recall": 0.0, "f1-score": 0.0, "support": 0}, "56": {"precision": 1.0, "recall": 1.0, "f1-score": 1.0, "support": 3}, "59": {"precision": 0.6, "recall": 1.0, "f1-score": 0.7499999999999999, "support": 3}, "61": {"precision": 0.5, "recall": 1.0, "f1-score": 0.6666666666666666, "support": 1}, "62": {"precision": 0.0, "recall": 0.0, "f1-score": 0.0, "support": 4}, "65": {"precision": 0.0, "recall": 0.0, "f1-score": 0.0, "support": 0}, "66": {"precision": 0.0, "recall": 0.0, "f1-score": 0.0, "support": 0}, "67": {"precision": 0.2, "recall": 1.0, "f1-score": 0.33333333333333337, "support": 1}, "68": {"precision": 0.0, "recall": 0.0, "f1-score": 0.0, "support": 0}, "70": {"precision": 0.7333333333333333, "recall": 0.7857142857142857, "f1-score": 0.7586206896551724, "support": 14}, "71": {"precision": 0.16666666666666666, "recall": 0.5, "f1-score": 0.25, "support": 2}, "73": {"precision": 0.4827586206896552, "recall": 0.875, "f1-score": 0.6222222222222222, "support": 16}, "74": {"precision": 0.0, "recall": 0.0, "f1-score": 0.0, "support": 15}, "75": {"precision": 0.5, "recall": 0.13043478260869565, "f1-score": 0.20689655172413793, "support": 23}, "76": {"precision": 0.0, "recall": 0.0, "f1-score": 0.0, "support": 0}, "77": {"precision": 1.0, "recall": 0.8636363636363636, "f1-score": 0.9268292682926829, "support": 22}, "accuracy": 0.6105263157894737, "macro avg": {"precision": 0.3735394966201254, "recall": 0.4576345167513646, "f1-score": 0.38180910518366845, "support": 285}, "weighted avg": {"precision": 0.6888610585962993, "recall": 0.6105263157894737, "f1-score": 0.6081388154323107, "support": 285}}