{"0": {"precision": 0.5714285714285714, "recall": 1.0, "f1-score": 0.7272727272727273, "support": 4}, "3": {"precision": 0.0, "recall": 0.0, "f1-score": 0.0, "support": 0}, "4": {"precision": 0.0, "recall": 0.0, "f1-score": 0.0, "support": 0}, "11": {"precision": 0.46153846153846156, "recall": 1.0, "f1-score": 0.631578947368421, "support": 6}, "12": {"precision": 0.875, "recall": 0.7368421052631579, "f1-score": 0.7999999999999999, "support": 19}, "13": {"precision": 0.5833333333333334, "recall": 0.7777777777777778, "f1-score": 0.6666666666666666, "support": 9}, "14": {"precision": 0.0, "recall": 0.0, "f1-score": 0.0, "support": 0}, "16": {"precision": 0.7777777777777778, "recall": 0.17073170731707318, "f1-score": 0.27999999999999997, "support": 41}, "18": {"precision": 0.0, "recall": 0.0, "f1-score": 0.0, "support": 0}, "19": {"precision": 0.0, "recall": 0.0, "f1-score": 0.0, "support": 0}, "22": {"precision": 0.5833333333333334, "recall": 0.875, "f1-score": 0.7000000000000001, "support": 8}, "23": {"precision": 1.0, "recall": 1.0, "f1-score": 1.0, "support": 2}, "27": {"precision": 0.5, "recall": 1.0, "f1-score": 0.6666666666666666, "support": 1}, "29": {"precision": 0.32, "recall": 0.5333333333333333, "f1-score": 0.4, "support": 15}, "31": {"precision": 0.8571428571428571, "recall": 1.0, "f1-score": 0.923076923076923, "support": 6}, "36": {"precision": 0.2, "recall": 0.5, "f1-score": 0.28571428571428575, "support": 2}, "37": {"precision": 1.0, "recall": 1.0, "f1-score": 1.0, "support": 1}, "43": {"precision": 1.0, "recall": 0.6666666666666666, "f1-score": 0.8, "support": 3}, "44": {"precision": 0.375, "recall": 0.5, "f1-score": 0.42857142857142855, "support": 6}, "46": {"precision": 0.8928571428571429, "recall": 0.4098360655737705, "f1-score": 0.5617977528089887, "support": 61}, "48": {"precision": 0.0, "recall": 0.0, "f1-score": 0.0, "support": 0}, "49": {"precision": 0.4, "recall": 0.6666666666666666, "f1-score": 0.5, "support": 3}, "51": {"precision": 0.0, "recall": 0.0, "f1-score": 0.0, "support": 1}, "53": {"precision": 0.2857142857142857, "recall": 1.0, "f1-score": 0.4444444444444445, "support": 2}, "56": {"precision": 1.0, "recall": 1.0, "f1-score": 1.0, "support": 1}, "59": {"precision": 1.0, "recall": 0.5, "f1-score": 0.6666666666666666, "support": 2}, "60": {"precision": 0.0, "recall": 0.0, "f1-score": 0.0, "support": 0}, "62": {"precision": 0.0, "recall": 0.0, "f1-score": 0.0, "support": 3}, "65": {"precision": 0.0, "recall": 0.0, "f1-score": 0.0, "support": 0}, "67": {"precision": 0.0, "recall": 0.0, "f1-score": 0.0, "support": 1}, "68": {"precision": 1.0, "recall": 1.0, "f1-score": 1.0, "support": 1}, "70": {"precision": 0.68, "recall": 0.9444444444444444, "f1-score": 0.7906976744186047, "support": 18}, "71": {"precision": 0.25, "recall": 1.0, "f1-score": 0.4, "support": 1}, "73": {"precision": 0.5, "recall": 0.8235294117647058, "f1-score": 0.6222222222222222, "support": 17}, "74": {"precision": 0.0, "recall": 0.0, "f1-score": 0.0, "support": 12}, "75": {"precision": 0.7058823529411765, "recall": 0.42857142857142855, "f1-score": 0.5333333333333333, "support": 28}, "77": {"precision": 0.9166666666666666, "recall": 1.0, "f1-score": 0.9565217391304348, "support": 11}, "accuracy": 0.5473684210526316, "macro avg": {"precision": 0.45231553466847585, "recall": 0.5279297191183521, "f1-score": 0.4536549048205896, "support": 285}, "weighted avg": {"precision": 0.679481092121959, "recall": 0.5473684210526316, "f1-score": 0.5487152402313618, "support": 285}}