{"0": {"precision": 0.25, "recall": 0.2, "f1-score": 0.22222222222222224, "support": 5}, "4": {"precision": 0.0, "recall": 0.0, "f1-score": 0.0, "support": 0}, "11": {"precision": 0.4, "recall": 1.0, "f1-score": 0.5714285714285715, "support": 4}, "12": {"precision": 0.9, "recall": 0.6428571428571429, "f1-score": 0.75, "support": 14}, "13": {"precision": 0.5, "recall": 1.0, "f1-score": 0.6666666666666666, "support": 4}, "14": {"precision": 0.0, "recall": 0.0, "f1-score": 0.0, "support": 0}, "15": {"precision": 0.0, "recall": 0.0, "f1-score": 0.0, "support": 0}, "16": {"precision": 0.8, "recall": 0.21052631578947367, "f1-score": 0.3333333333333333, "support": 38}, "19": {"precision": 0.0, "recall": 0.0, "f1-score": 0.0, "support": 0}, "22": {"precision": 0.4, "recall": 0.8, "f1-score": 0.5333333333333333, "support": 5}, "23": {"precision": 0.75, "recall": 1.0, "f1-score": 0.8571428571428571, "support": 3}, "27": {"precision": 0.2, "recall": 0.3333333333333333, "f1-score": 0.25, "support": 3}, "29": {"precision": 0.34375, "recall": 0.6470588235294118, "f1-score": 0.4489795918367347, "support": 17}, "31": {"precision": 1.0, "recall": 0.625, "f1-score": 0.7692307692307693, "support": 8}, "36": {"precision": 0.125, "recall": 1.0, "f1-score": 0.2222222222222222, "support": 1}, "37": {"precision": 1.0, "recall": 0.8, "f1-score": 0.888888888888889, "support": 5}, "43": {"precision": 0.3333333333333333, "recall": 0.25, "f1-score": 0.28571428571428575, "support": 4}, "44": {"precision": 0.0, "recall": 0.0, "f1-score": 0.0, "support": 7}, "46": {"precision": 0.7, "recall": 0.24561403508771928, "f1-score": 0.3636363636363636, "support": 57}, "48": {"precision": 0.0, "recall": 0.0, "f1-score": 0.0, "support": 0}, "49": {"precision": 0.0, "recall": 0.0, "f1-score": 0.0, "support": 1}, "51": {"precision": 0.0, "recall": 0.0, "f1-score": 0.0, "support": 3}, "53": {"precision": 0.0, "recall": 0.0, "f1-score": 0.0, "support": 0}, "56": {"precision": 0.3333333333333333, "recall": 1.0, "f1-score": 0.5, "support": 1}, "59": {"precision": 0.16666666666666666, "recall": 0.25, "f1-score": 0.2, "support": 4}, "60": {"precision": 0.0, "recall": 0.0, "f1-score": 0.0, "support": 0}, "61": {"precision": 0.0, "recall": 0.0, "f1-score": 0.0, "support": 1}, "62": {"precision": 0.3333333333333333, "recall": 0.5, "f1-score": 0.4, "support": 4}, "67": {"precision": 0.0, "recall": 0.0, "f1-score": 0.0, "support": 0}, "68": {"precision": 0.0, "recall": 0.0, "f1-score": 0.0, "support": 3}, "70": {"precision": 0.6153846153846154, "recall": 0.7272727272727273, "f1-score": 0.6666666666666667, "support": 11}, "71": {"precision": 0.2, "recall": 1.0, "f1-score": 0.33333333333333337, "support": 1}, "73": {"precision": 0.38235294117647056, "recall": 0.7222222222222222, "f1-score": 0.4999999999999999, "support": 18}, "74": {"precision": 0.0, "recall": 0.0, "f1-score": 0.0, "support": 13}, "75": {"precision": 0.4, "recall": 0.2, "f1-score": 0.26666666666666666, "support": 20}, "76": {"precision": 1.0, "recall": 1.0, "f1-score": 1.0, "support": 1}, "77": {"precision": 0.9, "recall": 0.9310344827586207, "f1-score": 0.9152542372881356, "support": 29}, "accuracy": 0.44912280701754387, "macro avg": {"precision": 0.3252203844115609, "recall": 0.40770051575272026, "f1-score": 0.3228302705300284, "support": 285}, "weighted avg": {"precision": 0.5760947381651715, "recall": 0.44912280701754387, "f1-score": 0.44906639509290197, "support": 285}}