{"0": {"precision": 0.11566042100393245, "recall": 0.8064516129032258, "f1-score": 0.20230629172567266, "support": 620}, "1": {"precision": 0.1793570219966159, "recall": 0.4198019801980198, "f1-score": 0.25133372851215174, "support": 505}, "2": {"precision": 0.015, "recall": 0.2608695652173913, "f1-score": 0.02836879432624113, "support": 23}, "3": {"precision": 1.0, "recall": 0.006666666666666667, "f1-score": 0.013245033112582783, "support": 150}, "4": {"precision": 0.18045112781954886, "recall": 1.0, "f1-score": 0.3057324840764331, "support": 24}, "5": {"precision": 0.17865429234338748, "recall": 0.8415300546448088, "f1-score": 0.29473684210526313, "support": 183}, "6": {"precision": 0.6027397260273972, "recall": 0.5398773006134969, "f1-score": 0.5695792880258899, "support": 163}, "7": {"precision": 0.5578947368421052, "recall": 0.9875776397515528, "f1-score": 0.7130044843049327, "support": 322}, "8": {"precision": 0.7394366197183099, "recall": 0.4666666666666667, "f1-score": 0.5722070844686649, "support": 450}, "9": {"precision": 0.09651898734177215, "recall": 0.8714285714285714, "f1-score": 0.1737891737891738, "support": 70}, "10": {"precision": 0.03982725527831094, "recall": 0.4598337950138504, "f1-score": 0.07330536542283066, "support": 361}, "11": {"precision": 0.5, "recall": 0.0006199628022318661, "f1-score": 0.0012383900928792568, "support": 1613}, "12": {"precision": 0.717948717948718, "recall": 0.8057553956834532, "f1-score": 0.7593220338983051, "support": 139}, "13": {"precision": 0.40414507772020725, "recall": 0.5342465753424658, "f1-score": 0.46017699115044247, "support": 438}, "14": {"precision": 0.17647058823529413, "recall": 0.27906976744186046, "f1-score": 0.21621621621621623, "support": 43}, "15": {"precision": 0.0, "recall": 0.0, "f1-score": 0.0, "support": 1275}, "16": {"precision": 0.0, "recall": 0.0, "f1-score": 0.0, "support": 124}, "17": {"precision": 0.0, "recall": 0.0, "f1-score": 0.0, "support": 591}, "18": {"precision": 0.4134366925064599, "recall": 0.7017543859649122, "f1-score": 0.5203252032520326, "support": 228}, "19": {"precision": 0.08620689655172414, "recall": 0.09803921568627451, "f1-score": 0.09174311926605505, "support": 51}, "20": {"precision": 0.3333333333333333, "recall": 0.05, "f1-score": 0.08695652173913045, "support": 20}, "21": {"precision": 0.06632837984777093, "recall": 0.4790575916230366, "f1-score": 0.11652340019102198, "support": 382}, "22": {"precision": 0.09243697478991597, "recall": 0.09565217391304348, "f1-score": 0.09401709401709402, "support": 115}, "23": {"precision": 0.0, "recall": 0.0, "f1-score": 0.0, "support": 137}, "24": {"precision": 0.0, "recall": 0.0, "f1-score": 0.0, "support": 107}, "25": {"precision": 0.11450381679389313, "recall": 0.07211538461538461, "f1-score": 0.08849557522123892, "support": 208}, "26": {"precision": 0.6363636363636364, "recall": 0.00398406374501992, "f1-score": 0.007918552036199095, "support": 1757}, "27": {"precision": 0.02824858757062147, "recall": 0.21739130434782608, "f1-score": 0.049999999999999996, "support": 23}, "28": {"precision": 0.0, "recall": 0.0, "f1-score": 0.0, "support": 125}, "29": {"precision": 0.5, "recall": 0.03571428571428571, "f1-score": 0.06666666666666667, "support": 28}, "30": {"precision": 0.17266187050359713, "recall": 0.34285714285714286, "f1-score": 0.2296650717703349, "support": 70}, "31": {"precision": 0.36363636363636365, "recall": 0.16, "f1-score": 0.2222222222222222, "support": 25}, "32": {"precision": 0.07022795302786093, "recall": 0.6367432150313153, "f1-score": 0.12650352550808794, "support": 479}, "33": {"precision": 0.0, "recall": 0.0, "f1-score": 0.0, "support": 178}, "34": {"precision": 0.0, "recall": 0.0, "f1-score": 0.0, "support": 220}, "35": {"precision": 0.3, "recall": 0.02830188679245283, "f1-score": 0.05172413793103448, "support": 106}, "36": {"precision": 0.0, "recall": 0.0, "f1-score": 0.0, "support": 430}, "37": {"precision": 0.5454545454545454, "recall": 0.2857142857142857, "f1-score": 0.37499999999999994, "support": 21}, "38": {"precision": 1.0, "recall": 0.011152416356877323, "f1-score": 0.022058823529411766, "support": 1076}, "39": {"precision": 0.0, "recall": 0.0, "f1-score": 0.0, "support": 47}, "40": {"precision": 0.5, "recall": 0.003401360544217687, "f1-score": 0.006756756756756756, "support": 294}, "41": {"precision": 0.11528372221455198, "recall": 0.5173482032218092, "f1-score": 0.18855142824884272, "support": 1614}, "42": {"precision": 0.0886548460205306, "recall": 0.95, "f1-score": 0.16217534447018656, "support": 700}, "43": {"precision": 0.4879518072289157, "recall": 0.9, "f1-score": 0.6328125, "support": 2430}, "44": {"precision": 0.38461538461538464, "recall": 0.056179775280898875, "f1-score": 0.09803921568627451, "support": 89}, "45": {"precision": 0.25, "recall": 0.3359375, "f1-score": 0.2866666666666667, "support": 128}, "46": {"precision": 0.5735294117647058, "recall": 0.6724137931034483, "f1-score": 0.6190476190476191, "support": 58}, "47": {"precision": 0.08333333333333333, "recall": 0.043478260869565216, "f1-score": 0.057142857142857134, "support": 46}, "48": {"precision": 0.2978723404255319, "recall": 0.6829268292682927, "f1-score": 0.4148148148148148, "support": 41}, "49": {"precision": 0.2360248447204969, "recall": 0.42696629213483145, "f1-score": 0.30400000000000005, "support": 89}, "50": {"precision": 0.19117647058823528, "recall": 0.19117647058823528, "f1-score": 0.1911764705882353, "support": 68}, "51": {"precision": 0.0, "recall": 0.0, "f1-score": 0.0, "support": 43}, "52": {"precision": 0.5909090909090909, "recall": 0.24375, "f1-score": 0.34513274336283184, "support": 160}, "53": {"precision": 0.992, "recall": 0.20308844174075807, "f1-score": 0.33715284521266264, "support": 4274}, "54": {"precision": 0.36363636363636365, "recall": 0.0017014036580178648, "f1-score": 0.0033869602032176125, "support": 2351}, "55": {"precision": 0.25, "recall": 0.0014285714285714286, "f1-score": 0.0028409090909090906, "support": 700}, "56": {"precision": 0.2777777777777778, "recall": 0.625, "f1-score": 0.3846153846153846, "support": 176}, "57": {"precision": 0.17945823927765236, "recall": 0.5264900662251656, "f1-score": 0.2676767676767677, "support": 604}, "58": {"precision": 0.14341387373343725, "recall": 0.8518518518518519, "f1-score": 0.24549699799866578, "support": 216}, "59": {"precision": 1.0, "recall": 0.011976047904191617, "f1-score": 0.023668639053254437, "support": 334}, "60": {"precision": 0.0, "recall": 0.0, "f1-score": 0.0, "support": 40}, "61": {"precision": 0.14583333333333334, "recall": 0.0014250814332247557, "f1-score": 0.00282258064516129, "support": 4912}, "62": {"precision": 0.6850545840981548, "recall": 0.9219867377454167, "f1-score": 0.7860547611129587, "support": 7691}, "63": {"precision": 0.5694092062341428, "recall": 0.6934961742201294, "f1-score": 0.6253565978902673, "support": 13592}, "64": {"precision": 0.030870445344129555, "recall": 0.8491879350348028, "f1-score": 0.05957516073899243, "support": 431}, "65": {"precision": 0.1093525179856115, "recall": 0.8539325842696629, "f1-score": 0.19387755102040816, "support": 178}, "66": {"precision": 0.0, "recall": 0.0, "f1-score": 0.0, "support": 33}, "67": {"precision": 0.0, "recall": 0.0, "f1-score": 0.0, "support": 96}, "68": {"precision": 0.47058823529411764, "recall": 0.43636363636363634, "f1-score": 0.45283018867924524, "support": 55}, "69": {"precision": 0.5, "recall": 0.044444444444444446, "f1-score": 0.0816326530612245, "support": 45}, "70": {"precision": 0.3582089552238806, "recall": 0.5581395348837209, "f1-score": 0.43636363636363634, "support": 43}, "71": {"precision": 0.0, "recall": 0.0, "f1-score": 0.0, "support": 47}, "72": {"precision": 0.0, "recall": 0.0, "f1-score": 0.0, "support": 234}, "73": {"precision": 0.10766721044045677, "recall": 0.9635036496350365, "f1-score": 0.19369038884812914, "support": 137}, "74": {"precision": 0.050550874918988985, "recall": 0.8041237113402062, "f1-score": 0.0951219512195122,