{"0": {"precision": 1.0, "recall": 0.8, "f1-score": 0.888888888888889, "support": 5}, "3": {"precision": 0.0, "recall": 0.0, "f1-score": 0.0, "support": 0}, "4": {"precision": 0.0, "recall": 0.0, "f1-score": 0.0, "support": 0}, "11": {"precision": 0.09090909090909091, "recall": 0.25, "f1-score": 0.13333333333333333, "support": 4}, "12": {"precision": 0.875, "recall": 0.5, "f1-score": 0.6363636363636364, "support": 14}, "13": {"precision": 0.75, "recall": 0.5, "f1-score": 0.6, "support": 6}, "14": {"precision": 0.0, "recall": 0.0, "f1-score": 0.0, "support": 0}, "15": {"precision": 0.0, "recall": 0.0, "f1-score": 0.0, "support": 0}, "16": {"precision": 0.8846153846153846, "recall": 0.5897435897435898, "f1-score": 0.7076923076923076, "support": 39}, "17": {"precision": 0.0, "recall": 0.0, "f1-score": 0.0, "support": 0}, "21": {"precision": 0.0, "recall": 0.0, "f1-score": 0.0, "support": 0}, "22": {"precision": 0.4166666666666667, "recall": 1.0, "f1-score": 0.5882352941176471, "support": 5}, "23": {"precision": 0.8, "recall": 1.0, "f1-score": 0.888888888888889, "support": 4}, "27": {"precision": 0.6666666666666666, "recall": 0.5, "f1-score": 0.5714285714285715, "support": 4}, "29": {"precision": 0.23076923076923078, "recall": 0.45, "f1-score": 0.3050847457627119, "support": 20}, "31": {"precision": 0.0, "recall": 0.0, "f1-score": 0.0, "support": 2}, "36": {"precision": 0.3333333333333333, "recall": 1.0, "f1-score": 0.5, "support": 1}, "37": {"precision": 0.8571428571428571, "recall": 0.8571428571428571, "f1-score": 0.8571428571428571, "support": 7}, "43": {"precision": 0.6666666666666666, "recall": 0.6666666666666666, "f1-score": 0.6666666666666666, "support": 3}, "44": {"precision": 0.3333333333333333, "recall": 1.0, "f1-score": 0.5, "support": 4}, "46": {"precision": 0.896551724137931, "recall": 0.3939393939393939, "f1-score": 0.5473684210526315, "support": 66}, "49": {"precision": 0.0, "recall": 0.0, "f1-score": 0.0, "support": 2}, "51": {"precision": 0.0, "recall": 0.0, "f1-score": 0.0, "support": 1}, "53": {"precision": 0.0, "recall": 0.0, "f1-score": 0.0, "support": 0}, "56": {"precision": 0.75, "recall": 1.0, "f1-score": 0.8571428571428571, "support": 3}, "59": {"precision": 1.0, "recall": 0.5, "f1-score": 0.6666666666666666, "support": 2}, "60": {"precision": 0.0, "recall": 0.0, "f1-score": 0.0, "support": 0}, "62": {"precision": 1.0, "recall": 0.3333333333333333, "f1-score": 0.5, "support": 3}, "67": {"precision": 0.0, "recall": 0.0, "f1-score": 0.0, "support": 0}, "68": {"precision": 0.0, "recall": 0.0, "f1-score": 0.0, "support": 2}, "70": {"precision": 0.5384615384615384, "recall": 0.7777777777777778, "f1-score": 0.6363636363636364, "support": 18}, "73": {"precision": 0.6666666666666666, "recall": 0.4, "f1-score": 0.5, "support": 10}, "74": {"precision": 0.7857142857142857, "recall": 1.0, "f1-score": 0.88, "support": 11}, "75": {"precision": 0.7, "recall": 0.2692307692307692, "f1-score": 0.3888888888888889, "support": 26}, "76": {"precision": 0.0, "recall": 0.0, "f1-score": 0.0, "support": 0}, "77": {"precision": 1.0, "recall": 0.9565217391304348, "f1-score": 0.9777777777777777, "support": 23}, "accuracy": 0.5614035087719298, "macro avg": {"precision": 0.4234027068078792, "recall": 0.4095654479712451, "f1-score": 0.38327592883827694, "support": 285}, "weighted avg": {"precision": 0.7419997647039389, "recall": 0.5614035087719298, "f1-score": 0.5990759054833756, "support": 285}}