{"0": {"precision": 1.0, "recall": 0.6, "f1-score": 0.7499999999999999, "support": 5}, "8": {"precision": 0.0, "recall": 0.0, "f1-score": 0.0, "support": 0}, "11": {"precision": 0.18181818181818182, "recall": 1.0, "f1-score": 0.3076923076923077, "support": 2}, "12": {"precision": 0.6666666666666666, "recall": 0.8, "f1-score": 0.7272727272727272, "support": 15}, "13": {"precision": 1.0, "recall": 0.2, "f1-score": 0.33333333333333337, "support": 5}, "14": {"precision": 0.0, "recall": 0.0, "f1-score": 0.0, "support": 0}, "16": {"precision": 0.8275862068965517, "recall": 0.631578947368421, "f1-score": 0.716417910447761, "support": 38}, "17": {"precision": 0.0, "recall": 0.0, "f1-score": 0.0, "support": 0}, "21": {"precision": 0.0, "recall": 0.0, "f1-score": 0.0, "support": 0}, "22": {"precision": 0.6666666666666666, "recall": 1.0, "f1-score": 0.8, "support": 6}, "23": {"precision": 1.0, "recall": 0.8333333333333334, "f1-score": 0.9090909090909091, "support": 6}, "27": {"precision": 0.75, "recall": 1.0, "f1-score": 0.8571428571428571, "support": 3}, "29": {"precision": 0.3333333333333333, "recall": 0.3157894736842105, "f1-score": 0.3243243243243243, "support": 19}, "31": {"precision": 1.0, "recall": 0.3333333333333333, "f1-score": 0.5, "support": 3}, "36": {"precision": 0.0, "recall": 0.0, "f1-score": 0.0, "support": 0}, "37": {"precision": 0.8, "recall": 1.0, "f1-score": 0.888888888888889, "support": 4}, "43": {"precision": 0.5, "recall": 0.4, "f1-score": 0.4444444444444445, "support": 5}, "44": {"precision": 0.4, "recall": 0.3333333333333333, "f1-score": 0.3636363636363636, "support": 6}, "46": {"precision": 0.7884615384615384, "recall": 0.6833333333333333, "f1-score": 0.7321428571428571, "support": 60}, "48": {"precision": 0.0, "recall": 0.0, "f1-score": 0.0, "support": 0}, "49": {"precision": 0.2, "recall": 1.0, "f1-score": 0.33333333333333337, "support": 1}, "51": {"precision": 0.0, "recall": 0.0, "f1-score": 0.0, "support": 2}, "53": {"precision": 0.25, "recall": 1.0, "f1-score": 0.4, "support": 1}, "55": {"precision": 0.0, "recall": 0.0, "f1-score": 0.0, "support": 0}, "56": {"precision": 1.0, "recall": 1.0, "f1-score": 1.0, "support": 1}, "59": {"precision": 0.0, "recall": 0.0, "f1-score": 0.0, "support": 3}, "61": {"precision": 0.5, "recall": 1.0, "f1-score": 0.6666666666666666, "support": 1}, "62": {"precision": 0.4, "recall": 0.3333333333333333, "f1-score": 0.3636363636363636, "support": 6}, "67": {"precision": 0.0, "recall": 0.0, "f1-score": 0.0, "support": 0}, "68": {"precision": 0.0, "recall": 0.0, "f1-score": 0.0, "support": 0}, "70": {"precision": 0.6, "recall": 0.8571428571428571, "f1-score": 0.7058823529411764, "support": 14}, "72": {"precision": 0.0, "recall": 0.0, "f1-score": 0.0, "support": 0}, "73": {"precision": 1.0, "recall": 0.7619047619047619, "f1-score": 0.8648648648648648, "support": 21}, "74": {"precision": 1.0, "recall": 1.0, "f1-score": 1.0, "support": 15}, "75": {"precision": 0.8333333333333334, "recall": 0.21739130434782608, "f1-score": 0.3448275862068966, "support": 23}, "76": {"precision": 1.0, "recall": 0.5, "f1-score": 0.6666666666666666, "support": 2}, "77": {"precision": 0.9473684210526315, "recall": 1.0, "f1-score": 0.972972972972973, "support": 18}, "accuracy": 0.6491228070175439, "macro avg": {"precision": 0.4768982256278082, "recall": 0.4810938921922904, "f1-score": 0.43170912785691123, "support": 285}, "weighted avg": {"precision": 0.7570955653064737, "recall": 0.6491228070175439, "f1-score": 0.6699843543130631, "support": 285}}