{"0": {"precision": 0.5, "recall": 1.0, "f1-score": 0.6666666666666666, "support": 5}, "11": {"precision": 0.2, "recall": 1.0, "f1-score": 0.33333333333333337, "support": 2}, "12": {"precision": 0.9230769230769231, "recall": 0.8, "f1-score": 0.8571428571428571, "support": 15}, "13": {"precision": 0.5, "recall": 0.2, "f1-score": 0.28571428571428575, "support": 5}, "14": {"precision": 0.0, "recall": 0.0, "f1-score": 0.0, "support": 0}, "16": {"precision": 0.8787878787878788, "recall": 0.7631578947368421, "f1-score": 0.8169014084507042, "support": 38}, "22": {"precision": 0.8571428571428571, "recall": 1.0, "f1-score": 0.923076923076923, "support": 6}, "23": {"precision": 1.0, "recall": 1.0, "f1-score": 1.0, "support": 6}, "27": {"precision": 0.6, "recall": 1.0, "f1-score": 0.7499999999999999, "support": 3}, "29": {"precision": 0.45454545454545453, "recall": 0.5263157894736842, "f1-score": 0.4878048780487805, "support": 19}, "31": {"precision": 1.0, "recall": 0.3333333333333333, "f1-score": 0.5, "support": 3}, "36": {"precision": 0.0, "recall": 0.0, "f1-score": 0.0, "support": 0}, "37": {"precision": 0.8, "recall": 1.0, "f1-score": 0.888888888888889, "support": 4}, "43": {"precision": 1.0, "recall": 0.4, "f1-score": 0.5714285714285715, "support": 5}, "44": {"precision": 0.8, "recall": 0.6666666666666666, "f1-score": 0.7272727272727272, "support": 6}, "46": {"precision": 0.8936170212765957, "recall": 0.7, "f1-score": 0.7850467289719626, "support": 60}, "48": {"precision": 0.0, "recall": 0.0, "f1-score": 0.0, "support": 0}, "49": {"precision": 0.5, "recall": 1.0, "f1-score": 0.6666666666666666, "support": 1}, "51": {"precision": 0.0, "recall": 0.0, "f1-score": 0.0, "support": 2}, "53": {"precision": 1.0, "recall": 1.0, "f1-score": 1.0, "support": 1}, "56": {"precision": 1.0, "recall": 1.0, "f1-score": 1.0, "support": 1}, "59": {"precision": 1.0, "recall": 1.0, "f1-score": 1.0, "support": 3}, "61": {"precision": 0.3333333333333333, "recall": 1.0, "f1-score": 0.5, "support": 1}, "62": {"precision": 0.75, "recall": 1.0, "f1-score": 0.8571428571428571, "support": 6}, "65": {"precision": 0.0, "recall": 0.0, "f1-score": 0.0, "support": 0}, "68": {"precision": 0.0, "recall": 0.0, "f1-score": 0.0, "support": 0}, "70": {"precision": 0.8571428571428571, "recall": 0.8571428571428571, "f1-score": 0.8571428571428571, "support": 14}, "73": {"precision": 0.9545454545454546, "recall": 1.0, "f1-score": 0.9767441860465117, "support": 21}, "74": {"precision": 1.0, "recall": 1.0, "f1-score": 1.0, "support": 15}, "75": {"precision": 0.7, "recall": 0.6086956521739131, "f1-score": 0.6511627906976744, "support": 23}, "76": {"precision": 1.0, "recall": 0.5, "f1-score": 0.6666666666666666, "support": 2}, "77": {"precision": 1.0, "recall": 1.0, "f1-score": 1.0, "support": 18}, "accuracy": 0.775438596491228, "macro avg": {"precision": 0.6406934931203548, "recall": 0.667353506047728, "f1-score": 0.6177751029174667, "support": 285}, "weighted avg": {"precision": 0.8326846427182374, "recall": 0.775438596491228, "f1-score": 0.7891055781710958, "support": 285}}