{"0": {"precision": 0.027226233453670277, "recall": 0.3358070500927644, "f1-score": 0.050368721302351475, "support": 539}, "1": {"precision": 0.032944406314344546, "recall": 0.10412147505422993, "f1-score": 0.05005213764337852, "support": 461}, "2": {"precision": 0.017045454545454544, "recall": 0.3, "f1-score": 0.03225806451612903, "support": 20}, "3": {"precision": 0.03128491620111732, "recall": 0.18064516129032257, "f1-score": 0.05333333333333334, "support": 155}, "4": {"precision": 0.043209876543209874, "recall": 0.5833333333333334, "f1-score": 0.08045977011494253, "support": 24}, "5": {"precision": 0.019305019305019305, "recall": 0.024752475247524754, "f1-score": 0.02169197396963124, "support": 202}, "6": {"precision": 0.06764705882352941, "recall": 0.1419753086419753, "f1-score": 0.09163346613545817, "support": 162}, "7": {"precision": 0.6109510086455331, "recall": 0.6424242424242425, "f1-score": 0.6262924667651403, "support": 330}, "8": {"precision": 0.1927144535840188, "recall": 0.3565217391304348, "f1-score": 0.2501906941266209, "support": 460}, "9": {"precision": 0.009675858732462506, "recall": 0.3389830508474576, "f1-score": 0.018814675446848544, "support": 59}, "10": {"precision": 0.226890756302521, "recall": 0.15428571428571428, "f1-score": 0.1836734693877551, "support": 350}, "11": {"precision": 0.43672456575682383, "recall": 0.22096672944130571, "f1-score": 0.2934556065027095, "support": 1593}, "12": {"precision": 0.5487179487179488, "recall": 0.7379310344827587, "f1-score": 0.6294117647058823, "support": 145}, "13": {"precision": 0.03173996175908222, "recall": 0.1828193832599119, "f1-score": 0.05408927989573151, "support": 454}, "14": {"precision": 0.0535279805352798, "recall": 0.3055555555555556, "f1-score": 0.09109730848861283, "support": 72}, "15": {"precision": 0.2130718954248366, "recall": 0.38443396226415094, "f1-score": 0.2741799831791421, "support": 1272}, "16": {"precision": 0.016985138004246284, "recall": 0.058823529411764705, "f1-score": 0.026359143327841845, "support": 136}, "17": {"precision": 0.15625, "recall": 0.051194539249146756, "f1-score": 0.07712082262210797, "support": 586}, "18": {"precision": 0.018867924528301886, "recall": 0.0735930735930736, "f1-score": 0.030035335689045938, "support": 231}, "19": {"precision": 0.009404388714733543, "recall": 0.05555555555555555, "f1-score": 0.016085790884718502, "support": 54}, "20": {"precision": 0.06626506024096386, "recall": 0.4583333333333333, "f1-score": 0.11578947368421053, "support": 24}, "21": {"precision": 0.028503562945368172, "recall": 0.028639618138424822, "f1-score": 0.028571428571428574, "support": 419}, "22": {"precision": 0.007029876977152899, "recall": 0.037383177570093455, "f1-score": 0.011834319526627219, "support": 107}, "23": {"precision": 0.059275521405049394, "recall": 0.40601503759398494, "f1-score": 0.10344827586206896, "support": 133}, "24": {"precision": 0.014727540500736377, "recall": 0.15625, "f1-score": 0.026917900403768506, "support": 128}, "25": {"precision": 0.2579505300353357, "recall": 0.35784313725490197, "f1-score": 0.2997946611909651, "support": 204}, "26": {"precision": 0.060215053763440864, "recall": 0.01564245810055866, "f1-score": 0.02483370288248337, "support": 1790}, "27": {"precision": 0.01699029126213592, "recall": 0.35, "f1-score": 0.032407407407407406, "support": 20}, "28": {"precision": 0.0, "recall": 0.0, "f1-score": 0.0, "support": 126}, "29": {"precision": 0.037694013303769404, "recall": 0.4857142857142857, "f1-score": 0.06995884773662553, "support": 35}, "30": {"precision": 0.027777777777777776, "recall": 0.06153846153846154, "f1-score": 0.03827751196172249, "support": 65}, "31": {"precision": 0.014619883040935672, "recall": 0.37037037037037035, "f1-score": 0.028129395218002815, "support": 27}, "32": {"precision": 0.020644511581067473, "recall": 0.08523908523908524, "f1-score": 0.033238751520064856, "support": 481}, "33": {"precision": 0.08623298033282904, "recall": 0.2544642857142857, "f1-score": 0.1288135593220339, "support": 224}, "34": {"precision": 0.03119584055459272, "recall": 0.08695652173913043, "f1-score": 0.04591836734693877, "support": 207}, "35": {"precision": 0.2605633802816901, "recall": 0.37, "f1-score": 0.30578512396694213, "support": 100}, "36": {"precision": 0.050241157556270094, "recall": 0.32299741602067183, "f1-score": 0.08695652173913045, "support": 387}, "37": {"precision": 0.022388059701492536, "recall": 0.21428571428571427, "f1-score": 0.040540540540540536, "support": 14}, "38": {"precision": 0.22182890855457227, "recall": 0.34306569343065696, "f1-score": 0.26943747760659265, "support": 1096}, "39": {"precision": 0.004651162790697674, "recall": 0.07317073170731707, "f1-score": 0.008746355685131196, "support": 41}, "40": {"precision": 0.01984126984126984, "recall": 0.017985611510791366, "f1-score": 0.018867924528301886, "support": 278}, "41": {"precision": 0.040628200751109594, "recall": 0.07428214731585518, "f1-score": 0.05252703597439859, "support": 1602}, "42": {"precision": 0.019843101061375174, "recall": 0.05874316939890711, "f1-score": 0.02966540186271128, "support": 732}, "43": {"precision": 0.07692307692307693, "recall": 0.02133217239878102, "f1-score": 0.033401499659168374, "support": 2297}, "44": {"precision": 0.05555555555555555, "recall": 0.14084507042253522, "f1-score": 0.0796812749003984, "support": 71}, "45": {"precision": 0.16666666666666666, "recall": 0.5537190082644629, "f1-score": 0.25621414913957935, "support": 121}, "46": {"precision": 0.011673151750972763, "recall": 0.10714285714285714, "f1-score": 0.021052631578947368, "support": 56}, "47": {"precision": 0.003861003861003861, "recall": 0.02702702702702703, "f1-score": 0.006756756756756757, "support": 37}, "48": {"precision": 0.004252303330970942, "recall": 0.13636363636363635, "f1-score": 0.008247422680412371, "support": 44}, "49": {"precision": 0.01904761904761905, "recall": 0.2857142857142857, "f1-score": 0.03571428571428572, "support": 105}, "50": {"precision": 0.08940397350993377, "recall": 0.391304347826087, "f1-score": 0.14555256064690025, "support": 69}, "51": {"precision": 0.0148975791433892, "recall": 0.2, "f1-score": 0.02772963604852686, "support": 40}, "52": {"precision": 0.24434389140271492, "recall": 0.2903225806451613, "f1-score": 0.2653562653562654, "support": 186}, "53": {"precision": 0.7389121338912134, "recall": 0.20968890999762527, "f1-score": 0.3266740658527562, "support": 4211}, "54": {"precision": 0.19110764430577223, "recall": 0.10294117647058823, "f1-score": 0.13380666302566901, "support": 2380}, "55": {"precision": 0.07603781339909577, "recall": 0.26734104046242774, "f1-score": 0.11839999999999999, "support": 692}, "56": {"precision": 0.1992619926199262, "recall": 0.6067415730337079, "f1-score": 0.3, "support": 178}, "57": {"precision": 0.0413625304136253, "recall": 0.1116584564860427, "f1-score": 0.06036395916555703, "support": 609}, "58": {"precision": 0.4940828402366864, "recall": 0.7455357142857143, "f1-score": 0.594306049822064, "support": 224}, "59": {"precision": 0.2504638218923933, "recall": 0.3698630136986301, "f1-score": 0.29867256637168144, "support": 365}, "60": {"precision": 0.00273224043715847, "recall": 0.023809523809523808, "f1-score": 0.004901960784313725, "support": 42}, "61": {"precision": 0.19599109131403117, "recall": 0.055707955264823805, "f1-score": 0.08675649030561945, "support": 4739}, "62": {"precision": 0.7962264150943397, "recall": 0.6893622582331417, "f1-score": 0.738950759963578, "support": 7652}, "63": {"precision": 0.26943556975505856, "recall": 0.018461762988908347, "f1-score": 0.03455576043160554, "support": 13704}, "64": {"precision": 0.03431372549019608, "recall": 0.1746031746031746, "f1-score": 0.05735567970204842, "support": 441}, "65": {"precision": 0.19971056439942114, "recall": 0.7379679144385026, "f1-score": 0.31435079726651477, "support": 187}, "66": {"precision": 0.046263345195729534, "recall": 0.3170731707317073, "f1-score": 0.08074534161490682,