{"0": {"precision": 0.8, "recall": 0.8, "f1-score": 0.8000000000000002, "support": 5}, "3": {"precision": 0.0, "recall": 0.0, "f1-score": 0.0, "support": 0}, "4": {"precision": 0.0, "recall": 0.0, "f1-score": 0.0, "support": 0}, "11": {"precision": 0.4, "recall": 1.0, "f1-score": 0.5714285714285715, "support": 2}, "12": {"precision": 1.0, "recall": 0.6666666666666666, "f1-score": 0.8, "support": 15}, "13": {"precision": 0.5, "recall": 0.4, "f1-score": 0.4444444444444445, "support": 5}, "15": {"precision": 0.0, "recall": 0.0, "f1-score": 0.0, "support": 0}, "16": {"precision": 0.7857142857142857, "recall": 0.2894736842105263, "f1-score": 0.423076923076923, "support": 38}, "17": {"precision": 0.0, "recall": 0.0, "f1-score": 0.0, "support": 0}, "22": {"precision": 0.46153846153846156, "recall": 1.0, "f1-score": 0.631578947368421, "support": 6}, "23": {"precision": 0.8571428571428571, "recall": 1.0, "f1-score": 0.923076923076923, "support": 6}, "27": {"precision": 0.6, "recall": 1.0, "f1-score": 0.7499999999999999, "support": 3}, "29": {"precision": 0.2727272727272727, "recall": 0.631578947368421, "f1-score": 0.38095238095238093, "support": 19}, "31": {"precision": 1.0, "recall": 0.3333333333333333, "f1-score": 0.5, "support": 3}, "36": {"precision": 0.0, "recall": 0.0, "f1-score": 0.0, "support": 0}, "37": {"precision": 1.0, "recall": 1.0, "f1-score": 1.0, "support": 4}, "43": {"precision": 0.5, "recall": 0.2, "f1-score": 0.28571428571428575, "support": 5}, "44": {"precision": 0.4, "recall": 0.6666666666666666, "f1-score": 0.5, "support": 6}, "46": {"precision": 0.90625, "recall": 0.48333333333333334, "f1-score": 0.6304347826086957, "support": 60}, "48": {"precision": 0.0, "recall": 0.0, "f1-score": 0.0, "support": 0}, "49": {"precision": 1.0, "recall": 1.0, "f1-score": 1.0, "support": 1}, "51": {"precision": 0.0, "recall": 0.0, "f1-score": 0.0, "support": 2}, "53": {"precision": 0.25, "recall": 1.0, "f1-score": 0.4, "support": 1}, "56": {"precision": 1.0, "recall": 1.0, "f1-score": 1.0, "support": 1}, "59": {"precision": 1.0, "recall": 1.0, "f1-score": 1.0, "support": 3}, "61": {"precision": 0.25, "recall": 1.0, "f1-score": 0.4, "support": 1}, "62": {"precision": 0.5714285714285714, "recall": 0.6666666666666666, "f1-score": 0.6153846153846153, "support": 6}, "65": {"precision": 0.0, "recall": 0.0, "f1-score": 0.0, "support": 0}, "67": {"precision": 0.0, "recall": 0.0, "f1-score": 0.0, "support": 0}, "68": {"precision": 0.0, "recall": 0.0, "f1-score": 0.0, "support": 0}, "70": {"precision": 0.7058823529411765, "recall": 0.8571428571428571, "f1-score": 0.7741935483870968, "support": 14}, "71": {"precision": 0.0, "recall": 0.0, "f1-score": 0.0, "support": 0}, "73": {"precision": 0.3333333333333333, "recall": 0.38095238095238093, "f1-score": 0.35555555555555557, "support": 21}, "74": {"precision": 0.0, "recall": 0.0, "f1-score": 0.0, "support": 15}, "75": {"precision": 0.631578947368421, "recall": 0.5217391304347826, "f1-score": 0.5714285714285715, "support": 23}, "76": {"precision": 1.0, "recall": 1.0, "f1-score": 1.0, "support": 2}, "77": {"precision": 0.9473684210526315, "recall": 1.0, "f1-score": 0.972972972972973, "support": 18}, "accuracy": 0.5543859649122806, "macro avg": {"precision": 0.4641341757634327, "recall": 0.5107446936966387, "f1-score": 0.452168716821607, "support": 285}, "weighted avg": {"precision": 0.6761962129446242, "recall": 0.5543859649122806, "f1-score": 0.5700587578267624, "support": 285}}