{"0": {"precision": 0.12674980911173325, "recall": 0.8341708542713567, "f1-score": 0.22006186478126377, "support": 597}, "1": {"precision": 0.21230398069963813, "recall": 0.35412474849094566, "f1-score": 0.26546003016591246, "support": 497}, "2": {"precision": 0.017716535433070866, "recall": 0.5, "f1-score": 0.034220532319391636, "support": 18}, "3": {"precision": 0.0, "recall": 0.0, "f1-score": 0.0, "support": 143}, "4": {"precision": 0.2, "recall": 0.7692307692307693, "f1-score": 0.31746031746031744, "support": 13}, "5": {"precision": 0.23232323232323232, "recall": 0.8944444444444445, "f1-score": 0.3688430698739977, "support": 180}, "6": {"precision": 0.6916666666666667, "recall": 0.6148148148148148, "f1-score": 0.6509803921568627, "support": 135}, "7": {"precision": 0.5040916530278232, "recall": 0.9685534591194969, "f1-score": 0.6630785791173305, "support": 318}, "8": {"precision": 0.5125, "recall": 0.36363636363636365, "f1-score": 0.4254215304798962, "support": 451}, "9": {"precision": 0.08404802744425385, "recall": 0.875, "f1-score": 0.15336463223787164, "support": 56}, "10": {"precision": 0.038797284190106696, "recall": 0.4584527220630373, "f1-score": 0.07154035323049408, "support": 349}, "11": {"precision": 0.4666666666666667, "recall": 0.004575163398692811, "f1-score": 0.009061488673139158, "support": 1530}, "12": {"precision": 0.8766233766233766, "recall": 0.7988165680473372, "f1-score": 0.8359133126934983, "support": 169}, "13": {"precision": 0.5367483296213809, "recall": 0.5073684210526316, "f1-score": 0.5216450216450216, "support": 475}, "14": {"precision": 0.20588235294117646, "recall": 0.11290322580645161, "f1-score": 0.14583333333333331, "support": 62}, "15": {"precision": 0.0, "recall": 0.0, "f1-score": 0.0, "support": 1253}, "16": {"precision": 0.004048582995951417, "recall": 0.00819672131147541, "f1-score": 0.005420054200542005, "support": 122}, "17": {"precision": 0.75, "recall": 0.0049586776859504135, "f1-score": 0.009852216748768475, "support": 605}, "18": {"precision": 0.28835489833641403, "recall": 0.7647058823529411, "f1-score": 0.4187919463087248, "support": 204}, "19": {"precision": 0.25806451612903225, "recall": 0.12903225806451613, "f1-score": 0.17204301075268816, "support": 62}, "20": {"precision": 0.4, "recall": 0.2222222222222222, "f1-score": 0.2857142857142857, "support": 27}, "21": {"precision": 0.08726513569937369, "recall": 0.5345268542199488, "f1-score": 0.15003589375448673, "support": 391}, "22": {"precision": 0.09183673469387756, "recall": 0.08490566037735849, "f1-score": 0.08823529411764705, "support": 106}, "23": {"precision": 0.5757575757575758, "recall": 0.3247863247863248, "f1-score": 0.4153005464480874, "support": 117}, "24": {"precision": 0.0, "recall": 0.0, "f1-score": 0.0, "support": 119}, "25": {"precision": 0.5869565217391305, "recall": 0.25116279069767444, "f1-score": 0.35179153094462545, "support": 215}, "26": {"precision": 0.5, "recall": 0.007705008255365988, "f1-score": 0.015176151761517615, "support": 1817}, "27": {"precision": 0.5714285714285714, "recall": 0.2962962962962963, "f1-score": 0.3902439024390244, "support": 27}, "28": {"precision": 0.40625, "recall": 0.12380952380952381, "f1-score": 0.18978102189781024, "support": 105}, "29": {"precision": 0.09090909090909091, "recall": 0.029411764705882353, "f1-score": 0.04444444444444444, "support": 34}, "30": {"precision": 0.28169014084507044, "recall": 0.3225806451612903, "f1-score": 0.30075187969924816, "support": 62}, "31": {"precision": 0.25, "recall": 0.02857142857142857, "f1-score": 0.05128205128205128, "support": 35}, "32": {"precision": 0.07959128798063995, "recall": 0.6090534979423868, "f1-score": 0.14078478002378123, "support": 486}, "33": {"precision": 0.28187919463087246, "recall": 0.21, "f1-score": 0.24068767908309452, "support": 200}, "34": {"precision": 0.047619047619047616, "recall": 0.004484304932735426, "f1-score": 0.00819672131147541, "support": 223}, "35": {"precision": 0.5862068965517241, "recall": 0.3300970873786408, "f1-score": 0.422360248447205, "support": 103}, "36": {"precision": 0.0, "recall": 0.0, "f1-score": 0.0, "support": 414}, "37": {"precision": 0.5, "recall": 0.1111111111111111, "f1-score": 0.1818181818181818, "support": 18}, "38": {"precision": 0.9361702127659575, "recall": 0.04007285974499089, "f1-score": 0.07685589519650655, "support": 1098}, "39": {"precision": 0.42857142857142855, "recall": 0.15, "f1-score": 0.2222222222222222, "support": 40}, "40": {"precision": 0.12121212121212122, "recall": 0.014336917562724014, "f1-score": 0.025641025641025644, "support": 279}, "41": {"precision": 0.1031796705401609, "recall": 0.5072190834902699, "f1-score": 0.17147707979626486, "support": 1593}, "42": {"precision": 0.08340237503452085, "recall": 0.9263803680981595, "f1-score": 0.15302761591081834, "support": 652}, "43": {"precision": 0.5175644028103045, "recall": 0.9216013344453712, "f1-score": 0.6628674265146971, "support": 2398}, "44": {"precision": 0.0, "recall": 0.0, "f1-score": 0.0, "support": 93}, "45": {"precision": 0.27167630057803466, "recall": 0.376, "f1-score": 0.3154362416107383, "support": 125}, "46": {"precision": 0.5365853658536586, "recall": 0.6376811594202898, "f1-score": 0.5827814569536424, "support": 69}, "47": {"precision": 0.6, "recall": 0.2777777777777778, "f1-score": 0.37974683544303794, "support": 54}, "48": {"precision": 0.152317880794702, "recall": 0.575, "f1-score": 0.24083769633507854, "support": 40}, "49": {"precision": 0.18248175182481752, "recall": 0.2840909090909091, "f1-score": 0.22222222222222224, "support": 88}, "50": {"precision": 0.5, "recall": 0.1267605633802817, "f1-score": 0.20224719101123592, "support": 71}, "51": {"precision": 1.0, "recall": 0.023809523809523808, "f1-score": 0.046511627906976744, "support": 42}, "52": {"precision": 0.5166666666666667, "recall": 0.21678321678321677, "f1-score": 0.3054187192118227, "support": 143}, "53": {"precision": 0.9503875968992248, "recall": 0.43837902264600714, "f1-score": 0.6, "support": 4195}, "54": {"precision": 0.84375, "recall": 0.011282908483075638, "f1-score": 0.022268041237113404, "support": 2393}, "55": {"precision": 0.17094017094017094, "recall": 0.055944055944055944, "f1-score": 0.08429926238145417, "support": 715}, "56": {"precision": 0.2927835051546392, "recall": 0.8987341772151899, "f1-score": 0.4416796267496112, "support": 158}, "57": {"precision": 0.1328369905956113, "recall": 0.5372424722662441, "f1-score": 0.21300659754948165, "support": 631}, "58": {"precision": 0.1464401294498382, "recall": 0.8497652582159625, "f1-score": 0.24982746721877158, "support": 213}, "59": {"precision": 0.8985507246376812, "recall": 0.1834319526627219, "f1-score": 0.30466830466830463, "support": 338}, "60": {"precision": 0.5, "recall": 0.3269230769230769, "f1-score": 0.39534883720930236, "support": 52}, "61": {"precision": 0.17543859649122806, "recall": 0.0020601565718994645, "f1-score": 0.004072490327835471, "support": 4854}, "62": {"precision": 0.6134736478909687, "recall": 0.9283383370317191, "f1-score": 0.7387555832554275, "support": 7661}, "63": {"precision": 0.5651575862687638, "recall": 0.6949551404618326, "f1-score": 0.6233714832283386, "support": 13598}, "64": {"precision": 0.03718404010862753, "recall": 0.827906976744186, "f1-score": 0.07117153138744503, "support": 430}, "65": {"precision": 0.14953933380581147, "recall": 0.8940677966101694, "f1-score": 0.25622343655130536, "support": 236}, "66": {"precision": 0.0, "recall": 0.0, "f1-score": 0.0, "support": 49}, "67": {"precision": 0.75, "recall": 0.029411764705882353, "f1-score": 0.056603773584905655, "support": 102}, "68": {"precision": 0.5609756097560976, "recall": 0.4107142857142857, "f1-score": 0.4742268041237114, "support": 56}, "69": {"precision": 0.058823529411764705, "recall": 0.02127659574468085, "f1-score": 0.03125, "support": 47}, "70": {"precision": 0.009864364981504316, "recall": 0.42105263157894735, "f1-score": 0.019277108433734938, "support": 38},