{"0": {"precision": 0.016140602582496413, "recall": 0.07053291536050156, "f1-score": 0.026269702276707527, "support": 638}, "1": {"precision": 0.021578201291541976, "recall": 0.28482328482328484, "f1-score": 0.04011713030746706, "support": 481}, "2": {"precision": 0.0008673026886383347, "recall": 0.05263157894736842, "f1-score": 0.001706484641638225, "support": 19}, "3": {"precision": 0.07035175879396985, "recall": 0.10144927536231885, "f1-score": 0.08308605341246292, "support": 138}, "4": {"precision": 0.007556675062972292, "recall": 0.25, "f1-score": 0.014669926650366746, "support": 24}, "5": {"precision": 0.0, "recall": 0.0, "f1-score": 0.0, "support": 189}, "6": {"precision": 0.0029940119760479044, "recall": 0.006097560975609756, "f1-score": 0.004016064257028112, "support": 164}, "7": {"precision": 0.18042226487523993, "recall": 0.29283489096573206, "f1-score": 0.22327790973871733, "support": 321}, "8": {"precision": 0.0834597875569044, "recall": 0.11293634496919917, "f1-score": 0.09598603839441537, "support": 487}, "9": {"precision": 0.012448132780082987, "recall": 0.11842105263157894, "f1-score": 0.02252816020025031, "support": 76}, "10": {"precision": 0.008333333333333333, "recall": 0.034383954154727794, "f1-score": 0.013415315818893235, "support": 349}, "11": {"precision": 0.03347280334728033, "recall": 0.02006269592476489, "f1-score": 0.02508820070560565, "support": 1595}, "12": {"precision": 0.168141592920354, "recall": 0.37748344370860926, "f1-score": 0.2326530612244898, "support": 151}, "13": {"precision": 0.0018170805572380376, "recall": 0.006224066390041493, "f1-score": 0.0028129395218002813, "support": 482}, "14": {"precision": 0.0065252854812398045, "recall": 0.07272727272727272, "f1-score": 0.011976047904191617, "support": 55}, "15": {"precision": 0.07510094212651414, "recall": 0.2198581560283688, "f1-score": 0.11195826645264847, "support": 1269}, "16": {"precision": 0.0, "recall": 0.0, "f1-score": 0.0, "support": 117}, "17": {"precision": 0.033920417482061316, "recall": 0.08227848101265822, "f1-score": 0.04803695150115474, "support": 632}, "18": {"precision": 0.012224938875305624, "recall": 0.043668122270742356, "f1-score": 0.019102196752626553, "support": 229}, "19": {"precision": 0.0, "recall": 0.0, "f1-score": 0.0, "support": 49}, "20": {"precision": 0.011494252873563218, "recall": 0.125, "f1-score": 0.02105263157894737, "support": 24}, "21": {"precision": 0.020594965675057208, "recall": 0.020224719101123594, "f1-score": 0.02040816326530612, "support": 445}, "22": {"precision": 0.0, "recall": 0.0, "f1-score": 0.0, "support": 114}, "23": {"precision": 0.06876790830945559, "recall": 0.32, "f1-score": 0.11320754716981132, "support": 150}, "24": {"precision": 0.0024691358024691358, "recall": 0.017241379310344827, "f1-score": 0.004319654427645788, "support": 116}, "25": {"precision": 0.007537688442211055, "recall": 0.015, "f1-score": 0.010033444816053512, "support": 200}, "26": {"precision": 0.03333333333333333, "recall": 0.010348583877995643, "f1-score": 0.015793848711554447, "support": 1836}, "27": {"precision": 0.006430868167202572, "recall": 0.16, "f1-score": 0.012364760432766615, "support": 25}, "28": {"precision": 0.0041841004184100415, "recall": 0.00819672131147541, "f1-score": 0.00554016620498615, "support": 122}, "29": {"precision": 0.005068790731354091, "recall": 0.21212121212121213, "f1-score": 0.009900990099009901, "support": 33}, "30": {"precision": 0.0012484394506866417, "recall": 0.01639344262295082, "f1-score": 0.002320185614849188, "support": 61}, "31": {"precision": 0.0018050541516245488, "recall": 0.022222222222222223, "f1-score": 0.00333889816360601, "support": 45}, "32": {"precision": 0.02069224981188864, "recall": 0.11752136752136752, "f1-score": 0.035188739603326934, "support": 468}, "33": {"precision": 0.006764374295377677, "recall": 0.03015075376884422, "f1-score": 0.011049723756906077, "support": 199}, "34": {"precision": 0.028465346534653466, "recall": 0.10849056603773585, "f1-score": 0.045098039215686274, "support": 212}, "35": {"precision": 0.11728395061728394, "recall": 0.19, "f1-score": 0.1450381679389313, "support": 100}, "36": {"precision": 0.1282051282051282, "recall": 0.09195402298850575, "f1-score": 0.107095046854083, "support": 435}, "37": {"precision": 0.005657708628005658, "recall": 0.38095238095238093, "f1-score": 0.011149825783972127, "support": 21}, "38": {"precision": 0.023580786026200874, "recall": 0.07424381301558204, "f1-score": 0.035793194874060984, "support": 1091}, "39": {"precision": 0.004424778761061947, "recall": 0.034482758620689655, "f1-score": 0.00784313725490196, "support": 58}, "40": {"precision": 0.014309076042518397, "recall": 0.109717868338558, "f1-score": 0.02531645569620253, "support": 319}, "41": {"precision": 0.06340677055346589, "recall": 0.07274969173859433, "f1-score": 0.06775768016078093, "support": 1622}, "42": {"precision": 0.0, "recall": 0.0, "f1-score": 0.0, "support": 668}, "43": {"precision": 0.05263157894736842, "recall": 0.003950834064969272, "f1-score": 0.007349938750510412, "support": 2278}, "44": {"precision": 0.006430868167202572, "recall": 0.021052631578947368, "f1-score": 0.009852216748768473, "support": 95}, "45": {"precision": 0.08637873754152824, "recall": 0.22033898305084745, "f1-score": 0.12410501193317422, "support": 118}, "46": {"precision": 0.018018018018018018, "recall": 0.04, "f1-score": 0.024844720496894408, "support": 50}, "47": {"precision": 0.0, "recall": 0.0, "f1-score": 0.0, "support": 44}, "48": {"precision": 0.006928406466512702, "recall": 0.07142857142857142, "f1-score": 0.01263157894736842, "support": 42}, "49": {"precision": 0.0015296367112810707, "recall": 0.05263157894736842, "f1-score": 0.0029728725380899295, "support": 76}, "50": {"precision": 0.076158940397351, "recall": 0.3382352941176471, "f1-score": 0.12432432432432432, "support": 68}, "51": {"precision": 0.005221932114882507, "recall": 0.14814814814814814, "f1-score": 0.01008827238335435, "support": 54}, "52": {"precision": 0.0008361204013377926, "recall": 0.005747126436781609, "f1-score": 0.00145985401459854, "support": 174}, "53": {"precision": 0.8040308747855918, "recall": 0.4404510218463707, "f1-score": 0.5691303687964789, "support": 4257}, "54": {"precision": 0.09629883481836875, "recall": 0.12003417343015806, "f1-score": 0.10686442289408633, "support": 2341}, "55": {"precision": 0.0844811753902663, "recall": 0.2548476454293629, "f1-score": 0.12689655172413794, "support": 722}, "56": {"precision": 0.012, "recall": 0.039473684210526314, "f1-score": 0.018404907975460124, "support": 152}, "57": {"precision": 0.019008825526137134, "recall": 0.04451510333863275, "f1-score": 0.02664129400570885, "support": 629}, "58": {"precision": 0.023444544634806132, "recall": 0.23853211009174313, "f1-score": 0.042692939244663386, "support": 218}, "59": {"precision": 0.01644479248238058, "recall": 0.05630026809651475, "f1-score": 0.025454545454545455, "support": 373}, "60": {"precision": 0.011834319526627219, "recall": 0.0784313725490196, "f1-score": 0.02056555269922879, "support": 51}, "61": {"precision": 0.17370325693606756, "recall": 0.0301255230125523, "f1-score": 0.05134605098948119, "support": 4780}, "62": {"precision": 0.2378472222222222, "recall": 0.01781766159448563, "f1-score": 0.033151845130066554, "support": 7689}, "63": {"precision": 0.44456347080878417, "recall": 0.060801406490367006, "f1-score": 0.10697254800876402, "support": 13651}, "64": {"precision": 0.004152823920265781, "recall": 0.01098901098901099, "f1-score": 0.006027727546714889, "support": 455}, "65": {"precision": 0.07664453832226917, "recall": 0.5799086757990868, "f1-score": 0.13539445628997868, "support": 219}, "66": {"precision": 0.04716981132075472, "recall": 0.12195121951219512, "f1-score": 0.06802721088435375, "support": 41}, "67": {"precision": 0.09090909090909091, "recall": 0.1956521739130435, "f1-score": 0.12413793103448276, "support": 92}, "68": {"precision": 0.0010542962572482868,