{"0": {"precision": 0.029606942317508933, "recall": 0.09715242881072027, "f1-score": 0.045383411580594675, "support": 597}, "1": {"precision": 0.04450757575757576, "recall": 0.09456740442655935, "f1-score": 0.06052801030264005, "support": 497}, "2": {"precision": 0.001448225923244026, "recall": 0.1111111111111111, "f1-score": 0.0028591851322373124, "support": 18}, "3": {"precision": 0.0945945945945946, "recall": 0.0979020979020979, "f1-score": 0.09621993127147767, "support": 143}, "4": {"precision": 0.0, "recall": 0.0, "f1-score": 0.0, "support": 13}, "5": {"precision": 0.07272727272727272, "recall": 0.13333333333333333, "f1-score": 0.09411764705882353, "support": 180}, "6": {"precision": 0.027914614121510674, "recall": 0.1259259259259259, "f1-score": 0.0456989247311828, "support": 135}, "7": {"precision": 0.4365256124721604, "recall": 0.6163522012578616, "f1-score": 0.5110821382007822, "support": 318}, "8": {"precision": 0.06718014548566538, "recall": 0.34811529933481156, "f1-score": 0.1126255380200861, "support": 451}, "9": {"precision": 0.006782215523737754, "recall": 0.16071428571428573, "f1-score": 0.013015184381778741, "support": 56}, "10": {"precision": 0.012944983818770227, "recall": 0.034383954154727794, "f1-score": 0.018808777429467086, "support": 349}, "11": {"precision": 0.04326241134751773, "recall": 0.03986928104575163, "f1-score": 0.041496598639455776, "support": 1530}, "12": {"precision": 0.4626865671641791, "recall": 0.7337278106508875, "f1-score": 0.5675057208237987, "support": 169}, "13": {"precision": 0.022673434856175973, "recall": 0.14105263157894737, "f1-score": 0.039067055393586, "support": 475}, "14": {"precision": 0.0009775171065493646, "recall": 0.016129032258064516, "f1-score": 0.0018433179723502306, "support": 62}, "15": {"precision": 0.01762472885032538, "recall": 0.05187549880287311, "f1-score": 0.02631046346893341, "support": 1253}, "16": {"precision": 0.002546148949713558, "recall": 0.03278688524590164, "f1-score": 0.004725339633786178, "support": 122}, "17": {"precision": 0.2852233676975945, "recall": 0.1371900826446281, "f1-score": 0.18526785714285715, "support": 605}, "18": {"precision": 0.0018975332068311196, "recall": 0.00980392156862745, "f1-score": 0.0031796502384737677, "support": 204}, "19": {"precision": 0.006802721088435374, "recall": 0.03225806451612903, "f1-score": 0.011235955056179775, "support": 62}, "20": {"precision": 0.004942339373970346, "recall": 0.1111111111111111, "f1-score": 0.009463722397476339, "support": 27}, "21": {"precision": 0.02424830261881668, "recall": 0.0639386189258312, "f1-score": 0.035161744022503515, "support": 391}, "22": {"precision": 0.0069124423963133645, "recall": 0.02830188679245283, "f1-score": 0.011111111111111113, "support": 106}, "23": {"precision": 0.05627705627705628, "recall": 0.3333333333333333, "f1-score": 0.09629629629629631, "support": 117}, "24": {"precision": 0.007407407407407408, "recall": 0.03361344537815126, "f1-score": 0.012139605462822457, "support": 119}, "25": {"precision": 0.21555555555555556, "recall": 0.4511627906976744, "f1-score": 0.2917293233082706, "support": 215}, "26": {"precision": 0.019963702359346643, "recall": 0.006053935057787562, "f1-score": 0.009290540540540541, "support": 1817}, "27": {"precision": 0.0078003120124804995, "recall": 0.18518518518518517, "f1-score": 0.014970059880239523, "support": 27}, "28": {"precision": 0.02177068214804064, "recall": 0.14285714285714285, "f1-score": 0.03778337531486146, "support": 105}, "29": {"precision": 0.0033030553261767133, "recall": 0.11764705882352941, "f1-score": 0.00642570281124498, "support": 34}, "30": {"precision": 0.0027247956403269754, "recall": 0.016129032258064516, "f1-score": 0.004662004662004662, "support": 62}, "31": {"precision": 0.04065040650406504, "recall": 0.2857142857142857, "f1-score": 0.07117437722419928, "support": 35}, "32": {"precision": 0.026113671274961597, "recall": 0.06995884773662552, "f1-score": 0.03803131991051454, "support": 486}, "33": {"precision": 0.029180695847362513, "recall": 0.13, "f1-score": 0.04766269477543538, "support": 200}, "34": {"precision": 0.023017902813299233, "recall": 0.08071748878923767, "f1-score": 0.03582089552238806, "support": 223}, "35": {"precision": 0.1, "recall": 0.1941747572815534, "f1-score": 0.13201320132013203, "support": 103}, "36": {"precision": 0.10163551401869159, "recall": 0.42028985507246375, "f1-score": 0.16368767638758228, "support": 414}, "37": {"precision": 0.0, "recall": 0.0, "f1-score": 0.0, "support": 18}, "38": {"precision": 0.30849478390462, "recall": 0.1885245901639344, "f1-score": 0.23403052572074617, "support": 1098}, "39": {"precision": 0.018842530282637954, "recall": 0.35, "f1-score": 0.035759897828863345, "support": 40}, "40": {"precision": 0.007378129117259552, "recall": 0.2007168458781362, "f1-score": 0.014233066463337146, "support": 279}, "41": {"precision": 0.040492957746478875, "recall": 0.028876333961079723, "f1-score": 0.03371198241113961, "support": 1593}, "42": {"precision": 0.02857142857142857, "recall": 0.04447852760736196, "f1-score": 0.03479304139172165, "support": 652}, "43": {"precision": 0.07532467532467532, "recall": 0.012093411175979984, "f1-score": 0.020840819259791594, "support": 2398}, "44": {"precision": 0.01411764705882353, "recall": 0.12903225806451613, "f1-score": 0.02545068928950159, "support": 93}, "45": {"precision": 0.09302325581395349, "recall": 0.416, "f1-score": 0.152046783625731, "support": 125}, "46": {"precision": 0.02564102564102564, "recall": 0.08695652173913043, "f1-score": 0.039603960396039604, "support": 69}, "47": {"precision": 0.00819672131147541, "recall": 0.018518518518518517, "f1-score": 0.011363636363636364, "support": 54}, "48": {"precision": 0.008097165991902834, "recall": 0.05, "f1-score": 0.013937282229965157, "support": 40}, "49": {"precision": 0.00688360450563204, "recall": 0.125, "f1-score": 0.013048635824436536, "support": 88}, "50": {"precision": 0.07246376811594203, "recall": 0.2112676056338028, "f1-score": 0.10791366906474821, "support": 71}, "51": {"precision": 0.0016025641025641025, "recall": 0.023809523809523808, "f1-score": 0.0030030030030030025, "support": 42}, "52": {"precision": 0.10135135135135136, "recall": 0.2097902097902098, "f1-score": 0.1366742596810934, "support": 143}, "53": {"precision": 0.8495114006514658, "recall": 0.3108462455303933, "f1-score": 0.4551483420593368, "support": 4195}, "54": {"precision": 0.2703309029725182, "recall": 0.2014208106978688, "f1-score": 0.2308429118773946, "support": 2393}, "55": {"precision": 0.07627936916639845, "recall": 0.33146853146853145, "f1-score": 0.12401883830455258, "support": 715}, "56": {"precision": 0.12860576923076922, "recall": 0.6772151898734177, "f1-score": 0.21616161616161614, "support": 158}, "57": {"precision": 0.03372407574391344, "recall": 0.29635499207606975, "f1-score": 0.06055699481865286, "support": 631}, "58": {"precision": 0.26770293609671847, "recall": 0.7276995305164319, "f1-score": 0.3914141414141414, "support": 213}, "59": {"precision": 0.6605504587155964, "recall": 0.4260355029585799, "f1-score": 0.5179856115107914, "support": 338}, "60": {"precision": 0.011019283746556474, "recall": 0.23076923076923078, "f1-score": 0.021034180543382998, "support": 52}, "61": {"precision": 0.0766839378238342, "recall": 0.015245158632056036, "f1-score": 0.02543392335452827, "support": 4854}, "62": {"precision": 0.7480641094903656, "recall": 0.5422268633337685, "f1-score": 0.6287271076131375, "support": 7661}, "63": {"precision": 0.3880778588807786, "recall": 0.023459332254743344, "f1-score": 0.04424410540915395, "support": 13598}, "64": {"precision": 0.07191780821917808, "recall": 0.09767441860465116, "f1-score": 0.08284023668639053, "support": 430}, "65": {"precision": 0.15945330296127563, "recall": 0.2966101694915254, "f1-score": 0.2074074074074074, "support": 236}, "66": {"precision": 0.03323262839879154, "recall": 0.4489795918367347, "f1-score": 0.06188466947960619, "support": 49},