{"0": {"precision": 0.023297491039426525, "recall": 0.08333333333333333, "f1-score": 0.036414565826330535, "support": 624}, "1": {"precision": 0.03654908627284318, "recall": 0.17338709677419356, "f1-score": 0.060372060372060374, "support": 496}, "2": {"precision": 0.006791171477079796, "recall": 0.17391304347826086, "f1-score": 0.013071895424836602, "support": 23}, "3": {"precision": 0.03006012024048096, "recall": 0.09433962264150944, "f1-score": 0.04559270516717325, "support": 159}, "4": {"precision": 0.004366812227074236, "recall": 0.05555555555555555, "f1-score": 0.008097165991902834, "support": 18}, "5": {"precision": 0.02358490566037736, "recall": 0.05, "f1-score": 0.03205128205128205, "support": 200}, "6": {"precision": 0.023706896551724137, "recall": 0.13414634146341464, "f1-score": 0.04029304029304029, "support": 164}, "7": {"precision": 0.5136986301369864, "recall": 0.7097791798107256, "f1-score": 0.5960264900662252, "support": 317}, "8": {"precision": 0.09805825242718447, "recall": 0.22197802197802197, "f1-score": 0.13602693602693602, "support": 455}, "9": {"precision": 0.035916824196597356, "recall": 0.30158730158730157, "f1-score": 0.0641891891891892, "support": 63}, "10": {"precision": 0.09062003179650238, "recall": 0.16056338028169015, "f1-score": 0.11585365853658537, "support": 355}, "11": {"precision": 0.032188841201716736, "recall": 0.07756948933419522, "f1-score": 0.04549763033175355, "support": 1547}, "12": {"precision": 0.4794520547945205, "recall": 0.4375, "f1-score": 0.45751633986928103, "support": 160}, "13": {"precision": 0.021944632005401754, "recall": 0.13948497854077252, "f1-score": 0.03792298716452742, "support": 466}, "14": {"precision": 0.01152073732718894, "recall": 0.08928571428571429, "f1-score": 0.020408163265306124, "support": 56}, "15": {"precision": 0.06907894736842106, "recall": 0.06491499227202473, "f1-score": 0.06693227091633466, "support": 1294}, "16": {"precision": 0.0020844189682126106, "recall": 0.03225806451612903, "f1-score": 0.003915810083210964, "support": 124}, "17": {"precision": 0.08579088471849866, "recall": 0.05423728813559322, "f1-score": 0.06645898234683281, "support": 590}, "18": {"precision": 0.013286093888396812, "recall": 0.06944444444444445, "f1-score": 0.022304832713754646, "support": 216}, "19": {"precision": 0.04225352112676056, "recall": 0.09836065573770492, "f1-score": 0.059113300492610835, "support": 61}, "20": {"precision": 0.024691358024691357, "recall": 0.24, "f1-score": 0.04477611940298507, "support": 25}, "21": {"precision": 0.03374233128834356, "recall": 0.026570048309178744, "f1-score": 0.02972972972972973, "support": 414}, "22": {"precision": 0.01744186046511628, "recall": 0.12396694214876033, "f1-score": 0.03058103975535168, "support": 121}, "23": {"precision": 0.038461538461538464, "recall": 0.07586206896551724, "f1-score": 0.05104408352668214, "support": 145}, "24": {"precision": 0.014164305949008499, "recall": 0.08064516129032258, "f1-score": 0.024096385542168672, "support": 124}, "25": {"precision": 0.24152542372881355, "recall": 0.29842931937172773, "f1-score": 0.26697892271662765, "support": 191}, "26": {"precision": 0.22033898305084745, "recall": 0.04889844169801182, "f1-score": 0.08003518029903255, "support": 1861}, "27": {"precision": 0.010183299389002037, "recall": 0.23809523809523808, "f1-score": 0.019531250000000003, "support": 21}, "28": {"precision": 0.006329113924050633, "recall": 0.016260162601626018, "f1-score": 0.009111617312072894, "support": 123}, "29": {"precision": 0.03133903133903134, "recall": 0.2894736842105263, "f1-score": 0.05655526992287919, "support": 38}, "30": {"precision": 0.0036101083032490976, "recall": 0.045454545454545456, "f1-score": 0.006688963210702341, "support": 66}, "31": {"precision": 0.04516129032258064, "recall": 0.21212121212121213, "f1-score": 0.07446808510638298, "support": 33}, "32": {"precision": 0.04483837330552659, "recall": 0.08565737051792828, "f1-score": 0.05886379192334019, "support": 502}, "33": {"precision": 0.059813084112149535, "recall": 0.15841584158415842, "f1-score": 0.08683853459972864, "support": 202}, "34": {"precision": 0.03407682775712516, "recall": 0.2301255230125523, "f1-score": 0.05936319481921209, "support": 239}, "35": {"precision": 0.031818181818181815, "recall": 0.06422018348623854, "f1-score": 0.0425531914893617, "support": 109}, "36": {"precision": 0.08052805280528053, "recall": 0.3398328690807799, "f1-score": 0.13020277481323372, "support": 359}, "37": {"precision": 0.0, "recall": 0.0, "f1-score": 0.0, "support": 21}, "38": {"precision": 0.12957582800697268, "recall": 0.4076782449725777, "f1-score": 0.19664902998236328, "support": 1094}, "39": {"precision": 0.007568590350047304, "recall": 0.1702127659574468, "f1-score": 0.014492753623188406, "support": 47}, "40": {"precision": 0.005249343832020997, "recall": 0.024844720496894408, "f1-score": 0.00866738894907909, "support": 322}, "41": {"precision": 0.04764638346727899, "recall": 0.051171393341553635, "f1-score": 0.049346016646848984, "support": 1622}, "42": {"precision": 0.0281214848143982, "recall": 0.06993006993006994, "f1-score": 0.04011231448054552, "support": 715}, "43": {"precision": 0.01613770844540075, "recall": 0.012583892617449664, "f1-score": 0.01414093801555503, "support": 2384}, "44": {"precision": 0.06956521739130435, "recall": 0.4155844155844156, "f1-score": 0.11918063314711361, "support": 77}, "45": {"precision": 0.09105960264900662, "recall": 0.4583333333333333, "f1-score": 0.15193370165745856, "support": 120}, "46": {"precision": 0.0012738853503184713, "recall": 0.0196078431372549, "f1-score": 0.0023923444976076554, "support": 51}, "47": {"precision": 0.003051881993896236, "recall": 0.08823529411764706, "f1-score": 0.0058997050147492625, "support": 34}, "48": {"precision": 0.003260869565217391, "recall": 0.08823529411764706, "f1-score": 0.006289308176100629, "support": 34}, "49": {"precision": 0.01288659793814433, "recall": 0.16666666666666666, "f1-score": 0.02392344497607655, "support": 90}, "50": {"precision": 0.05977382875605816, "recall": 0.4457831325301205, "f1-score": 0.10541310541310542, "support": 83}, "51": {"precision": 0.0018231540565177757, "recall": 0.047619047619047616, "f1-score": 0.0035118525021949074, "support": 42}, "52": {"precision": 0.16810344827586207, "recall": 0.2653061224489796, "f1-score": 0.2058047493403694, "support": 147}, "53": {"precision": 0.8865272540281111, "recall": 0.6191046205410582, "f1-score": 0.7290668170284748, "support": 4177}, "54": {"precision": 0.09537337662337662, "recall": 0.20346320346320346, "f1-score": 0.12987012987012986, "support": 2310}, "55": {"precision": 0.05518763796909492, "recall": 0.07256894049346879, "f1-score": 0.06269592476489028, "support": 689}, "56": {"precision": 0.2398190045248869, "recall": 0.8594594594594595, "f1-score": 0.375, "support": 185}, "57": {"precision": 0.030340667139815473, "recall": 0.2718600953895072, "f1-score": 0.05458898643256185, "support": 629}, "58": {"precision": 0.2668269230769231, "recall": 0.5045454545454545, "f1-score": 0.34905660377358494, "support": 220}, "59": {"precision": 0.5527638190954773, "recall": 0.3206997084548105, "f1-score": 0.4059040590405904, "support": 343}, "60": {"precision": 0.1839080459770115, "recall": 0.38095238095238093, "f1-score": 0.24806201550387594, "support": 42}, "61": {"precision": 0.15720743345052737, "recall": 0.13109947643979059, "f1-score": 0.14297133721594155, "support": 4775}, "62": {"precision": 0.7868692772257939, "recall": 0.5299134085541852, "f1-score": 0.6333202665621325, "support": 7622}, "63": {"precision": 0.18030634573304158, "recall": 0.03036556603773585, "f1-score": 0.05197754368258374, "support": 13568}, "64": {"precision": 0.0835608956854178, "recall": 0.35253456221198154, "f1-score": 0.13509933774834437, "support": 434}, "65": {"precision": 0.14883720930232558, "recall": 0.6464646464646465, "f1-score": 0.24196597353497165, "support": 198}, "66": {"precision": 0.04878048780487805,