{"0": {"precision": 0.11882845188284519, "recall": 0.7903525046382189, "f1-score": 0.20659553831231814, "support": 539}, "1": {"precision": 0.15866388308977036, "recall": 0.3297180043383948, "f1-score": 0.21423537702607473, "support": 461}, "2": {"precision": 0.016203703703703703, "recall": 0.35, "f1-score": 0.030973451327433624, "support": 20}, "3": {"precision": 0.0, "recall": 0.0, "f1-score": 0.0, "support": 155}, "4": {"precision": 0.2894736842105263, "recall": 0.9166666666666666, "f1-score": 0.43999999999999995, "support": 24}, "5": {"precision": 0.3295880149812734, "recall": 0.8712871287128713, "f1-score": 0.47826086956521735, "support": 202}, "6": {"precision": 0.5697674418604651, "recall": 0.6049382716049383, "f1-score": 0.5868263473053892, "support": 162}, "7": {"precision": 0.508716323296355, "recall": 0.9727272727272728, "f1-score": 0.668054110301769, "support": 330}, "8": {"precision": 0.42896174863387976, "recall": 0.34130434782608693, "f1-score": 0.38014527845036317, "support": 460}, "9": {"precision": 0.09306569343065693, "recall": 0.864406779661017, "f1-score": 0.16803953871499175, "support": 59}, "10": {"precision": 0.039559451562148795, "recall": 0.5028571428571429, "f1-score": 0.0733486142946447, "support": 350}, "11": {"precision": 0.6815181518151815, "recall": 0.25925925925925924, "f1-score": 0.37562528422010005, "support": 1593}, "12": {"precision": 0.6833333333333333, "recall": 0.8482758620689655, "f1-score": 0.756923076923077, "support": 145}, "13": {"precision": 0.39080459770114945, "recall": 0.5242290748898678, "f1-score": 0.44778927563499527, "support": 454}, "14": {"precision": 0.2857142857142857, "recall": 0.1388888888888889, "f1-score": 0.18691588785046728, "support": 72}, "15": {"precision": 0.8178294573643411, "recall": 0.16588050314465408, "f1-score": 0.2758169934640523, "support": 1272}, "16": {"precision": 0.0056179775280898875, "recall": 0.007352941176470588, "f1-score": 0.006369426751592356, "support": 136}, "17": {"precision": 0.5, "recall": 0.008532423208191127, "f1-score": 0.016778523489932886, "support": 586}, "18": {"precision": 0.3065326633165829, "recall": 0.7922077922077922, "f1-score": 0.44202898550724634, "support": 231}, "19": {"precision": 0.25, "recall": 0.25925925925925924, "f1-score": 0.2545454545454545, "support": 54}, "20": {"precision": 1.0, "recall": 0.16666666666666666, "f1-score": 0.2857142857142857, "support": 24}, "21": {"precision": 0.08257215929850201, "recall": 0.5393794749403341, "f1-score": 0.1432192648922687, "support": 419}, "22": {"precision": 0.056179775280898875, "recall": 0.09345794392523364, "f1-score": 0.07017543859649122, "support": 107}, "23": {"precision": 0.47959183673469385, "recall": 0.3533834586466165, "f1-score": 0.40692640692640697, "support": 133}, "24": {"precision": 0.2, "recall": 0.0078125, "f1-score": 0.015037593984962405, "support": 128}, "25": {"precision": 0.5806451612903226, "recall": 0.35294117647058826, "f1-score": 0.4390243902439025, "support": 204}, "26": {"precision": 0.6666666666666666, "recall": 0.0033519553072625698, "f1-score": 0.006670372429127293, "support": 1790}, "27": {"precision": 0.03225806451612903, "recall": 0.25, "f1-score": 0.05714285714285715, "support": 20}, "28": {"precision": 0.5769230769230769, "recall": 0.11904761904761904, "f1-score": 0.19736842105263155, "support": 126}, "29": {"precision": 0.65, "recall": 0.37142857142857144, "f1-score": 0.4727272727272728, "support": 35}, "30": {"precision": 0.25396825396825395, "recall": 0.24615384615384617, "f1-score": 0.25, "support": 65}, "31": {"precision": 0.5, "recall": 0.48148148148148145, "f1-score": 0.49056603773584906, "support": 27}, "32": {"precision": 0.0870026525198939, "recall": 0.681912681912682, "f1-score": 0.15431663138085158, "support": 481}, "33": {"precision": 0.6923076923076923, "recall": 0.04017857142857143, "f1-score": 0.07594936708860761, "support": 224}, "34": {"precision": 0.04, "recall": 0.004830917874396135, "f1-score": 0.008620689655172414, "support": 207}, "35": {"precision": 0.41935483870967744, "recall": 0.13, "f1-score": 0.19847328244274812, "support": 100}, "36": {"precision": 0.0, "recall": 0.0, "f1-score": 0.0, "support": 387}, "37": {"precision": 0.4, "recall": 0.2857142857142857, "f1-score": 0.3333333333333333, "support": 14}, "38": {"precision": 0.9803921568627451, "recall": 0.04562043795620438, "f1-score": 0.08718395815170009, "support": 1096}, "39": {"precision": 0.7058823529411765, "recall": 0.2926829268292683, "f1-score": 0.41379310344827586, "support": 41}, "40": {"precision": 0.25, "recall": 0.0035971223021582736, "f1-score": 0.007092198581560284, "support": 278}, "41": {"precision": 0.11093705497009398, "recall": 0.48626716604244696, "f1-score": 0.1806586270871985, "support": 1602}, "42": {"precision": 0.10347409404013178, "recall": 0.9439890710382514, "f1-score": 0.1865047233468286, "support": 732}, "43": {"precision": 0.4929278642149929, "recall": 0.9103178058336961, "f1-score": 0.6395473313962379, "support": 2297}, "44": {"precision": 0.14285714285714285, "recall": 0.056338028169014086, "f1-score": 0.0808080808080808, "support": 71}, "45": {"precision": 0.21649484536082475, "recall": 0.34710743801652894, "f1-score": 0.2666666666666666, "support": 121}, "46": {"precision": 0.5084745762711864, "recall": 0.5357142857142857, "f1-score": 0.5217391304347826, "support": 56}, "47": {"precision": 0.34210526315789475, "recall": 0.35135135135135137, "f1-score": 0.3466666666666667, "support": 37}, "48": {"precision": 0.18518518518518517, "recall": 0.5681818181818182, "f1-score": 0.27932960893854747, "support": 44}, "49": {"precision": 0.36363636363636365, "recall": 0.38095238095238093, "f1-score": 0.37209302325581395, "support": 105}, "50": {"precision": 0.75, "recall": 0.21739130434782608, "f1-score": 0.33707865168539325, "support": 69}, "51": {"precision": 0.4444444444444444, "recall": 0.1, "f1-score": 0.163265306122449, "support": 40}, "52": {"precision": 0.10066006600660066, "recall": 0.3279569892473118, "f1-score": 0.15404040404040403, "support": 186}, "53": {"precision": 0.9072398190045249, "recall": 0.09522678698646403, "f1-score": 0.1723619170427681, "support": 4211}, "54": {"precision": 0.5517241379310345, "recall": 0.0067226890756302525, "f1-score": 0.013283520132835203, "support": 2380}, "55": {"precision": 0.15683229813664595, "recall": 0.14595375722543352, "f1-score": 0.15119760479041916, "support": 692}, "56": {"precision": 0.40948275862068967, "recall": 0.5337078651685393, "f1-score": 0.4634146341463415, "support": 178}, "57": {"precision": 0.17519042437431992, "recall": 0.5287356321839081, "f1-score": 0.2631794033510421, "support": 609}, "58": {"precision": 0.16737830913748933, "recall": 0.875, "f1-score": 0.28100358422939065, "support": 224}, "59": {"precision": 0.9570552147239264, "recall": 0.4273972602739726, "f1-score": 0.5909090909090909, "support": 365}, "60": {"precision": 0.0, "recall": 0.0, "f1-score": 0.0, "support": 42}, "61": {"precision": 0.1875, "recall": 0.0012660898923823592, "f1-score": 0.0025151959756864388, "support": 4739}, "62": {"precision": 0.7031717534410533, "recall": 0.921327757449033, "f1-score": 0.7976015386355924, "support": 7652}, "63": {"precision": 0.5664463590227783, "recall": 0.700452422650321, "f1-score": 0.6263621533442089, "support": 13704}, "64": {"precision": 0.03170004966065221, "recall": 0.8684807256235828, "f1-score": 0.061167451888525105, "support": 441}, "65": {"precision": 0.13874788494077833, "recall": 0.8770053475935828, "f1-score": 0.23959094229364497, "support": 187}, "66": {"precision": 0.0, "recall": 0.0, "f1-score": 0.0, "support": 41}, "67": {"precision": 0.5294117647058824, "recall": 0.17647058823529413, "f1-score": 0.2647058823529412, "support": 102}, "68": {"precision": 0.484375, "recall": 0.5849056603773585, "f1-score": 0.5299145299145298, "support": 53}, "69": {"precision": 0.4, "recall": 0.2553191489361702, "f1-score": 0.3116883116883116, "support": 47},