{"0": {"precision": 0.03229693902145095, "recall": 0.24860853432282004, "f1-score": 0.05716723549488054, "support": 539}, "1": {"precision": 0.02120141342756184, "recall": 0.1301518438177874, "f1-score": 0.03646308113035551, "support": 461}, "2": {"precision": 0.008097165991902834, "recall": 0.1, "f1-score": 0.014981273408239702, "support": 20}, "3": {"precision": 0.013904982618771726, "recall": 0.15483870967741936, "f1-score": 0.025518341307814992, "support": 155}, "4": {"precision": 0.016853932584269662, "recall": 0.25, "f1-score": 0.031578947368421054, "support": 24}, "5": {"precision": 0.026415094339622643, "recall": 0.034653465346534656, "f1-score": 0.02997858672376874, "support": 202}, "6": {"precision": 0.05091649694501019, "recall": 0.15432098765432098, "f1-score": 0.0765696784073507, "support": 162}, "7": {"precision": 0.5801749271137027, "recall": 0.603030303030303, "f1-score": 0.5913818722139673, "support": 330}, "8": {"precision": 0.17032967032967034, "recall": 0.33695652173913043, "f1-score": 0.22627737226277372, "support": 460}, "9": {"precision": 0.02086230876216968, "recall": 0.2542372881355932, "f1-score": 0.03856041131105399, "support": 59}, "10": {"precision": 0.04371584699453552, "recall": 0.045714285714285714, "f1-score": 0.0446927374301676, "support": 350}, "11": {"precision": 0.1960958296362023, "recall": 0.13873195229127433, "f1-score": 0.1625, "support": 1593}, "12": {"precision": 0.4100418410041841, "recall": 0.6758620689655173, "f1-score": 0.5104166666666667, "support": 145}, "13": {"precision": 0.025423728813559324, "recall": 0.11894273127753303, "f1-score": 0.04189294026377037, "support": 454}, "14": {"precision": 0.035781544256120526, "recall": 0.2638888888888889, "f1-score": 0.06301824212271974, "support": 72}, "15": {"precision": 0.12927536231884057, "recall": 0.35062893081761004, "f1-score": 0.1889030072003388, "support": 1272}, "16": {"precision": 0.014104372355430184, "recall": 0.07352941176470588, "f1-score": 0.02366863905325444, "support": 136}, "17": {"precision": 0.015717092337917484, "recall": 0.013651877133105802, "f1-score": 0.014611872146118721, "support": 586}, "18": {"precision": 0.007172131147540984, "recall": 0.030303030303030304, "f1-score": 0.011599005799502899, "support": 231}, "19": {"precision": 0.004761904761904762, "recall": 0.018518518518518517, "f1-score": 0.007575757575757577, "support": 54}, "20": {"precision": 0.047619047619047616, "recall": 0.2916666666666667, "f1-score": 0.08187134502923976, "support": 24}, "21": {"precision": 0.007953723788864787, "recall": 0.026252983293556086, "f1-score": 0.012208657047724752, "support": 419}, "22": {"precision": 0.006109979633401222, "recall": 0.056074766355140186, "f1-score": 0.011019283746556474, "support": 107}, "23": {"precision": 0.08499095840867993, "recall": 0.3533834586466165, "f1-score": 0.13702623906705538, "support": 133}, "24": {"precision": 0.006578947368421052, "recall": 0.0234375, "f1-score": 0.010273972602739725, "support": 128}, "25": {"precision": 0.2, "recall": 0.25, "f1-score": 0.22222222222222224, "support": 204}, "26": {"precision": 0.037894736842105266, "recall": 0.01005586592178771, "f1-score": 0.01589403973509934, "support": 1790}, "27": {"precision": 0.007858546168958742, "recall": 0.2, "f1-score": 0.015122873345935726, "support": 20}, "28": {"precision": 0.0, "recall": 0.0, "f1-score": 0.0, "support": 126}, "29": {"precision": 0.00718132854578097, "recall": 0.11428571428571428, "f1-score": 0.013513513513513514, "support": 35}, "30": {"precision": 0.008670520231213872, "recall": 0.046153846153846156, "f1-score": 0.014598540145985401, "support": 65}, "31": {"precision": 0.0017341040462427746, "recall": 0.1111111111111111, "f1-score": 0.0034149117814456457, "support": 27}, "32": {"precision": 0.0228310502283105, "recall": 0.10395010395010396, "f1-score": 0.03743916136278547, "support": 481}, "33": {"precision": 0.0861244019138756, "recall": 0.24107142857142858, "f1-score": 0.12690951821386603, "support": 224}, "34": {"precision": 0.0075046904315197, "recall": 0.03864734299516908, "f1-score": 0.012568735271013355, "support": 207}, "35": {"precision": 0.0718562874251497, "recall": 0.12, "f1-score": 0.0898876404494382, "support": 100}, "36": {"precision": 0.052412150089338895, "recall": 0.22739018087855298, "f1-score": 0.085188770571152, "support": 387}, "37": {"precision": 0.002840909090909091, "recall": 0.07142857142857142, "f1-score": 0.00546448087431694, "support": 14}, "38": {"precision": 0.3478760045924225, "recall": 0.27645985401459855, "f1-score": 0.30808337569903405, "support": 1096}, "39": {"precision": 0.0033407572383073497, "recall": 0.07317073170731707, "f1-score": 0.006389776357827476, "support": 41}, "40": {"precision": 0.017208413001912046, "recall": 0.03237410071942446, "f1-score": 0.02247191011235955, "support": 278}, "41": {"precision": 0.06979222163026105, "recall": 0.08177278401997504, "f1-score": 0.0753089968381719, "support": 1602}, "42": {"precision": 0.01662611516626115, "recall": 0.056010928961748634, "f1-score": 0.02564102564102564, "support": 732}, "43": {"precision": 0.10866574965612105, "recall": 0.034392686112320416, "f1-score": 0.052248677248677246, "support": 2297}, "44": {"precision": 0.0673076923076923, "recall": 0.19718309859154928, "f1-score": 0.10035842293906809, "support": 71}, "45": {"precision": 0.03257650542941757, "recall": 0.2727272727272727, "f1-score": 0.0582010582010582, "support": 121}, "46": {"precision": 0.005797101449275362, "recall": 0.03571428571428571, "f1-score": 0.00997506234413965, "support": 56}, "47": {"precision": 0.0, "recall": 0.0, "f1-score": 0.0, "support": 37}, "48": {"precision": 0.003167420814479638, "recall": 0.1590909090909091, "f1-score": 0.006211180124223603, "support": 44}, "49": {"precision": 0.005462724935732648, "recall": 0.1619047619047619, "f1-score": 0.01056885296860429, "support": 105}, "50": {"precision": 0.030162412993039442, "recall": 0.18840579710144928, "f1-score": 0.052, "support": 69}, "51": {"precision": 0.006313131313131313, "recall": 0.125, "f1-score": 0.012019230769230768, "support": 40}, "52": {"precision": 0.102803738317757, "recall": 0.05913978494623656, "f1-score": 0.0750853242320819, "support": 186}, "53": {"precision": 0.626453488372093, "recall": 0.10235098551412966, "f1-score": 0.1759542763829353, "support": 4211}, "54": {"precision": 0.26457725947521865, "recall": 0.15252100840336136, "f1-score": 0.19349680170575695, "support": 2380}, "55": {"precision": 0.07012417823228634, "recall": 0.13872832369942195, "f1-score": 0.09315866084425035, "support": 692}, "56": {"precision": 0.142433234421365, "recall": 0.5393258426966292, "f1-score": 0.22535211267605634, "support": 178}, "57": {"precision": 0.030643513789581207, "recall": 0.04926108374384237, "f1-score": 0.037783375314861464, "support": 609}, "58": {"precision": 0.4629080118694362, "recall": 0.6964285714285714, "f1-score": 0.5561497326203209, "support": 224}, "59": {"precision": 0.00715307582260372, "recall": 0.0273972602739726, "f1-score": 0.011344299489506524, "support": 365}, "60": {"precision": 0.0017543859649122807, "recall": 0.023809523809523808, "f1-score": 0.003267973856209151, "support": 42}, "61": {"precision": 0.2110973341599504, "recall": 0.14370120278539777, "f1-score": 0.17099811676082863, "support": 4739}, "62": {"precision": 0.729482488238369, "recall": 0.729482488238369, "f1-score": 0.7294824882383691, "support": 7652}, "63": {"precision": 0.24685138539042822, "recall": 0.0071511967308814945, "f1-score": 0.013899723423870648, "support": 13704}, "64": {"precision": 0.041309431021044424, "recall": 0.12018140589569161, "f1-score": 0.061484918793503464, "support": 441}, "65": {"precision": 0.0860655737704918, "recall": 0.6737967914438503, "f1-score": 0.15263476680799515, "support": 187}, "66": {"precision": 0.04738154613466334, "recall": 0.4634146341463415, "f1-score": 0.08597285067873303, "support": 41}, "67": {"precision": 0.019280205655526992,