{"0": {"precision": 0.25, "recall": 0.6, "f1-score": 0.35294117647058826, "support": 5}, "11": {"precision": 1.0, "recall": 1.0, "f1-score": 1.0, "support": 4}, "12": {"precision": 0.6428571428571429, "recall": 0.6428571428571429, "f1-score": 0.6428571428571429, "support": 14}, "13": {"precision": 0.4, "recall": 1.0, "f1-score": 0.5714285714285715, "support": 4}, "14": {"precision": 0.0, "recall": 0.0, "f1-score": 0.0, "support": 0}, "16": {"precision": 0.9166666666666666, "recall": 0.5789473684210527, "f1-score": 0.7096774193548387, "support": 38}, "21": {"precision": 0.0, "recall": 0.0, "f1-score": 0.0, "support": 0}, "22": {"precision": 0.5555555555555556, "recall": 1.0, "f1-score": 0.7142857142857143, "support": 5}, "23": {"precision": 1.0, "recall": 1.0, "f1-score": 1.0, "support": 3}, "27": {"precision": 1.0, "recall": 0.6666666666666666, "f1-score": 0.8, "support": 3}, "29": {"precision": 0.5925925925925926, "recall": 0.9411764705882353, "f1-score": 0.7272727272727272, "support": 17}, "31": {"precision": 1.0, "recall": 1.0, "f1-score": 1.0, "support": 8}, "36": {"precision": 0.25, "recall": 1.0, "f1-score": 0.4, "support": 1}, "37": {"precision": 0.5555555555555556, "recall": 1.0, "f1-score": 0.7142857142857143, "support": 5}, "43": {"precision": 1.0, "recall": 1.0, "f1-score": 1.0, "support": 4}, "44": {"precision": 0.25, "recall": 0.14285714285714285, "f1-score": 0.18181818181818182, "support": 7}, "46": {"precision": 0.9523809523809523, "recall": 0.7017543859649122, "f1-score": 0.8080808080808081, "support": 57}, "49": {"precision": 1.0, "recall": 1.0, "f1-score": 1.0, "support": 1}, "51": {"precision": 1.0, "recall": 0.3333333333333333, "f1-score": 0.5, "support": 3}, "56": {"precision": 0.5, "recall": 1.0, "f1-score": 0.6666666666666666, "support": 1}, "59": {"precision": 1.0, "recall": 1.0, "f1-score": 1.0, "support": 4}, "61": {"precision": 1.0, "recall": 1.0, "f1-score": 1.0, "support": 1}, "62": {"precision": 0.4444444444444444, "recall": 1.0, "f1-score": 0.6153846153846153, "support": 4}, "68": {"precision": 1.0, "recall": 0.6666666666666666, "f1-score": 0.8, "support": 3}, "70": {"precision": 0.75, "recall": 0.8181818181818182, "f1-score": 0.7826086956521738, "support": 11}, "71": {"precision": 1.0, "recall": 1.0, "f1-score": 1.0, "support": 1}, "73": {"precision": 1.0, "recall": 1.0, "f1-score": 1.0, "support": 18}, "74": {"precision": 1.0, "recall": 1.0, "f1-score": 1.0, "support": 13}, "75": {"precision": 0.5454545454545454, "recall": 0.3, "f1-score": 0.3870967741935483, "support": 20}, "76": {"precision": 1.0, "recall": 1.0, "f1-score": 1.0, "support": 1}, "77": {"precision": 1.0, "recall": 1.0, "f1-score": 1.0, "support": 29}, "accuracy": 0.7649122807017544, "macro avg": {"precision": 0.7292099179195953, "recall": 0.7868529353399022, "f1-score": 0.7217549744435899, "support": 285}, "weighted avg": {"precision": 0.8281948980194593, "recall": 0.7649122807017544, "f1-score": 0.7720590358162384, "support": 285}}