{"0": {"precision": 0.3333333333333333, "recall": 0.2, "f1-score": 0.25, "support": 5}, "11": {"precision": 0.5, "recall": 0.75, "f1-score": 0.6, "support": 4}, "12": {"precision": 0.6, "recall": 0.6428571428571429, "f1-score": 0.6206896551724138, "support": 14}, "13": {"precision": 0.0, "recall": 0.0, "f1-score": 0.0, "support": 4}, "14": {"precision": 0.0, "recall": 0.0, "f1-score": 0.0, "support": 0}, "15": {"precision": 0.0, "recall": 0.0, "f1-score": 0.0, "support": 0}, "16": {"precision": 0.9615384615384616, "recall": 0.6578947368421053, "f1-score": 0.78125, "support": 38}, "21": {"precision": 0.0, "recall": 0.0, "f1-score": 0.0, "support": 0}, "22": {"precision": 0.5555555555555556, "recall": 1.0, "f1-score": 0.7142857142857143, "support": 5}, "23": {"precision": 0.75, "recall": 1.0, "f1-score": 0.8571428571428571, "support": 3}, "27": {"precision": 1.0, "recall": 0.6666666666666666, "f1-score": 0.8, "support": 3}, "29": {"precision": 0.42857142857142855, "recall": 0.5294117647058824, "f1-score": 0.4736842105263158, "support": 17}, "31": {"precision": 0.8, "recall": 0.5, "f1-score": 0.6153846153846154, "support": 8}, "36": {"precision": 0.0, "recall": 0.0, "f1-score": 0.0, "support": 1}, "37": {"precision": 0.35714285714285715, "recall": 1.0, "f1-score": 0.5263157894736842, "support": 5}, "40": {"precision": 0.0, "recall": 0.0, "f1-score": 0.0, "support": 0}, "43": {"precision": 0.3333333333333333, "recall": 0.25, "f1-score": 0.28571428571428575, "support": 4}, "44": {"precision": 0.0, "recall": 0.0, "f1-score": 0.0, "support": 7}, "46": {"precision": 0.9666666666666667, "recall": 0.5087719298245614, "f1-score": 0.6666666666666667, "support": 57}, "49": {"precision": 0.3333333333333333, "recall": 1.0, "f1-score": 0.5, "support": 1}, "51": {"precision": 0.1, "recall": 0.3333333333333333, "f1-score": 0.15384615384615383, "support": 3}, "53": {"precision": 0.0, "recall": 0.0, "f1-score": 0.0, "support": 0}, "56": {"precision": 0.5, "recall": 1.0, "f1-score": 0.6666666666666666, "support": 1}, "59": {"precision": 1.0, "recall": 0.25, "f1-score": 0.4, "support": 4}, "61": {"precision": 0.0, "recall": 0.0, "f1-score": 0.0, "support": 1}, "62": {"precision": 0.07142857142857142, "recall": 0.25, "f1-score": 0.11111111111111112, "support": 4}, "68": {"precision": 1.0, "recall": 0.6666666666666666, "f1-score": 0.8, "support": 3}, "70": {"precision": 0.6428571428571429, "recall": 0.8181818181818182, "f1-score": 0.7200000000000001, "support": 11}, "71": {"precision": 1.0, "recall": 1.0, "f1-score": 1.0, "support": 1}, "73": {"precision": 0.9375, "recall": 0.8333333333333334, "f1-score": 0.8823529411764706, "support": 18}, "74": {"precision": 0.9285714285714286, "recall": 1.0, "f1-score": 0.962962962962963, "support": 13}, "75": {"precision": 0.5, "recall": 0.2, "f1-score": 0.28571428571428575, "support": 20}, "76": {"precision": 1.0, "recall": 1.0, "f1-score": 1.0, "support": 1}, "77": {"precision": 0.9655172413793104, "recall": 0.9655172413793104, "f1-score": 0.9655172413793104, "support": 29}, "accuracy": 0.6105263157894737, "macro avg": {"precision": 0.4872161574621007, "recall": 0.5006657245232595, "f1-score": 0.4599795634477504, "support": 285}, "weighted avg": {"precision": 0.7472792022792023, "recall": 0.6105263157894737, "f1-score": 0.6436068900145651, "support": 285}}