{"0": {"precision": 0.5714285714285714, "recall": 0.8, "f1-score": 0.6666666666666666, "support": 5}, "3": {"precision": 0.0, "recall": 0.0, "f1-score": 0.0, "support": 0}, "4": {"precision": 0.0, "recall": 0.0, "f1-score": 0.0, "support": 0}, "11": {"precision": 0.3333333333333333, "recall": 1.0, "f1-score": 0.5, "support": 2}, "12": {"precision": 1.0, "recall": 0.6666666666666666, "f1-score": 0.8, "support": 15}, "13": {"precision": 1.0, "recall": 0.2, "f1-score": 0.33333333333333337, "support": 5}, "14": {"precision": 0.0, "recall": 0.0, "f1-score": 0.0, "support": 0}, "15": {"precision": 0.0, "recall": 0.0, "f1-score": 0.0, "support": 0}, "16": {"precision": 0.8, "recall": 0.21052631578947367, "f1-score": 0.3333333333333333, "support": 38}, "17": {"precision": 0.0, "recall": 0.0, "f1-score": 0.0, "support": 0}, "21": {"precision": 0.0, "recall": 0.0, "f1-score": 0.0, "support": 0}, "22": {"precision": 1.0, "recall": 1.0, "f1-score": 1.0, "support": 6}, "23": {"precision": 0.8571428571428571, "recall": 1.0, "f1-score": 0.923076923076923, "support": 6}, "27": {"precision": 0.42857142857142855, "recall": 1.0, "f1-score": 0.6, "support": 3}, "29": {"precision": 0.2222222222222222, "recall": 0.5263157894736842, "f1-score": 0.3125, "support": 19}, "31": {"precision": 0.5, "recall": 0.3333333333333333, "f1-score": 0.4, "support": 3}, "36": {"precision": 0.0, "recall": 0.0, "f1-score": 0.0, "support": 0}, "37": {"precision": 1.0, "recall": 0.25, "f1-score": 0.4, "support": 4}, "43": {"precision": 0.25, "recall": 0.2, "f1-score": 0.22222222222222224, "support": 5}, "44": {"precision": 0.2222222222222222, "recall": 0.3333333333333333, "f1-score": 0.26666666666666666, "support": 6}, "46": {"precision": 0.9259259259259259, "recall": 0.4166666666666667, "f1-score": 0.5747126436781609, "support": 60}, "48": {"precision": 0.0, "recall": 0.0, "f1-score": 0.0, "support": 0}, "49": {"precision": 0.0, "recall": 0.0, "f1-score": 0.0, "support": 1}, "51": {"precision": 0.0, "recall": 0.0, "f1-score": 0.0, "support": 2}, "53": {"precision": 0.3333333333333333, "recall": 1.0, "f1-score": 0.5, "support": 1}, "56": {"precision": 0.0, "recall": 0.0, "f1-score": 0.0, "support": 1}, "59": {"precision": 0.0, "recall": 0.0, "f1-score": 0.0, "support": 3}, "60": {"precision": 0.0, "recall": 0.0, "f1-score": 0.0, "support": 0}, "61": {"precision": 0.0, "recall": 0.0, "f1-score": 0.0, "support": 1}, "62": {"precision": 0.16666666666666666, "recall": 0.16666666666666666, "f1-score": 0.16666666666666666, "support": 6}, "65": {"precision": 0.0, "recall": 0.0, "f1-score": 0.0, "support": 0}, "68": {"precision": 0.0, "recall": 0.0, "f1-score": 0.0, "support": 0}, "70": {"precision": 0.7692307692307693, "recall": 0.7142857142857143, "f1-score": 0.7407407407407408, "support": 14}, "71": {"precision": 0.0, "recall": 0.0, "f1-score": 0.0, "support": 0}, "73": {"precision": 0.46153846153846156, "recall": 0.8571428571428571, "f1-score": 0.6, "support": 21}, "74": {"precision": 0.0, "recall": 0.0, "f1-score": 0.0, "support": 15}, "75": {"precision": 0.6, "recall": 0.391304347826087, "f1-score": 0.47368421052631576, "support": 23}, "76": {"precision": 0.0, "recall": 0.0, "f1-score": 0.0, "support": 2}, "77": {"precision": 1.0, "recall": 1.0, "f1-score": 1.0, "support": 18}, "accuracy": 0.4807017543859649, "macro avg": {"precision": 0.31901578952861004, "recall": 0.30939081259447393, "f1-score": 0.2772718822284879, "support": 285}, "weighted avg": {"precision": 0.6589767152925048, "recall": 0.4807017543859649, "f1-score": 0.5028126496470336, "support": 285}}