{"0": {"precision": 0.11237700673226307, "recall": 0.8051948051948052, "f1-score": 0.19722790274937516, "support": 539}, "1": {"precision": 0.14132553606237816, "recall": 0.31453362255965295, "f1-score": 0.19502353732347008, "support": 461}, "2": {"precision": 0.02053388090349076, "recall": 0.5, "f1-score": 0.03944773175542406, "support": 20}, "3": {"precision": 0.0, "recall": 0.0, "f1-score": 0.0, "support": 155}, "4": {"precision": 0.3108108108108108, "recall": 0.9583333333333334, "f1-score": 0.4693877551020408, "support": 24}, "5": {"precision": 0.21644498186215236, "recall": 0.8861386138613861, "f1-score": 0.34791059280855197, "support": 202}, "6": {"precision": 0.5911949685534591, "recall": 0.5802469135802469, "f1-score": 0.5856697819314642, "support": 162}, "7": {"precision": 0.47633136094674555, "recall": 0.9757575757575757, "f1-score": 0.6401590457256461, "support": 330}, "8": {"precision": 0.47075208913649025, "recall": 0.3673913043478261, "f1-score": 0.41269841269841273, "support": 460}, "9": {"precision": 0.06955380577427822, "recall": 0.8983050847457628, "f1-score": 0.12911084043848967, "support": 59}, "10": {"precision": 0.028407169428474807, "recall": 0.48, "f1-score": 0.05363984674329503, "support": 350}, "11": {"precision": 0.0, "recall": 0.0, "f1-score": 0.0, "support": 1593}, "12": {"precision": 0.3620689655172414, "recall": 0.43448275862068964, "f1-score": 0.3949843260188088, "support": 145}, "13": {"precision": 0.4543610547667343, "recall": 0.4933920704845815, "f1-score": 0.4730728616684266, "support": 454}, "14": {"precision": 0.0, "recall": 0.0, "f1-score": 0.0, "support": 72}, "15": {"precision": 0.0, "recall": 0.0, "f1-score": 0.0, "support": 1272}, "16": {"precision": 0.0, "recall": 0.0, "f1-score": 0.0, "support": 136}, "17": {"precision": 0.0, "recall": 0.0, "f1-score": 0.0, "support": 586}, "18": {"precision": 0.3191489361702128, "recall": 0.7792207792207793, "f1-score": 0.45283018867924524, "support": 231}, "19": {"precision": 0.24324324324324326, "recall": 0.16666666666666666, "f1-score": 0.1978021978021978, "support": 54}, "20": {"precision": 0.0, "recall": 0.0, "f1-score": 0.0, "support": 24}, "21": {"precision": 0.07217235188509874, "recall": 0.4797136038186158, "f1-score": 0.12546816479400746, "support": 419}, "22": {"precision": 0.06837606837606838, "recall": 0.07476635514018691, "f1-score": 0.07142857142857144, "support": 107}, "23": {"precision": 0.8571428571428571, "recall": 0.3609022556390977, "f1-score": 0.5079365079365078, "support": 133}, "24": {"precision": 0.0, "recall": 0.0, "f1-score": 0.0, "support": 128}, "25": {"precision": 0.031578947368421054, "recall": 0.014705882352941176, "f1-score": 0.020066889632107024, "support": 204}, "26": {"precision": 0.0, "recall": 0.0, "f1-score": 0.0, "support": 1790}, "27": {"precision": 0.02586206896551724, "recall": 0.15, "f1-score": 0.04411764705882353, "support": 20}, "28": {"precision": 0.5, "recall": 0.031746031746031744, "f1-score": 0.05970149253731343, "support": 126}, "29": {"precision": 0.0, "recall": 0.0, "f1-score": 0.0, "support": 35}, "30": {"precision": 0.1553398058252427, "recall": 0.24615384615384617, "f1-score": 0.19047619047619047, "support": 65}, "31": {"precision": 0.0, "recall": 0.0, "f1-score": 0.0, "support": 27}, "32": {"precision": 0.07818930041152264, "recall": 0.7110187110187111, "f1-score": 0.14088568486096809, "support": 481}, "33": {"precision": 0.07407407407407407, "recall": 0.008928571428571428, "f1-score": 0.01593625498007968, "support": 224}, "34": {"precision": 0.0, "recall": 0.0, "f1-score": 0.0, "support": 207}, "35": {"precision": 0.0, "recall": 0.0, "f1-score": 0.0, "support": 100}, "36": {"precision": 0.0, "recall": 0.0, "f1-score": 0.0, "support": 387}, "37": {"precision": 1.0, "recall": 0.07142857142857142, "f1-score": 0.13333333333333333, "support": 14}, "38": {"precision": 0.6666666666666666, "recall": 0.0018248175182481751, "f1-score": 0.0036396724294813464, "support": 1096}, "39": {"precision": 0.42857142857142855, "recall": 0.07317073170731707, "f1-score": 0.125, "support": 41}, "40": {"precision": 0.0, "recall": 0.0, "f1-score": 0.0, "support": 278}, "41": {"precision": 0.11803909952606635, "recall": 0.4975031210986267, "f1-score": 0.19080679913813742, "support": 1602}, "42": {"precision": 0.10639290713952403, "recall": 0.9344262295081968, "f1-score": 0.19103477167993294, "support": 732}, "43": {"precision": 0.5260651629072681, "recall": 0.91380060949064, "f1-score": 0.6677270558294894, "support": 2297}, "44": {"precision": 0.15151515151515152, "recall": 0.07042253521126761, "f1-score": 0.09615384615384616, "support": 71}, "45": {"precision": 1.0, "recall": 0.008264462809917356, "f1-score": 0.01639344262295082, "support": 121}, "46": {"precision": 0.35294117647058826, "recall": 0.32142857142857145, "f1-score": 0.33644859813084116, "support": 56}, "47": {"precision": 0.3333333333333333, "recall": 0.35135135135135137, "f1-score": 0.34210526315789475, "support": 37}, "48": {"precision": 0.16993464052287582, "recall": 0.5909090909090909, "f1-score": 0.2639593908629442, "support": 44}, "49": {"precision": 0.31683168316831684, "recall": 0.3047619047619048, "f1-score": 0.3106796116504854, "support": 105}, "50": {"precision": 0.0, "recall": 0.0, "f1-score": 0.0, "support": 69}, "51": {"precision": 0.0, "recall": 0.0, "f1-score": 0.0, "support": 40}, "52": {"precision": 0.10112359550561797, "recall": 0.04838709677419355, "f1-score": 0.06545454545454546, "support": 186}, "53": {"precision": 0.8006756756756757, "recall": 0.05628116836855854, "f1-score": 0.10516973596627469, "support": 4211}, "54": {"precision": 0.10344827586206896, "recall": 0.0012605042016806723, "f1-score": 0.0024906600249066007, "support": 2380}, "55": {"precision": 0.0, "recall": 0.0, "f1-score": 0.0, "support": 692}, "56": {"precision": 0.0, "recall": 0.0, "f1-score": 0.0, "support": 178}, "57": {"precision": 0.18835412953060013, "recall": 0.5205254515599343, "f1-score": 0.2766143106457243, "support": 609}, "58": {"precision": 0.13240954580446498, "recall": 0.7678571428571429, "f1-score": 0.22586999343401185, "support": 224}, "59": {"precision": 1.0, "recall": 0.0027397260273972603, "f1-score": 0.005464480874316939, "support": 365}, "60": {"precision": 0.0, "recall": 0.0, "f1-score": 0.0, "support": 42}, "61": {"precision": 0.1044776119402985, "recall": 0.0014771048744460858, "f1-score": 0.002913025384935497, "support": 4739}, "62": {"precision": 0.6928515318146111, "recall": 0.9221118661787768, "f1-score": 0.7912087912087912, "support": 7652}, "63": {"precision": 0.5635469134356331, "recall": 0.7021307647402218, "f1-score": 0.6252518032360778, "support": 13704}, "64": {"precision": 0.030961791831357048, "recall": 0.8526077097505669, "f1-score": 0.05975367500993246, "support": 441}, "65": {"precision": 0.12039127163280662, "recall": 0.8556149732620321, "f1-score": 0.21108179419525067, "support": 187}, "66": {"precision": 0.0, "recall": 0.0, "f1-score": 0.0, "support": 41}, "67": {"precision": 0.3333333333333333, "recall": 0.00980392156862745, "f1-score": 0.019047619047619046, "support": 102}, "68": {"precision": 0.6410256410256411, "recall": 0.4716981132075472, "f1-score": 0.5434782608695652, "support": 53}, "69": {"precision": 0.5, "recall": 0.02127659574468085, "f1-score": 0.04081632653061224, "support": 47}, "70": {"precision": 0.009917355371900827, "recall": 0.15384615384615385, "f1-score": 0.018633540372670808, "support": 39}, "71": {"precision": 0.0, "recall": 0.0, "f1-score": 0.0, "support": 56}, "72": {"precision": 0.0, "recall": 0.0, "f1-score": 0.0, "support": 227}, "73": {"precision": 0.09513435003631082, "recall": 0.8972602739726028, "f1-score": 0.17202889034799737, "support": 146}, "74": {"precision": 0.037574722459436376, "recall": 0.7719298245614035, "f1-score": 0.07166123778501628, "support": 114}, "75": {"precision": 0.4317631224764468, "recall": 0.9347319347319347, "f1-score": 0.5906831154483521, "support": 1716},