{"0": {"precision": 0.5, "recall": 0.5, "f1-score": 0.5, "support": 4}, "4": {"precision": 0.0, "recall": 0.0, "f1-score": 0.0, "support": 0}, "9": {"precision": 0.0, "recall": 0.0, "f1-score": 0.0, "support": 0}, "11": {"precision": 0.16666666666666666, "recall": 0.16666666666666666, "f1-score": 0.16666666666666666, "support": 6}, "12": {"precision": 0.875, "recall": 0.3684210526315789, "f1-score": 0.5185185185185185, "support": 19}, "13": {"precision": 0.2222222222222222, "recall": 0.2222222222222222, "f1-score": 0.2222222222222222, "support": 9}, "14": {"precision": 0.0, "recall": 0.0, "f1-score": 0.0, "support": 0}, "15": {"precision": 0.0, "recall": 0.0, "f1-score": 0.0, "support": 0}, "16": {"precision": 0.8, "recall": 0.1951219512195122, "f1-score": 0.3137254901960785, "support": 41}, "17": {"precision": 0.0, "recall": 0.0, "f1-score": 0.0, "support": 0}, "19": {"precision": 0.0, "recall": 0.0, "f1-score": 0.0, "support": 0}, "21": {"precision": 0.0, "recall": 0.0, "f1-score": 0.0, "support": 0}, "22": {"precision": 1.0, "recall": 0.75, "f1-score": 0.8571428571428571, "support": 8}, "23": {"precision": 0.6666666666666666, "recall": 1.0, "f1-score": 0.8, "support": 2}, "27": {"precision": 0.5, "recall": 1.0, "f1-score": 0.6666666666666666, "support": 1}, "29": {"precision": 0.26666666666666666, "recall": 0.5333333333333333, "f1-score": 0.3555555555555555, "support": 15}, "31": {"precision": 1.0, "recall": 0.6666666666666666, "f1-score": 0.8, "support": 6}, "36": {"precision": 0.16666666666666666, "recall": 0.5, "f1-score": 0.25, "support": 2}, "37": {"precision": 1.0, "recall": 1.0, "f1-score": 1.0, "support": 1}, "43": {"precision": 0.2, "recall": 0.3333333333333333, "f1-score": 0.25, "support": 3}, "44": {"precision": 0.2, "recall": 0.5, "f1-score": 0.28571428571428575, "support": 6}, "46": {"precision": 0.9090909090909091, "recall": 0.32786885245901637, "f1-score": 0.4819277108433735, "support": 61}, "48": {"precision": 0.0, "recall": 0.0, "f1-score": 0.0, "support": 0}, "49": {"precision": 0.07142857142857142, "recall": 0.3333333333333333, "f1-score": 0.11764705882352941, "support": 3}, "51": {"precision": 0.0, "recall": 0.0, "f1-score": 0.0, "support": 1}, "53": {"precision": 0.5, "recall": 1.0, "f1-score": 0.6666666666666666, "support": 2}, "56": {"precision": 0.5, "recall": 1.0, "f1-score": 0.6666666666666666, "support": 1}, "59": {"precision": 1.0, "recall": 0.5, "f1-score": 0.6666666666666666, "support": 2}, "61": {"precision": 0.0, "recall": 0.0, "f1-score": 0.0, "support": 0}, "62": {"precision": 0.0, "recall": 0.0, "f1-score": 0.0, "support": 3}, "65": {"precision": 0.0, "recall": 0.0, "f1-score": 0.0, "support": 0}, "67": {"precision": 0.0, "recall": 0.0, "f1-score": 0.0, "support": 1}, "68": {"precision": 0.5, "recall": 1.0, "f1-score": 0.6666666666666666, "support": 1}, "70": {"precision": 0.6956521739130435, "recall": 0.8888888888888888, "f1-score": 0.7804878048780488, "support": 18}, "71": {"precision": 0.5, "recall": 1.0, "f1-score": 0.6666666666666666, "support": 1}, "73": {"precision": 0.4666666666666667, "recall": 0.8235294117647058, "f1-score": 0.5957446808510638, "support": 17}, "74": {"precision": 0.0, "recall": 0.0, "f1-score": 0.0, "support": 12}, "75": {"precision": 0.4444444444444444, "recall": 0.2857142857142857, "f1-score": 0.34782608695652173, "support": 28}, "77": {"precision": 0.9166666666666666, "recall": 1.0, "f1-score": 0.9565217391304348, "support": 11}, "accuracy": 0.43157894736842106, "macro avg": {"precision": 0.3607138031051074, "recall": 0.407566666621373, "f1-score": 0.3487102737820296, "support": 285}, "weighted avg": {"precision": 0.6334854318492763, "recall": 0.43157894736842106, "f1-score": 0.455405380187344, "support": 285}}