{"0": {"precision": 0.05019305019305019, "recall": 0.16774193548387098, "f1-score": 0.07726597325408618, "support": 620}, "1": {"precision": 0.02461377323906782, "recall": 0.18613861386138614, "f1-score": 0.043478260869565216, "support": 505}, "2": {"precision": 0.006125574272588055, "recall": 0.17391304347826086, "f1-score": 0.011834319526627219, "support": 23}, "3": {"precision": 0.10985915492957747, "recall": 0.26, "f1-score": 0.15445544554455445, "support": 150}, "4": {"precision": 0.030612244897959183, "recall": 0.25, "f1-score": 0.05454545454545455, "support": 24}, "5": {"precision": 0.027972027972027972, "recall": 0.02185792349726776, "f1-score": 0.024539877300613498, "support": 183}, "6": {"precision": 0.005532503457814661, "recall": 0.024539877300613498, "f1-score": 0.009029345372460496, "support": 163}, "7": {"precision": 0.630718954248366, "recall": 0.5993788819875776, "f1-score": 0.6146496815286624, "support": 322}, "8": {"precision": 0.1727541954590326, "recall": 0.3888888888888889, "f1-score": 0.2392344497607656, "support": 450}, "9": {"precision": 0.028286189683860232, "recall": 0.4857142857142857, "f1-score": 0.05345911949685534, "support": 70}, "10": {"precision": 0.1732283464566929, "recall": 0.12188365650969529, "f1-score": 0.14308943089430895, "support": 361}, "11": {"precision": 0.45143212951432127, "recall": 0.4494730316181029, "f1-score": 0.4504504504504505, "support": 1613}, "12": {"precision": 0.4015748031496063, "recall": 0.7338129496402878, "f1-score": 0.5190839694656488, "support": 139}, "13": {"precision": 0.018763029881862403, "recall": 0.06164383561643835, "f1-score": 0.02876931273308471, "support": 438}, "14": {"precision": 0.08290155440414508, "recall": 0.37209302325581395, "f1-score": 0.13559322033898305, "support": 43}, "15": {"precision": 0.1070110701107011, "recall": 0.09098039215686274, "f1-score": 0.0983467571004663, "support": 1275}, "16": {"precision": 0.009033423667570008, "recall": 0.08064516129032258, "f1-score": 0.016246953696181964, "support": 124}, "17": {"precision": 0.10572687224669604, "recall": 0.04060913705583756, "f1-score": 0.058679706601466985, "support": 591}, "18": {"precision": 0.025411061285500747, "recall": 0.07456140350877193, "f1-score": 0.03790412486064659, "support": 228}, "19": {"precision": 0.008130081300813009, "recall": 0.0784313725490196, "f1-score": 0.014732965009208104, "support": 51}, "20": {"precision": 0.04700854700854701, "recall": 0.55, "f1-score": 0.08661417322834644, "support": 20}, "21": {"precision": 0.016693163751987282, "recall": 0.0549738219895288, "f1-score": 0.025609756097560974, "support": 382}, "22": {"precision": 0.010606060606060607, "recall": 0.06086956521739131, "f1-score": 0.01806451612903226, "support": 115}, "23": {"precision": 0.07250341997264022, "recall": 0.38686131386861317, "f1-score": 0.12211981566820276, "support": 137}, "24": {"precision": 0.005820721769499418, "recall": 0.04672897196261682, "f1-score": 0.010351966873706004, "support": 107}, "25": {"precision": 0.02638888888888889, "recall": 0.09134615384615384, "f1-score": 0.040948275862068964, "support": 208}, "26": {"precision": 0.3472222222222222, "recall": 0.08537279453614115, "f1-score": 0.13704888076747374, "support": 1757}, "27": {"precision": 0.004219409282700422, "recall": 0.043478260869565216, "f1-score": 0.007692307692307692, "support": 23}, "28": {"precision": 0.0364963503649635, "recall": 0.16, "f1-score": 0.05943536404160475, "support": 125}, "29": {"precision": 0.012320328542094456, "recall": 0.42857142857142855, "f1-score": 0.023952095808383235, "support": 28}, "30": {"precision": 0.008, "recall": 0.02857142857142857, "f1-score": 0.012499999999999999, "support": 70}, "31": {"precision": 0.031185031185031187, "recall": 0.6, "f1-score": 0.059288537549407126, "support": 25}, "32": {"precision": 0.058749210360075806, "recall": 0.1941544885177453, "f1-score": 0.09020368574199807, "support": 479}, "33": {"precision": 0.05448717948717949, "recall": 0.28651685393258425, "f1-score": 0.09156193895870737, "support": 178}, "34": {"precision": 0.020022246941045607, "recall": 0.08181818181818182, "f1-score": 0.032171581769437, "support": 220}, "35": {"precision": 0.12299465240641712, "recall": 0.2169811320754717, "f1-score": 0.15699658703071673, "support": 106}, "36": {"precision": 0.22981366459627328, "recall": 0.43023255813953487, "f1-score": 0.29959514170040485, "support": 430}, "37": {"precision": 0.004244482173174873, "recall": 0.23809523809523808, "f1-score": 0.008340283569641367, "support": 21}, "38": {"precision": 0.08136860264519839, "recall": 0.26301115241635686, "f1-score": 0.12428634167764602, "support": 1076}, "39": {"precision": 0.011142061281337047, "recall": 0.1702127659574468, "f1-score": 0.02091503267973856, "support": 47}, "40": {"precision": 0.010752688172043012, "recall": 0.04421768707482993, "f1-score": 0.017298735861610116, "support": 294}, "41": {"precision": 0.05366922234392114, "recall": 0.030359355638166045, "f1-score": 0.038781163434903045, "support": 1614}, "42": {"precision": 0.025883524141363863, "recall": 0.07428571428571429, "f1-score": 0.038390550018456995, "support": 700}, "43": {"precision": 0.21908127208480566, "recall": 0.07654320987654321, "f1-score": 0.11344922232387925, "support": 2430}, "44": {"precision": 0.11811023622047244, "recall": 0.33707865168539325, "f1-score": 0.1749271137026239, "support": 89}, "45": {"precision": 0.07848101265822785, "recall": 0.484375, "f1-score": 0.13507625272331156, "support": 128}, "46": {"precision": 0.022727272727272728, "recall": 0.10344827586206896, "f1-score": 0.037267080745341616, "support": 58}, "47": {"precision": 0.013986013986013986, "recall": 0.21739130434782608, "f1-score": 0.026281208935611037, "support": 46}, "48": {"precision": 0.007743933918430563, "recall": 0.36585365853658536, "f1-score": 0.015166835187057635, "support": 41}, "49": {"precision": 0.01948051948051948, "recall": 0.33707865168539325, "f1-score": 0.03683241252302026, "support": 89}, "50": {"precision": 0.25333333333333335, "recall": 0.27941176470588236, "f1-score": 0.26573426573426573, "support": 68}, "51": {"precision": 0.005888125613346418, "recall": 0.13953488372093023, "f1-score": 0.011299435028248588, "support": 43}, "52": {"precision": 0.23057644110275688, "recall": 0.575, "f1-score": 0.3291592128801431, "support": 160}, "53": {"precision": 0.8888422818791947, "recall": 0.4957884885353299, "f1-score": 0.6365274857314509, "support": 4274}, "54": {"precision": 0.08146399055489964, "recall": 0.029349213100808166, "f1-score": 0.043151969981238276, "support": 2351}, "55": {"precision": 0.0298237686398554, "recall": 0.09428571428571429, "f1-score": 0.04531410916580844, "support": 700}, "56": {"precision": 0.3758620689655172, "recall": 0.6193181818181818, "f1-score": 0.4678111587982832, "support": 176}, "57": {"precision": 0.053459972862957936, "recall": 0.326158940397351, "f1-score": 0.09186290510608534, "support": 604}, "58": {"precision": 0.6419753086419753, "recall": 0.7222222222222222, "f1-score": 0.6797385620915033, "support": 216}, "59": {"precision": 0.04929577464788732, "recall": 0.06287425149700598, "f1-score": 0.05526315789473684, "support": 334}, "60": {"precision": 0.009380863039399626, "recall": 0.125, "f1-score": 0.017452006980802796, "support": 40}, "61": {"precision": 0.09375, "recall": 0.04702768729641694, "f1-score": 0.0626355748373102, "support": 4912}, "62": {"precision": 0.7000976085895558, "recall": 0.7460668313613315, "f1-score": 0.7223516082331466, "support": 7691}, "63": {"precision": 0.4203688181056161, "recall": 0.07379340788699235, "f1-score": 0.12554762798848415, "support": 13592}, "64": {"precision": 0.035331905781584586, "recall": 0.0765661252900232, "f1-score": 0.04835164835164835, "support": 431}, "65": {"precision": 0.20539730134932535, "recall": 0.7696629213483146, "f1-score": 0.3242603550295858, "support": 178}, "66": {"precision": 0.043795620437956206, "recall": 0.36363636363636365,