{"0": {"precision": 0.048223350253807105, "recall": 0.09547738693467336, "f1-score": 0.06408094435075884, "support": 597}, "1": {"precision": 0.045344129554655874, "recall": 0.22535211267605634, "f1-score": 0.07549713515335357, "support": 497}, "2": {"precision": 0.003105590062111801, "recall": 0.1111111111111111, "f1-score": 0.006042296072507552, "support": 18}, "3": {"precision": 0.045662100456621, "recall": 0.06993006993006994, "f1-score": 0.055248618784530384, "support": 143}, "4": {"precision": 0.004702194357366771, "recall": 0.23076923076923078, "f1-score": 0.009216589861751152, "support": 13}, "5": {"precision": 0.05309734513274336, "recall": 0.06666666666666667, "f1-score": 0.059113300492610835, "support": 180}, "6": {"precision": 0.02929427430093209, "recall": 0.16296296296296298, "f1-score": 0.049661399548532735, "support": 135}, "7": {"precision": 0.5415676959619953, "recall": 0.7169811320754716, "f1-score": 0.6170500676589987, "support": 318}, "8": {"precision": 0.07051516258677384, "recall": 0.4279379157427938, "f1-score": 0.12107904642409034, "support": 451}, "9": {"precision": 0.005741626794258373, "recall": 0.10714285714285714, "f1-score": 0.010899182561307902, "support": 56}, "10": {"precision": 0.07390300230946882, "recall": 0.09169054441260745, "f1-score": 0.08184143222506393, "support": 349}, "11": {"precision": 0.08170212765957446, "recall": 0.06274509803921569, "f1-score": 0.0709796672828096, "support": 1530}, "12": {"precision": 0.5671641791044776, "recall": 0.6745562130177515, "f1-score": 0.6162162162162163, "support": 169}, "13": {"precision": 0.03219315895372234, "recall": 0.13473684210526315, "f1-score": 0.05196914332115307, "support": 475}, "14": {"precision": 0.03581267217630854, "recall": 0.20967741935483872, "f1-score": 0.0611764705882353, "support": 62}, "15": {"precision": 0.02723378212974296, "recall": 0.0710295291300878, "f1-score": 0.039371820393718206, "support": 1253}, "16": {"precision": 0.0044609665427509295, "recall": 0.04918032786885246, "f1-score": 0.008179959100204498, "support": 122}, "17": {"precision": 0.5462962962962963, "recall": 0.09752066115702479, "f1-score": 0.16549789621318375, "support": 605}, "18": {"precision": 0.0018181818181818182, "recall": 0.00980392156862745, "f1-score": 0.003067484662576687, "support": 204}, "19": {"precision": 0.0, "recall": 0.0, "f1-score": 0.0, "support": 62}, "20": {"precision": 0.027227722772277228, "recall": 0.4074074074074074, "f1-score": 0.05104408352668213, "support": 27}, "21": {"precision": 0.033154121863799284, "recall": 0.09462915601023018, "f1-score": 0.04910418049104181, "support": 391}, "22": {"precision": 0.009291521486643438, "recall": 0.07547169811320754, "f1-score": 0.016546018614270942, "support": 106}, "23": {"precision": 0.10270270270270271, "recall": 0.3247863247863248, "f1-score": 0.15605749486652978, "support": 117}, "24": {"precision": 0.006265664160401002, "recall": 0.04201680672268908, "f1-score": 0.010905125408942203, "support": 119}, "25": {"precision": 0.3193548387096774, "recall": 0.4604651162790698, "f1-score": 0.3771428571428571, "support": 215}, "26": {"precision": 0.0872865275142315, "recall": 0.02531645569620253, "f1-score": 0.03924914675767918, "support": 1817}, "27": {"precision": 0.013793103448275862, "recall": 0.2962962962962963, "f1-score": 0.026359143327841842, "support": 27}, "28": {"precision": 0.07569721115537849, "recall": 0.18095238095238095, "f1-score": 0.10674157303370786, "support": 105}, "29": {"precision": 0.003500583430571762, "recall": 0.08823529411764706, "f1-score": 0.006734006734006735, "support": 34}, "30": {"precision": 0.002288329519450801, "recall": 0.016129032258064516, "f1-score": 0.004008016032064129, "support": 62}, "31": {"precision": 0.08387096774193549, "recall": 0.37142857142857144, "f1-score": 0.1368421052631579, "support": 35}, "32": {"precision": 0.04117108874656908, "recall": 0.09259259259259259, "f1-score": 0.056998100063331225, "support": 486}, "33": {"precision": 0.09642301710730948, "recall": 0.31, "f1-score": 0.14709371293001186, "support": 200}, "34": {"precision": 0.033121019108280254, "recall": 0.11659192825112108, "f1-score": 0.05158730158730159, "support": 223}, "35": {"precision": 0.045207956600361664, "recall": 0.24271844660194175, "f1-score": 0.07621951219512196, "support": 103}, "36": {"precision": 0.10053859964093358, "recall": 0.27053140096618356, "f1-score": 0.14659685863874344, "support": 414}, "37": {"precision": 0.005390835579514825, "recall": 0.1111111111111111, "f1-score": 0.010282776349614397, "support": 18}, "38": {"precision": 0.23154623154623155, "recall": 0.27140255009107467, "f1-score": 0.249895178197065, "support": 1098}, "39": {"precision": 0.010101010101010102, "recall": 0.225, "f1-score": 0.01933404940923738, "support": 40}, "40": {"precision": 0.009217960154623847, "recall": 0.1111111111111111, "f1-score": 0.01702361339923119, "support": 279}, "41": {"precision": 0.043154761904761904, "recall": 0.01820464532328939, "f1-score": 0.025607064017660046, "support": 1593}, "42": {"precision": 0.02974107767669699, "recall": 0.1303680981595092, "f1-score": 0.04843304843304844, "support": 652}, "43": {"precision": 0.16852540272614622, "recall": 0.0567139282735613, "f1-score": 0.08486739469578783, "support": 2398}, "44": {"precision": 0.018055555555555554, "recall": 0.13978494623655913, "f1-score": 0.03198031980319803, "support": 93}, "45": {"precision": 0.06605922551252848, "recall": 0.464, "f1-score": 0.1156530408773679, "support": 125}, "46": {"precision": 0.014705882352941176, "recall": 0.11594202898550725, "f1-score": 0.026101141924959218, "support": 69}, "47": {"precision": 0.016129032258064516, "recall": 0.05555555555555555, "f1-score": 0.024999999999999998, "support": 54}, "48": {"precision": 0.0, "recall": 0.0, "f1-score": 0.0, "support": 40}, "49": {"precision": 0.00858000858000858, "recall": 0.22727272727272727, "f1-score": 0.01653575857792476, "support": 88}, "50": {"precision": 0.07307692307692308, "recall": 0.2676056338028169, "f1-score": 0.1148036253776435, "support": 71}, "51": {"precision": 0.0013175230566534915, "recall": 0.023809523809523808, "f1-score": 0.0024968789013732834, "support": 42}, "52": {"precision": 0.03579952267303103, "recall": 0.2097902097902098, "f1-score": 0.06116207951070337, "support": 143}, "53": {"precision": 0.9044914816726898, "recall": 0.41764004767580454, "f1-score": 0.5714285714285715, "support": 4195}, "54": {"precision": 0.1784534038334435, "recall": 0.22565816966151275, "f1-score": 0.19929876360952206, "support": 2393}, "55": {"precision": 0.0742403314917127, "recall": 0.3006993006993007, "f1-score": 0.11908058709498753, "support": 715}, "56": {"precision": 0.23515981735159816, "recall": 0.6518987341772152, "f1-score": 0.3456375838926174, "support": 158}, "57": {"precision": 0.03611194703581101, "recall": 0.1901743264659271, "f1-score": 0.06069802731411228, "support": 631}, "58": {"precision": 0.4584615384615385, "recall": 0.6995305164319249, "f1-score": 0.5539033457249072, "support": 213}, "59": {"precision": 0.4804270462633452, "recall": 0.3994082840236686, "f1-score": 0.43618739903069464, "support": 338}, "60": {"precision": 0.01572617946345976, "recall": 0.3269230769230769, "f1-score": 0.030008826125330977, "support": 52}, "61": {"precision": 0.16455696202531644, "recall": 0.016069221260815822, "f1-score": 0.02927927927927928, "support": 4854}, "62": {"precision": 0.7540106951871658, "recall": 0.6073619631901841, "f1-score": 0.6727877385772124, "support": 7661}, "63": {"precision": 0.46368305209097577, "recall": 0.046477423150463305, "f1-score": 0.08448633112759843, "support": 13598}, "64": {"precision": 0.1, "recall": 0.10232558139534884, "f1-score": 0.10114942528735633, "support": 430}, "65": {"precision": 0.22653721682847897, "recall": 0.5932203389830508, "f1-score": 0.3278688524590164, "support": 236}, "66": {"precision": 0.03564727954971857, "recall": 0.3877551020408163, "f1-score": 0.06529209621993128,