{"0": {"precision": 0.03571428571428571, "recall": 0.08064516129032258, "f1-score": 0.0495049504950495, "support": 620}, "1": {"precision": 0.005053057099545225, "recall": 0.019801980198019802, "f1-score": 0.008051529790660225, "support": 505}, "2": {"precision": 0.0009337068160597573, "recall": 0.043478260869565216, "f1-score": 0.0018281535648994518, "support": 23}, "3": {"precision": 0.015486725663716814, "recall": 0.04666666666666667, "f1-score": 0.023255813953488372, "support": 150}, "4": {"precision": 0.005194805194805195, "recall": 0.16666666666666666, "f1-score": 0.010075566750629723, "support": 24}, "5": {"precision": 0.04513888888888889, "recall": 0.07103825136612021, "f1-score": 0.05520169851380042, "support": 183}, "6": {"precision": 0.0012903225806451613, "recall": 0.006134969325153374, "f1-score": 0.0021321961620469087, "support": 163}, "7": {"precision": 0.2544529262086514, "recall": 0.3105590062111801, "f1-score": 0.2797202797202797, "support": 322}, "8": {"precision": 0.09254498714652956, "recall": 0.08, "f1-score": 0.08581644815256258, "support": 450}, "9": {"precision": 0.016591251885369532, "recall": 0.15714285714285714, "f1-score": 0.03001364256480218, "support": 70}, "10": {"precision": 0.04009433962264151, "recall": 0.04709141274238227, "f1-score": 0.04331210191082803, "support": 361}, "11": {"precision": 0.16900647948164146, "recall": 0.1940483570985741, "f1-score": 0.1806637806637807, "support": 1613}, "12": {"precision": 0.19230769230769232, "recall": 0.4676258992805755, "f1-score": 0.27253668763102723, "support": 139}, "13": {"precision": 0.04332129963898917, "recall": 0.1095890410958904, "f1-score": 0.06209573091849935, "support": 438}, "14": {"precision": 0.018292682926829267, "recall": 0.06976744186046512, "f1-score": 0.028985507246376805, "support": 43}, "15": {"precision": 0.013533834586466165, "recall": 0.01411764705882353, "f1-score": 0.013819577735124761, "support": 1275}, "16": {"precision": 0.0037926675094816687, "recall": 0.04838709677419355, "f1-score": 0.0070339976553341135, "support": 124}, "17": {"precision": 0.05319148936170213, "recall": 0.01692047377326565, "f1-score": 0.02567394094993581, "support": 591}, "18": {"precision": 0.005025125628140704, "recall": 0.013157894736842105, "f1-score": 0.007272727272727272, "support": 228}, "19": {"precision": 0.0, "recall": 0.0, "f1-score": 0.0, "support": 51}, "20": {"precision": 0.005934718100890208, "recall": 0.1, "f1-score": 0.011204481792717089, "support": 20}, "21": {"precision": 0.01505736137667304, "recall": 0.1649214659685864, "f1-score": 0.027595269382391586, "support": 382}, "22": {"precision": 0.013597033374536464, "recall": 0.09565217391304348, "f1-score": 0.023809523809523805, "support": 115}, "23": {"precision": 0.0, "recall": 0.0, "f1-score": 0.0, "support": 137}, "24": {"precision": 0.0036540803897685747, "recall": 0.028037383177570093, "f1-score": 0.006465517241379311, "support": 107}, "25": {"precision": 0.034274193548387094, "recall": 0.08173076923076923, "f1-score": 0.048295454545454544, "support": 208}, "26": {"precision": 0.08049242424242424, "recall": 0.048377916903813316, "f1-score": 0.06043370067543548, "support": 1757}, "27": {"precision": 0.0, "recall": 0.0, "f1-score": 0.0, "support": 23}, "28": {"precision": 0.0014619883040935672, "recall": 0.008, "f1-score": 0.002472187886279357, "support": 125}, "29": {"precision": 0.003745318352059925, "recall": 0.03571428571428571, "f1-score": 0.006779661016949152, "support": 28}, "30": {"precision": 0.014354066985645933, "recall": 0.04285714285714286, "f1-score": 0.021505376344086023, "support": 70}, "31": {"precision": 0.013742071881606765, "recall": 0.52, "f1-score": 0.02677651905252317, "support": 25}, "32": {"precision": 0.01795212765957447, "recall": 0.05636743215031315, "f1-score": 0.027231467473524965, "support": 479}, "33": {"precision": 0.017334470019892016, "recall": 0.34269662921348315, "f1-score": 0.03299972951041385, "support": 178}, "34": {"precision": 0.010245901639344262, "recall": 0.022727272727272728, "f1-score": 0.014124293785310734, "support": 220}, "35": {"precision": 0.04819277108433735, "recall": 0.07547169811320754, "f1-score": 0.058823529411764705, "support": 106}, "36": {"precision": 0.06985940246045694, "recall": 0.3697674418604651, "f1-score": 0.11751662971175166, "support": 430}, "37": {"precision": 0.005504587155963303, "recall": 0.2857142857142857, "f1-score": 0.010801080108010803, "support": 21}, "38": {"precision": 0.05073494547178758, "recall": 0.19888475836431227, "f1-score": 0.0808462410275784, "support": 1076}, "39": {"precision": 0.0, "recall": 0.0, "f1-score": 0.0, "support": 47}, "40": {"precision": 0.004043126684636119, "recall": 0.01020408163265306, "f1-score": 0.005791505791505792, "support": 294}, "41": {"precision": 0.01238390092879257, "recall": 0.004956629491945477, "f1-score": 0.007079646017699115, "support": 1614}, "42": {"precision": 0.005429864253393665, "recall": 0.008571428571428572, "f1-score": 0.006648199445983379, "support": 700}, "43": {"precision": 0.02666666666666667, "recall": 0.0008230452674897119, "f1-score": 0.0015968063872255488, "support": 2430}, "44": {"precision": 0.0670391061452514, "recall": 0.2696629213483146, "f1-score": 0.10738255033557047, "support": 89}, "45": {"precision": 0.03754266211604096, "recall": 0.0859375, "f1-score": 0.052256532066508314, "support": 128}, "46": {"precision": 0.015873015873015872, "recall": 0.06896551724137931, "f1-score": 0.025806451612903222, "support": 58}, "47": {"precision": 0.006463527239150508, "recall": 0.15217391304347827, "f1-score": 0.012400354295837024, "support": 46}, "48": {"precision": 0.002828854314002829, "recall": 0.04878048780487805, "f1-score": 0.005347593582887701, "support": 41}, "49": {"precision": 0.004917456972251493, "recall": 0.15730337078651685, "f1-score": 0.009536784741144414, "support": 89}, "50": {"precision": 0.10256410256410256, "recall": 0.35294117647058826, "f1-score": 0.15894039735099338, "support": 68}, "51": {"precision": 0.0, "recall": 0.0, "f1-score": 0.0, "support": 43}, "52": {"precision": 0.03307888040712468, "recall": 0.1625, "f1-score": 0.05496828752642706, "support": 160}, "53": {"precision": 0.8063085263676688, "recall": 0.3827795975666823, "f1-score": 0.5191178803744249, "support": 4274}, "54": {"precision": 0.1426344505066251, "recall": 0.07783921735431731, "f1-score": 0.10071546505228399, "support": 2351}, "55": {"precision": 0.018361581920903956, "recall": 0.055714285714285716, "f1-score": 0.027620396600566574, "support": 700}, "56": {"precision": 0.2880886426592798, "recall": 0.5909090909090909, "f1-score": 0.3873370577281192, "support": 176}, "57": {"precision": 0.017296511627906977, "recall": 0.19701986754966888, "f1-score": 0.03180117584179583, "support": 604}, "58": {"precision": 0.08217054263565891, "recall": 0.49074074074074076, "f1-score": 0.1407702523240372, "support": 216}, "59": {"precision": 0.006837606837606838, "recall": 0.011976047904191617, "f1-score": 0.008705114254624592, "support": 334}, "60": {"precision": 0.0, "recall": 0.0, "f1-score": 0.0, "support": 40}, "61": {"precision": 0.08198757763975155, "recall": 0.013436482084690555, "f1-score": 0.023089032709463008, "support": 4912}, "62": {"precision": 0.7348454164979074, "recall": 0.707710310752828, "f1-score": 0.7210226520068884, "support": 7691}, "63": {"precision": 0.40783558124598585, "recall": 0.04671865803413773, "f1-score": 0.08383391643012741, "support": 13592}, "64": {"precision": 0.027777777777777776, "recall": 0.016241299303944315, "f1-score": 0.020497803806734993, "support": 431}, "65": {"precision": 0.060291060291060294, "recall": 0.3258426966292135, "f1-score": 0.10175438596491228, "support": 178}, "66": {"precision": 0.004761904761904762, "recall": 0.030303030303030304, "f1-score": 0.008230452674897122, "support": 33}, "67": {"precision": 0.019461077844311378, "recall": 0.13541666666666666, "f1-score": 0.034031413612565446, "support": 96},