{"0": {"precision": 0.5714285714285714, "recall": 0.8, "f1-score": 0.6666666666666666, "support": 5}, "3": {"precision": 0.0, "recall": 0.0, "f1-score": 0.0, "support": 0}, "4": {"precision": 0.0, "recall": 0.0, "f1-score": 0.0, "support": 0}, "11": {"precision": 0.6666666666666666, "recall": 1.0, "f1-score": 0.8, "support": 4}, "12": {"precision": 0.875, "recall": 0.5, "f1-score": 0.6363636363636364, "support": 14}, "13": {"precision": 0.6, "recall": 0.5, "f1-score": 0.5454545454545454, "support": 6}, "14": {"precision": 0.0, "recall": 0.0, "f1-score": 0.0, "support": 0}, "16": {"precision": 0.9444444444444444, "recall": 0.4358974358974359, "f1-score": 0.5964912280701755, "support": 39}, "21": {"precision": 0.0, "recall": 0.0, "f1-score": 0.0, "support": 0}, "22": {"precision": 1.0, "recall": 1.0, "f1-score": 1.0, "support": 5}, "23": {"precision": 1.0, "recall": 1.0, "f1-score": 1.0, "support": 4}, "27": {"precision": 1.0, "recall": 0.75, "f1-score": 0.8571428571428571, "support": 4}, "29": {"precision": 0.2558139534883721, "recall": 0.55, "f1-score": 0.34920634920634924, "support": 20}, "31": {"precision": 1.0, "recall": 1.0, "f1-score": 1.0, "support": 2}, "33": {"precision": 0.0, "recall": 0.0, "f1-score": 0.0, "support": 0}, "36": {"precision": 0.25, "recall": 1.0, "f1-score": 0.4, "support": 1}, "37": {"precision": 1.0, "recall": 0.8571428571428571, "f1-score": 0.923076923076923, "support": 7}, "43": {"precision": 0.5, "recall": 1.0, "f1-score": 0.6666666666666666, "support": 3}, "44": {"precision": 0.4444444444444444, "recall": 1.0, "f1-score": 0.6153846153846153, "support": 4}, "46": {"precision": 0.9354838709677419, "recall": 0.4393939393939394, "f1-score": 0.5979381443298969, "support": 66}, "49": {"precision": 0.0, "recall": 0.0, "f1-score": 0.0, "support": 2}, "51": {"precision": 0.0, "recall": 0.0, "f1-score": 0.0, "support": 1}, "53": {"precision": 0.0, "recall": 0.0, "f1-score": 0.0, "support": 0}, "56": {"precision": 0.5, "recall": 1.0, "f1-score": 0.6666666666666666, "support": 3}, "59": {"precision": 1.0, "recall": 1.0, "f1-score": 1.0, "support": 2}, "60": {"precision": 0.0, "recall": 0.0, "f1-score": 0.0, "support": 0}, "62": {"precision": 0.3333333333333333, "recall": 0.3333333333333333, "f1-score": 0.3333333333333333, "support": 3}, "65": {"precision": 0.0, "recall": 0.0, "f1-score": 0.0, "support": 0}, "68": {"precision": 1.0, "recall": 0.5, "f1-score": 0.6666666666666666, "support": 2}, "70": {"precision": 0.5652173913043478, "recall": 0.7222222222222222, "f1-score": 0.6341463414634146, "support": 18}, "71": {"precision": 0.0, "recall": 0.0, "f1-score": 0.0, "support": 0}, "73": {"precision": 0.4166666666666667, "recall": 1.0, "f1-score": 0.5882352941176471, "support": 10}, "74": {"precision": 0.0, "recall": 0.0, "f1-score": 0.0, "support": 11}, "75": {"precision": 0.9, "recall": 0.34615384615384615, "f1-score": 0.5, "support": 26}, "77": {"precision": 1.0, "recall": 0.9565217391304348, "f1-score": 0.9777777777777777, "support": 23}, "accuracy": 0.5754385964912281, "macro avg": {"precision": 0.4788142669355597, "recall": 0.5054475820935448, "f1-score": 0.4577490774967954, "support": 285}, "weighted avg": {"precision": 0.7643288242059788, "recall": 0.5754385964912281, "f1-score": 0.6080603915129019, "support": 285}}