{"0": {"precision": 0.023467600700525393, "recall": 0.10737179487179487, "f1-score": 0.03851681517677493, "support": 624}, "1": {"precision": 0.017805755395683454, "recall": 0.19959677419354838, "f1-score": 0.03269484808454425, "support": 496}, "2": {"precision": 0.0, "recall": 0.0, "f1-score": 0.0, "support": 23}, "3": {"precision": 0.014563106796116505, "recall": 0.05660377358490566, "f1-score": 0.023166023166023165, "support": 159}, "4": {"precision": 0.0, "recall": 0.0, "f1-score": 0.0, "support": 18}, "5": {"precision": 0.007017543859649123, "recall": 0.02, "f1-score": 0.01038961038961039, "support": 200}, "6": {"precision": 0.030612244897959183, "recall": 0.07317073170731707, "f1-score": 0.04316546762589928, "support": 164}, "7": {"precision": 0.43454038997214484, "recall": 0.4921135646687697, "f1-score": 0.46153846153846156, "support": 317}, "8": {"precision": 0.0624385447394297, "recall": 0.27912087912087913, "f1-score": 0.10204901566894337, "support": 455}, "9": {"precision": 0.022944550669216062, "recall": 0.19047619047619047, "f1-score": 0.040955631399317405, "support": 63}, "10": {"precision": 0.029211295034079845, "recall": 0.08450704225352113, "f1-score": 0.04341534008683068, "support": 355}, "11": {"precision": 0.025311526479750778, "recall": 0.04201680672268908, "f1-score": 0.031591737545565005, "support": 1547}, "12": {"precision": 0.4122137404580153, "recall": 0.3375, "f1-score": 0.37113402061855677, "support": 160}, "13": {"precision": 0.02948525737131434, "recall": 0.2532188841201717, "f1-score": 0.05282005371530885, "support": 466}, "14": {"precision": 0.004415011037527594, "recall": 0.03571428571428571, "f1-score": 0.007858546168958742, "support": 56}, "15": {"precision": 0.017766497461928935, "recall": 0.02704791344667697, "f1-score": 0.02144607843137255, "support": 1294}, "16": {"precision": 0.001827318410232983, "recall": 0.03225806451612903, "f1-score": 0.003458711629917856, "support": 124}, "17": {"precision": 0.08128544423440454, "recall": 0.07288135593220339, "f1-score": 0.07685433422698838, "support": 590}, "18": {"precision": 0.013412816691505217, "recall": 0.08333333333333333, "f1-score": 0.023106546854942234, "support": 216}, "19": {"precision": 0.016, "recall": 0.09836065573770492, "f1-score": 0.027522935779816512, "support": 61}, "20": {"precision": 0.01092896174863388, "recall": 0.16, "f1-score": 0.020460358056265983, "support": 25}, "21": {"precision": 0.03636363636363636, "recall": 0.028985507246376812, "f1-score": 0.03225806451612903, "support": 414}, "22": {"precision": 0.008464328899637243, "recall": 0.05785123966942149, "f1-score": 0.014767932489451477, "support": 121}, "23": {"precision": 0.025036818851251842, "recall": 0.11724137931034483, "f1-score": 0.0412621359223301, "support": 145}, "24": {"precision": 0.012987012987012988, "recall": 0.056451612903225805, "f1-score": 0.021116138763197588, "support": 124}, "25": {"precision": 0.1640625, "recall": 0.3298429319371728, "f1-score": 0.21913043478260869, "support": 191}, "26": {"precision": 0.23076923076923078, "recall": 0.05642127888232133, "f1-score": 0.09067357512953367, "support": 1861}, "27": {"precision": 0.0025380710659898475, "recall": 0.047619047619047616, "f1-score": 0.0048192771084337345, "support": 21}, "28": {"precision": 0.0, "recall": 0.0, "f1-score": 0.0, "support": 123}, "29": {"precision": 0.007920792079207921, "recall": 0.10526315789473684, "f1-score": 0.014732965009208104, "support": 38}, "30": {"precision": 0.0016366612111292963, "recall": 0.015151515151515152, "f1-score": 0.0029542097488921715, "support": 66}, "31": {"precision": 0.01650943396226415, "recall": 0.21212121212121213, "f1-score": 0.030634573304157548, "support": 33}, "32": {"precision": 0.023266120097496124, "recall": 0.20916334661354583, "f1-score": 0.04187437686939183, "support": 502}, "33": {"precision": 0.059366754617414245, "recall": 0.22277227722772278, "f1-score": 0.09375, "support": 202}, "34": {"precision": 0.019781994348001614, "recall": 0.20502092050209206, "f1-score": 0.03608247422680412, "support": 239}, "35": {"precision": 0.0109717868338558, "recall": 0.06422018348623854, "f1-score": 0.018741633199464525, "support": 109}, "36": {"precision": 0.05065757428153921, "recall": 0.28969359331476324, "f1-score": 0.08623548922056384, "support": 359}, "37": {"precision": 0.0016, "recall": 0.047619047619047616, "f1-score": 0.0030959752321981426, "support": 21}, "38": {"precision": 0.16139240506329114, "recall": 0.37294332723948814, "f1-score": 0.22528989508558808, "support": 1094}, "39": {"precision": 0.025044722719141325, "recall": 0.2978723404255319, "f1-score": 0.04620462046204621, "support": 47}, "40": {"precision": 0.009727626459143969, "recall": 0.046583850931677016, "f1-score": 0.016094420600858368, "support": 322}, "41": {"precision": 0.039738195418419824, "recall": 0.05240443896424168, "f1-score": 0.04520074448285031, "support": 1622}, "42": {"precision": 0.02431453698913606, "recall": 0.06573426573426573, "f1-score": 0.035498489425981876, "support": 715}, "43": {"precision": 0.026252983293556086, "recall": 0.004614093959731544, "f1-score": 0.00784873349982162, "support": 2384}, "44": {"precision": 0.0737913486005089, "recall": 0.37662337662337664, "f1-score": 0.12340425531914893, "support": 77}, "45": {"precision": 0.0967741935483871, "recall": 0.325, "f1-score": 0.14913957934990438, "support": 120}, "46": {"precision": 0.002277904328018223, "recall": 0.0196078431372549, "f1-score": 0.004081632653061224, "support": 51}, "47": {"precision": 0.004069767441860465, "recall": 0.20588235294117646, "f1-score": 0.00798175598631699, "support": 34}, "48": {"precision": 0.0040137614678899085, "recall": 0.20588235294117646, "f1-score": 0.007874015748031498, "support": 34}, "49": {"precision": 0.008153281695882593, "recall": 0.2222222222222222, "f1-score": 0.015729453401494297, "support": 90}, "50": {"precision": 0.07291666666666667, "recall": 0.5060240963855421, "f1-score": 0.12746585735963584, "support": 83}, "51": {"precision": 0.00209351011863224, "recall": 0.07142857142857142, "f1-score": 0.004067796610169492, "support": 42}, "52": {"precision": 0.390625, "recall": 0.17006802721088435, "f1-score": 0.23696682464454977, "support": 147}, "53": {"precision": 0.9104984894259819, "recall": 0.577208522863299, "f1-score": 0.7065201465201465, "support": 4177}, "54": {"precision": 0.0829822311778714, "recall": 0.1961038961038961, "f1-score": 0.11661732526708714, "support": 2310}, "55": {"precision": 0.04498594189315839, "recall": 0.06966618287373004, "f1-score": 0.05466970387243735, "support": 689}, "56": {"precision": 0.07620416966211359, "recall": 0.572972972972973, "f1-score": 0.13451776649746194, "support": 185}, "57": {"precision": 0.02119236143455985, "recall": 0.14467408585055644, "f1-score": 0.03696932764574446, "support": 629}, "58": {"precision": 0.23505154639175257, "recall": 0.5181818181818182, "f1-score": 0.32340425531914896, "support": 220}, "59": {"precision": 0.1367837338262477, "recall": 0.21574344023323616, "f1-score": 0.16742081447963802, "support": 343}, "60": {"precision": 0.07471264367816093, "recall": 0.30952380952380953, "f1-score": 0.12037037037037036, "support": 42}, "61": {"precision": 0.04962610469068661, "recall": 0.015287958115183246, "f1-score": 0.02337495997438361, "support": 4775}, "62": {"precision": 0.751411202778984, "recall": 0.45408029388611915, "f1-score": 0.5660778541053321, "support": 7622}, "63": {"precision": 0.340324118207817, "recall": 0.02631191037735849, "f1-score": 0.04884723267428337, "support": 13568}, "64": {"precision": 0.05402650356778797, "recall": 0.12211981566820276, "f1-score": 0.07491166077738516, "support": 434}, "65": {"precision": 0.06547619047619048, "recall": 0.5555555555555556, "f1-score": 0.11714589989350374, "support": 198}, "66": {"precision": 0.012195121951219513, "recall": 0.0851063829787234, "f1-score": 0.021333333333333333, "support": 47}, "67": {"precision": 0.07913669064748201,