,0,1,2,3,4,mean,std,var
f1-scores_macro,0.6885611488712265,0.6251805935126156,0.6633745418516883,0.6355200427065022,0.7217549744435899,0.6668782602771246,0.0352587880707986,0.058027864780689005
precisions_macro,0.700163530913531,0.6314073419771948,0.6589163550370448,0.6214199056689175,0.7292099179195953,0.6682234103032567,0.04091976937034419,0.057611050260771575
recalls_macro,0.7356105844320948,0.6653879634857895,0.7466349908628768,0.7255313608335557,0.7868529353399022,0.7320035669908438,0.039281217981422895,0.06983788118848623
supports_macro,285.0,285.0,285.0,285.0,285.0,285.0,0.0,11603.571428571428
f1-scores_weighted,0.8118231109295982,0.8016256940170974,0.7154377383788676,0.6970884268118336,0.7720590358162384,0.7596068011907271,0.04584024814270966,0.07453149156530406
precisions_weighted,0.8420803757645863,0.8650399270110312,0.8178485987696515,0.8102149801211586,0.8281948980194593,0.8326757559371775,0.019392243660817134,0.09480339278667745
recalls_weighted,0.8070175438596491,0.7859649122807018,0.6982456140350877,0.6807017543859649,0.7649122807017544,0.7473684210526316,0.049422643822200726,0.07162525638109297
supports_weighted,285.0,285.0,285.0,285.0,285.0,285.0,0.0,11603.571428571428
