,0,1,2,3,4,mean,std,var
f1-scores_macro,0.3070374956060961,0.36594934383836275,0.2894994587382441,0.3487102737820296,0.28260110239485936,0.31875953487191844,0.03293908113668957,0.012574628522738147
precisions_macro,0.3254186096792343,0.37487173162822257,0.32990157100989237,0.3607138031051074,0.29447310870925686,0.33707576482634266,0.02824760730195594,0.01428991527189137
recalls_macro,0.369990344218033,0.40773869849956806,0.33170979382935906,0.407566666621373,0.3691551686000283,0.37723213435367225,0.028428150452864634,0.018054069189200574
supports_macro,285.0,285.0,285.0,285.0,285.0,285.0,0.0,11603.571428571428
f1-scores_weighted,0.48199173338576895,0.560989928618393,0.4449897228492091,0.455405380187344,0.43105005667553337,0.4748853643432497,0.046171960823336605,0.028032996261078042
precisions_weighted,0.6205590258729289,0.6602078645998684,0.6942304500659858,0.6334854318492763,0.5778113534075393,0.6372588251591197,0.03898601838276503,0.05239949869036405
recalls_weighted,0.45614035087719296,0.543859649122807,0.4105263157894737,0.43157894736842106,0.41403508771929826,0.4512280701754386,0.04905258138189837,0.02511157603871213
supports_weighted,285.0,285.0,285.0,285.0,285.0,285.0,0.0,11603.571428571428
