,0,1,2,3,4,mean,std,var
f1-scores_macro,0.452168716821607,0.38180910518366845,0.3906411272341583,0.4536549048205896,0.3825829921336296,0.41217136923873054,0.03341126156575122,0.021424434499195438
precisions_macro,0.4641341757634327,0.3735394966201254,0.4405164426217058,0.45231553466847585,0.3861389048732249,0.42332891090939295,0.03650421227025521,0.022486657091311268
recalls_macro,0.5107446936966387,0.4576345167513646,0.42441800736115115,0.5279297191183521,0.4992729472381582,0.4839999768331329,0.037745236345348605,0.029636294304374672
supports_macro,285.0,285.0,285.0,285.0,285.0,285.0,0.0,11603.571428571428
f1-scores_weighted,0.5700587578267624,0.6081388154323107,0.5154497909473018,0.5487152402313618,0.5044200369767005,0.5493565282828874,0.037558769757874096,0.03859511464970814
precisions_weighted,0.6761962129446242,0.6888610585962993,0.7646017675768368,0.679481092121959,0.6458322673307461,0.690994479714093,0.03953164942868004,0.06193140979024303
recalls_weighted,0.5543859649122806,0.6105263157894737,0.47368421052631576,0.5473684210526316,0.49473684210526314,0.536140350877193,0.04818145654392106,0.03594938432780897
supports_weighted,285.0,285.0,285.0,285.0,285.0,285.0,0.0,11603.571428571428
