,0,1,2,3,4,mean,std,var
f1-scores_macro,0.6177751029174667,0.5946395985481641,0.6306266372034584,0.59322485944983,0.6108925705615169,0.6094317537360873,0.014159377274900502,0.05078838790083207
precisions_macro,0.6406934931203548,0.5873650879173509,0.6421793659724695,0.5984384896149603,0.6009613548216489,0.6139275582893569,0.02292674603065461,0.050335452606358806
recalls_macro,0.667353506047728,0.6614760522539056,0.6802818038200347,0.6777071118844935,0.6743131125233656,0.6722263173059055,0.006907925516646547,0.06327527511764998
supports_macro,285.0,285.0,285.0,285.0,285.0,285.0,0.0,11603.571428571428
f1-scores_weighted,0.7891055781710958,0.7608520117136736,0.6813324089789431,0.6636862641658199,0.7422557972568791,0.7274464120572823,0.04760034135023448,0.06791540039328411
precisions_weighted,0.8326846427182374,0.8124171496313057,0.8060672621725252,0.7933767929123967,0.8095612939691887,0.8108214282807309,0.012720470189193055,0.09112986186914233
recalls_weighted,0.775438596491228,0.7578947368421053,0.6666666666666666,0.6491228070175439,0.7263157894736842,0.7150877192982457,0.04959174664997826,0.06531872105760067
supports_weighted,285.0,285.0,285.0,285.0,285.0,285.0,0.0,11603.571428571428
