,0,1,2,3,4,mean,std,var
f1-scores_macro,0.1073517644752691,0.13436972975049713,0.13589735063719313,0.09273193305232702,0.09137354298638752,0.11234486418033478,0.019438151899810966,0.0015479620082252518
precisions_macro,0.1264776796026796,0.15146481425551192,0.1704714790040877,0.09507386738108892,0.10788639061616283,0.13027484617190618,0.027638937614846773,0.00214146806877874
recalls_macro,0.10808646286335072,0.1444702878853536,0.1477435547544243,0.10257250992771745,0.11099769403566422,0.12277410189330204,0.019270251181720783,0.0018398874522376953
supports_macro,285.0,285.0,285.0,285.0,285.0,285.0,0.0,11603.571428571428
f1-scores_weighted,0.34675490524723795,0.3790670480108033,0.3419240080522235,0.3124754309903885,0.3364039500190135,0.34332506846393335,0.02140475585165126,0.015186472645041535
precisions_weighted,0.3895714945714946,0.4108711171869066,0.40459341404421495,0.3530565233473821,0.36616029367838193,0.384850568565676,0.022132888321216643,0.019203094272902666
recalls_weighted,0.3508771929824561,0.39649122807017545,0.34385964912280703,0.32280701754385965,0.3508771929824561,0.35298245614035084,0.024065162385238245,0.01593783662402615
supports_weighted,285.0,285.0,285.0,285.0,285.0,285.0,0.0,11603.571428571428
