,0,1,2,3,4,mean,std,var
f1-scores_macro,0.43170912785691123,0.4592994296859264,0.38327592883827694,0.5004788712174634,0.4599795634477504,0.44694858420926564,0.0386633922541471,0.025059543198569036
precisions_macro,0.4768982256278082,0.5069383735787183,0.4234027068078792,0.5343952140363624,0.4872161574621007,0.48577013550257375,0.03683202544521994,0.029922702224169494
recalls_macro,0.4810938921922904,0.4695279877797993,0.4095654479712451,0.5646093908393633,0.5006657245232595,0.48509248866119153,0.05005604807416849,0.029124678715235237
supports_macro,285.0,285.0,285.0,285.0,285.0,285.0,0.0,11603.571428571428
f1-scores_weighted,0.6699843543130631,0.7105941094185076,0.5990759054833756,0.6157284318388776,0.6436068900145651,0.6477979382136778,0.03963697963978748,0.05414634915773455
precisions_weighted,0.7570955653064737,0.7847755433098105,0.7419997647039389,0.7202331562968682,0.7472792022792023,0.7502766463792587,0.021055993362896305,0.07633557106407385
recalls_weighted,0.6491228070175439,0.7052631578947368,0.5614035087719298,0.5859649122807018,0.6105263157894737,0.6224561403508773,0.05053606143828444,0.04885575553999072
supports_weighted,285.0,285.0,285.0,285.0,285.0,285.0,0.0,11603.571428571428
