,0,1,2,3,4,mean,std,var
f1-scores_macro,0.2772718822284879,0.30127382841382955,0.2855293767482133,0.34578078227289294,0.3228302705300284,0.30653722803869043,0.025024042197062654,0.011843217545048336
precisions_macro,0.31901578952861004,0.30266239023354774,0.32554445083565015,0.3417068001496804,0.3252203844115609,0.32282996303180983,0.012575344528642528,0.013882915356327798
recalls_macro,0.30939081259447393,0.3541190399886052,0.3548369504891244,0.4305049488068231,0.40770051575272026,0.3713104535263494,0.04296321178688751,0.016939899566524978
supports_macro,285.0,285.0,285.0,285.0,285.0,285.0,0.0,11603.571428571428
f1-scores_weighted,0.5028126496470336,0.5002197791828451,0.4334884173997748,0.4929941081744988,0.44906639509290197,0.4757162698994109,0.02872826765408747,0.0292303717283753
precisions_weighted,0.6589767152925048,0.6069282917185644,0.678653669693359,0.6245479874990812,0.5760947381651715,0.6290402804737363,0.036524046086771816,0.051265312763377396
recalls_weighted,0.4807017543859649,0.5052631578947369,0.41403508771929826,0.49473684210526314,0.44912280701754387,0.46877192982456134,0.033257531539853426,0.02801783251962142
supports_weighted,285.0,285.0,285.0,285.0,285.0,285.0,0.0,11603.571428571428
