,0,1,2,3,4,mean,std,var
f1-scores_macro,0.5956845749373244,0.5103121860670621,0.5254539220991428,0.5655917626513429,0.5218350534838164,0.5437754998477377,0.03196046985387477,0.03827331563644115
precisions_macro,0.6341691675661997,0.5403043593833068,0.5578429383116883,0.5896528072702367,0.547054124972196,0.5738046795007254,0.03460541972161209,0.0425316375731399
recalls_macro,0.6797397479205259,0.5626742396563368,0.5528945164135382,0.6434161483478995,0.5865417987026521,0.6050532902081904,0.04880363260549733,0.046186783308116965
supports_macro,285.0,285.0,285.0,285.0,285.0,285.0,0.0,11603.571428571428
f1-scores_weighted,0.7227951523615517,0.7179324617502145,0.6856647039464377,0.6266045631357878,0.7056973714240934,0.691738850523617,0.03499945744959329,0.06263603460126733
precisions_weighted,0.7913569985364584,0.8420400949209813,0.7930009366851473,0.7696188800170795,0.7849611570649874,0.7961956134449307,0.02436337581489008,0.08559821693115209
recalls_weighted,0.7087719298245614,0.712280701754386,0.6596491228070176,0.6035087719298246,0.6807017543859649,0.6729824561403508,0.0397220258191857,0.05860326219987109
supports_weighted,285.0,285.0,285.0,285.0,285.0,285.0,0.0,11603.571428571428
