,0,1,2,3,4,mean,std,var
f1-scores_macro,0.0967351785619779,0.134751674187597,0.13470261418979368,0.10139412097395291,0.0903181251396655,0.11158034261059739,0.019223787080988167,0.0015264949937260387
precisions_macro,0.10502749748056071,0.15343235575793715,0.1509480857306944,0.10836743484259011,0.1082030785023561,0.1251956904628277,0.022087055872839486,0.001925301772895665
recalls_macro,0.10104898279955489,0.14581423800331786,0.1492579141408573,0.10906026582391154,0.11019011954387921,0.12307430406230417,0.02024942610330793,0.0018521215994443169
supports_macro,285.0,285.0,285.0,285.0,285.0,285.0,0.0,11603.571428571428
f1-scores_weighted,0.3354394350615946,0.38544030561947695,0.3500362352993932,0.33566354228273726,0.3380364860814406,0.34892320086892853,0.01903096860403809,0.01584879836339406
precisions_weighted,0.37377753571117417,0.41815073815073817,0.39532031660178113,0.38571871555853254,0.3696889971747394,0.3885312606393931,0.017343692977369946,0.019933556936532346
recalls_weighted,0.3473684210526316,0.4070175438596491,0.3543859649122807,0.34385964912280703,0.3543859649122807,0.3614035087719298,0.02316852493925498,0.01679058916440166
supports_weighted,285.0,285.0,285.0,285.0,285.0,285.0,0.0,11603.571428571428
