,0,1,2,3,4,mean,std,var
f1-scores_macro,0.4309688728016915,0.36472620126329774,0.4577490774967954,0.5121178273200753,0.39510584100108714,0.4321335639765894,0.050930930165762014,0.022920982757383596
precisions_macro,0.4472914542411696,0.3652995784245784,0.4788142669355597,0.4967169917939516,0.3943130943130943,0.43648707714167073,0.04976398894903462,0.023428676012182948
recalls_macro,0.5040256135507851,0.4153279691323169,0.5054475820935448,0.6077407322085895,0.4801302428557687,0.502534427968201,0.06194512172329275,0.030928941770242663
supports_macro,285.0,285.0,285.0,285.0,285.0,285.0,0.0,11603.571428571428
f1-scores_weighted,0.5726644115964283,0.5743474321763137,0.6080603915129019,0.5755551513575898,0.5286795933808446,0.5718613960048156,0.025280444585262192,0.043211260701743415
precisions_weighted,0.702507831061711,0.6687051018629966,0.7643288242059788,0.6785074748152575,0.6795736816789448,0.6987245827249777,0.034626253515521906,0.06400294655454729
recalls_weighted,0.5614035087719298,0.5684210526315789,0.5754385964912281,0.5719298245614035,0.519298245614035,0.5592982456140351,0.02053156328186359,0.04181836443155216
supports_weighted,285.0,285.0,285.0,285.0,285.0,285.0,0.0,11603.571428571428
