,0,1,2,3,4,mean,std,var
f1-scores_macro,0.7350214678904661,0.6342550193369807,0.6780744539300493,0.6629316503929508,0.6932802355572684,0.6807125654215431,0.03343299980472647,0.06078444781068019
precisions_macro,0.7401465392844704,0.6482106897108532,0.6656929812658399,0.6436825361457714,0.6913886918394851,0.6778242876492839,0.035377532652999616,0.06000552241935778
recalls_macro,0.7779758616932135,0.6624667678336156,0.7644160603680844,0.7569072404977023,0.776241729906965,0.7476015320599162,0.043266877597102786,0.07242963398234757
supports_macro,285.0,285.0,285.0,285.0,285.0,285.0,0.0,11603.571428571428
f1-scores_weighted,0.8174170697133994,0.7936268384553397,0.7412088332190213,0.7318090256203341,0.743017777692966,0.7654159089402122,0.033814371709918245,0.07741581586574171
precisions_weighted,0.8552642971064023,0.8645858813274939,0.8440322495840323,0.8251336228271213,0.8070719485104813,0.8392175998711062,0.020765010757735163,0.09605427005405222
recalls_weighted,0.8070175438596491,0.775438596491228,0.7228070175438597,0.712280701754386,0.7403508771929824,0.7515789473684211,0.03504558874156846,0.07436921641211848
supports_weighted,285.0,285.0,285.0,285.0,285.0,285.0,0.0,11603.571428571428
