{"0": {"precision": 0.5, "recall": 0.6, "f1-score": 0.5454545454545454, "support": 5}, "11": {"precision": 0.3333333333333333, "recall": 1.0, "f1-score": 0.5, "support": 4}, "12": {"precision": 1.0, "recall": 0.6428571428571429, "f1-score": 0.782608695652174, "support": 14}, "13": {"precision": 0.3076923076923077, "recall": 1.0, "f1-score": 0.47058823529411764, "support": 4}, "14": {"precision": 0.0, "recall": 0.0, "f1-score": 0.0, "support": 0}, "16": {"precision": 0.875, "recall": 0.18421052631578946, "f1-score": 0.30434782608695654, "support": 38}, "17": {"precision": 0.0, "recall": 0.0, "f1-score": 0.0, "support": 0}, "19": {"precision": 0.0, "recall": 0.0, "f1-score": 0.0, "support": 0}, "21": {"precision": 0.0, "recall": 0.0, "f1-score": 0.0, "support": 0}, "22": {"precision": 0.38461538461538464, "recall": 1.0, "f1-score": 0.5555555555555556, "support": 5}, "23": {"precision": 0.75, "recall": 1.0, "f1-score": 0.8571428571428571, "support": 3}, "27": {"precision": 1.0, "recall": 0.3333333333333333, "f1-score": 0.5, "support": 3}, "29": {"precision": 0.23809523809523808, "recall": 0.29411764705882354, "f1-score": 0.2631578947368421, "support": 17}, "31": {"precision": 1.0, "recall": 0.625, "f1-score": 0.7692307692307693, "support": 8}, "36": {"precision": 0.2, "recall": 1.0, "f1-score": 0.33333333333333337, "support": 1}, "37": {"precision": 1.0, "recall": 0.8, "f1-score": 0.888888888888889, "support": 5}, "43": {"precision": 0.3333333333333333, "recall": 0.25, "f1-score": 0.28571428571428575, "support": 4}, "44": {"precision": 0.5, "recall": 0.5714285714285714, "f1-score": 0.5333333333333333, "support": 7}, "46": {"precision": 0.8620689655172413, "recall": 0.43859649122807015, "f1-score": 0.5813953488372092, "support": 57}, "48": {"precision": 0.0, "recall": 0.0, "f1-score": 0.0, "support": 0}, "49": {"precision": 0.14285714285714285, "recall": 1.0, "f1-score": 0.25, "support": 1}, "51": {"precision": 0.0, "recall": 0.0, "f1-score": 0.0, "support": 3}, "53": {"precision": 0.0, "recall": 0.0, "f1-score": 0.0, "support": 0}, "55": {"precision": 0.0, "recall": 0.0, "f1-score": 0.0, "support": 0}, "56": {"precision": 0.5, "recall": 1.0, "f1-score": 0.6666666666666666, "support": 1}, "59": {"precision": 0.8, "recall": 1.0, "f1-score": 0.888888888888889, "support": 4}, "60": {"precision": 0.0, "recall": 0.0, "f1-score": 0.0, "support": 0}, "61": {"precision": 0.5, "recall": 1.0, "f1-score": 0.6666666666666666, "support": 1}, "62": {"precision": 0.125, "recall": 0.25, "f1-score": 0.16666666666666666, "support": 4}, "67": {"precision": 0.0, "recall": 0.0, "f1-score": 0.0, "support": 0}, "68": {"precision": 0.5, "recall": 0.6666666666666666, "f1-score": 0.5714285714285715, "support": 3}, "70": {"precision": 0.47058823529411764, "recall": 0.7272727272727273, "f1-score": 0.5714285714285714, "support": 11}, "71": {"precision": 0.3333333333333333, "recall": 1.0, "f1-score": 0.5, "support": 1}, "73": {"precision": 0.3333333333333333, "recall": 0.3888888888888889, "f1-score": 0.358974358974359, "support": 18}, "74": {"precision": 0.0, "recall": 0.0, "f1-score": 0.0, "support": 13}, "75": {"precision": 0.4444444444444444, "recall": 0.2, "f1-score": 0.2758620689655173, "support": 20}, "76": {"precision": 0.3333333333333333, "recall": 1.0, "f1-score": 0.5, "support": 1}, "77": {"precision": 0.90625, "recall": 1.0, "f1-score": 0.9508196721311475, "support": 29}, "accuracy": 0.49473684210526314, "macro avg": {"precision": 0.3861389048732249, "recall": 0.4992729472381582, "f1-score": 0.3825829921336296, "support": 285}, "weighted avg": {"precision": 0.6458322673307461, "recall": 0.49473684210526314, "f1-score": 0.5044200369767005, "support": 285}}