{"0": {"precision": 0.12284163788850518, "recall": 0.8341708542713567, "f1-score": 0.21414749516233067, "support": 597}, "1": {"precision": 0.1441523118766999, "recall": 0.3199195171026157, "f1-score": 0.19875, "support": 497}, "2": {"precision": 0.01580135440180587, "recall": 0.3888888888888889, "f1-score": 0.030368763557483733, "support": 18}, "3": {"precision": 0.0, "recall": 0.0, "f1-score": 0.0, "support": 143}, "4": {"precision": 0.16901408450704225, "recall": 0.9230769230769231, "f1-score": 0.2857142857142857, "support": 13}, "5": {"precision": 0.17248459958932238, "recall": 0.9333333333333333, "f1-score": 0.2911611785095321, "support": 180}, "6": {"precision": 0.6576576576576577, "recall": 0.5407407407407407, "f1-score": 0.5934959349593497, "support": 135}, "7": {"precision": 0.5934489402697495, "recall": 0.9685534591194969, "f1-score": 0.7359617682198328, "support": 318}, "8": {"precision": 0.5454545454545454, "recall": 0.31929046563192903, "f1-score": 0.40279720279720277, "support": 451}, "9": {"precision": 0.06290115532734275, "recall": 0.875, "f1-score": 0.11736526946107785, "support": 56}, "10": {"precision": 0.04103299856527977, "recall": 0.40974212034383956, "f1-score": 0.07459572248304643, "support": 349}, "11": {"precision": 0.0, "recall": 0.0, "f1-score": 0.0, "support": 1530}, "12": {"precision": 0.7752808988764045, "recall": 0.40828402366863903, "f1-score": 0.5348837209302325, "support": 169}, "13": {"precision": 0.3974358974358974, "recall": 0.5221052631578947, "f1-score": 0.45131938125568694, "support": 475}, "14": {"precision": 0.0, "recall": 0.0, "f1-score": 0.0, "support": 62}, "15": {"precision": 0.7142857142857143, "recall": 0.0039904229848363925, "f1-score": 0.007936507936507936, "support": 1253}, "16": {"precision": 0.0, "recall": 0.0, "f1-score": 0.0, "support": 122}, "17": {"precision": 0.0, "recall": 0.0, "f1-score": 0.0, "support": 605}, "18": {"precision": 0.25888324873096447, "recall": 0.75, "f1-score": 0.3849056603773585, "support": 204}, "19": {"precision": 0.21153846153846154, "recall": 0.1774193548387097, "f1-score": 0.1929824561403509, "support": 62}, "20": {"precision": 0.0, "recall": 0.0, "f1-score": 0.0, "support": 27}, "21": {"precision": 0.09094736842105264, "recall": 0.5524296675191815, "f1-score": 0.1561822125813449, "support": 391}, "22": {"precision": 0.028985507246376812, "recall": 0.018867924528301886, "f1-score": 0.022857142857142857, "support": 106}, "23": {"precision": 0.0, "recall": 0.0, "f1-score": 0.0, "support": 117}, "24": {"precision": 0.0, "recall": 0.0, "f1-score": 0.0, "support": 119}, "25": {"precision": 0.12903225806451613, "recall": 0.018604651162790697, "f1-score": 0.032520325203252036, "support": 215}, "26": {"precision": 0.2, "recall": 0.000550357732526142, "f1-score": 0.001097694840834248, "support": 1817}, "27": {"precision": 0.5454545454545454, "recall": 0.2222222222222222, "f1-score": 0.3157894736842105, "support": 27}, "28": {"precision": 0.6, "recall": 0.02857142857142857, "f1-score": 0.054545454545454536, "support": 105}, "29": {"precision": 0.3333333333333333, "recall": 0.029411764705882353, "f1-score": 0.05405405405405406, "support": 34}, "30": {"precision": 0.12844036697247707, "recall": 0.22580645161290322, "f1-score": 0.16374269005847952, "support": 62}, "31": {"precision": 0.0, "recall": 0.0, "f1-score": 0.0, "support": 35}, "32": {"precision": 0.06409431939978563, "recall": 0.6152263374485597, "f1-score": 0.11609396233741022, "support": 486}, "33": {"precision": 0.08275862068965517, "recall": 0.06, "f1-score": 0.06956521739130433, "support": 200}, "34": {"precision": 0.0, "recall": 0.0, "f1-score": 0.0, "support": 223}, "35": {"precision": 0.3333333333333333, "recall": 0.009708737864077669, "f1-score": 0.018867924528301886, "support": 103}, "36": {"precision": 0.0, "recall": 0.0, "f1-score": 0.0, "support": 414}, "37": {"precision": 0.0, "recall": 0.0, "f1-score": 0.0, "support": 18}, "38": {"precision": 1.0, "recall": 0.0009107468123861566, "f1-score": 0.0018198362147406734, "support": 1098}, "39": {"precision": 1.0, "recall": 0.025, "f1-score": 0.04878048780487806, "support": 40}, "40": {"precision": 0.0, "recall": 0.0, "f1-score": 0.0, "support": 279}, "41": {"precision": 0.09703888690688547, "recall": 0.512241054613936, "f1-score": 0.16316736652669467, "support": 1593}, "42": {"precision": 0.08675213675213675, "recall": 0.9340490797546013, "f1-score": 0.15875912408759124, "support": 652}, "43": {"precision": 0.4981834695731153, "recall": 0.9149291075896581, "f1-score": 0.6451043810643928, "support": 2398}, "44": {"precision": 0.04918032786885246, "recall": 0.03225806451612903, "f1-score": 0.03896103896103896, "support": 93}, "45": {"precision": 0.0, "recall": 0.0, "f1-score": 0.0, "support": 125}, "46": {"precision": 0.36885245901639346, "recall": 0.6521739130434783, "f1-score": 0.4712041884816754, "support": 69}, "47": {"precision": 0.2413793103448276, "recall": 0.12962962962962962, "f1-score": 0.1686746987951807, "support": 54}, "48": {"precision": 0.17006802721088435, "recall": 0.625, "f1-score": 0.26737967914438504, "support": 40}, "49": {"precision": 0.2204724409448819, "recall": 0.3181818181818182, "f1-score": 0.26046511627906976, "support": 88}, "50": {"precision": 0.0, "recall": 0.0, "f1-score": 0.0, "support": 71}, "51": {"precision": 0.0, "recall": 0.0, "f1-score": 0.0, "support": 42}, "52": {"precision": 0.9166666666666666, "recall": 0.15384615384615385, "f1-score": 0.2634730538922156, "support": 143}, "53": {"precision": 0.9529983792544571, "recall": 0.2803337306317044, "f1-score": 0.4332289556087678, "support": 4195}, "54": {"precision": 0.8041958041958042, "recall": 0.04805683242791475, "f1-score": 0.09069400630914827, "support": 2393}, "55": {"precision": 0.0, "recall": 0.0, "f1-score": 0.0, "support": 715}, "56": {"precision": 0.3425196850393701, "recall": 0.5506329113924051, "f1-score": 0.4223300970873786, "support": 158}, "57": {"precision": 0.15471311475409835, "recall": 0.4786053882725832, "f1-score": 0.2338366240805265, "support": 631}, "58": {"precision": 0.12210694333599362, "recall": 0.7183098591549296, "f1-score": 0.20873124147339703, "support": 213}, "59": {"precision": 1.0, "recall": 0.005917159763313609, "f1-score": 0.011764705882352941, "support": 338}, "60": {"precision": 0.0, "recall": 0.0, "f1-score": 0.0, "support": 52}, "61": {"precision": 0.0898876404494382, "recall": 0.0016481252575195715, "f1-score": 0.0032369006676107627, "support": 4854}, "62": {"precision": 0.6510030228084639, "recall": 0.9276856807205326, "f1-score": 0.7650985036064162, "support": 7661}, "63": {"precision": 0.5536892975011787, "recall": 0.6909104280041183, "f1-score": 0.6147353268337369, "support": 13598}, "64": {"precision": 0.032677378588192814, "recall": 0.8418604651162791, "f1-score": 0.06291275634341327, "support": 430}, "65": {"precision": 0.12740384615384615, "recall": 0.8983050847457628, "f1-score": 0.2231578947368421, "support": 236}, "66": {"precision": 0.0, "recall": 0.0, "f1-score": 0.0, "support": 49}, "67": {"precision": 0.0, "recall": 0.0, "f1-score": 0.0, "support": 102}, "68": {"precision": 0.6666666666666666, "recall": 0.4642857142857143, "f1-score": 0.5473684210526316, "support": 56}, "69": {"precision": 0.0, "recall": 0.0, "f1-score": 0.0, "support": 47}, "70": {"precision": 0.5, "recall": 0.05263157894736842, "f1-score": 0.09523809523809525, "support": 38}, "71": {"precision": 0.0, "recall": 0.0, "f1-score": 0.0, "support": 65}, "72": {"precision": 0.07142857142857142, "recall": 0.04390243902439024, "f1-score": 0.054380664652567974, "support": 205}, "73": {"precision": 0.1613995485327314, "recall": 0.9470198675496688, "f1-score": 0.2757955641272903, "support": 151}, "74": {"precision": 0.07975460122699386, "recall": 0.8666666666666667, "f1-score": 0.14606741573033707, "support": 105}, "75": {"precision": 0.4493333333333333, "recall": 0.930939226519337, "f1-score": 0.6061151079136691, "support": 1810},