{"0": {"precision": 0.05489510489510489, "recall": 0.2532258064516129, "f1-score": 0.09022988505747126, "support": 620}, "1": {"precision": 0.03383458646616541, "recall": 0.12475247524752475, "f1-score": 0.0532319391634981, "support": 505}, "2": {"precision": 0.007001166861143524, "recall": 0.2608695652173913, "f1-score": 0.013636363636363636, "support": 23}, "3": {"precision": 0.11501597444089456, "recall": 0.24, "f1-score": 0.15550755939524838, "support": 150}, "4": {"precision": 0.03365384615384615, "recall": 0.2916666666666667, "f1-score": 0.06034482758620689, "support": 24}, "5": {"precision": 0.06299212598425197, "recall": 0.04371584699453552, "f1-score": 0.05161290322580646, "support": 183}, "6": {"precision": 0.009070294784580499, "recall": 0.024539877300613498, "f1-score": 0.013245033112582781, "support": 163}, "7": {"precision": 0.6332046332046332, "recall": 0.5093167701863354, "f1-score": 0.5645438898450946, "support": 322}, "8": {"precision": 0.13411078717201166, "recall": 0.30666666666666664, "f1-score": 0.18661257606490872, "support": 450}, "9": {"precision": 0.04880952380952381, "recall": 0.5857142857142857, "f1-score": 0.09010989010989011, "support": 70}, "10": {"precision": 0.19584569732937684, "recall": 0.18282548476454294, "f1-score": 0.18911174785100285, "support": 361}, "11": {"precision": 0.42973523421588594, "recall": 0.2616243025418475, "f1-score": 0.32524084778420037, "support": 1613}, "12": {"precision": 0.6187845303867403, "recall": 0.8057553956834532, "f1-score": 0.7, "support": 139}, "13": {"precision": 0.03454231433506045, "recall": 0.045662100456621, "f1-score": 0.03933136676499509, "support": 438}, "14": {"precision": 0.13286713286713286, "recall": 0.4418604651162791, "f1-score": 0.20430107526881722, "support": 43}, "15": {"precision": 0.145979020979021, "recall": 0.13098039215686275, "f1-score": 0.13807358412567175, "support": 1275}, "16": {"precision": 0.012522361359570662, "recall": 0.11290322580645161, "f1-score": 0.02254428341384863, "support": 124}, "17": {"precision": 0.18926553672316385, "recall": 0.11336717428087986, "f1-score": 0.14179894179894179, "support": 591}, "18": {"precision": 0.028081123244929798, "recall": 0.07894736842105263, "f1-score": 0.04142692750287687, "support": 228}, "19": {"precision": 0.0021231422505307855, "recall": 0.0196078431372549, "f1-score": 0.0038314176245210726, "support": 51}, "20": {"precision": 0.026239067055393587, "recall": 0.45, "f1-score": 0.049586776859504134, "support": 20}, "21": {"precision": 0.01872340425531915, "recall": 0.05759162303664921, "f1-score": 0.028259473346178555, "support": 382}, "22": {"precision": 0.014787430683918669, "recall": 0.06956521739130435, "f1-score": 0.024390243902439025, "support": 115}, "23": {"precision": 0.07350901525658807, "recall": 0.38686131386861317, "f1-score": 0.12354312354312352, "support": 137}, "24": {"precision": 0.008670520231213872, "recall": 0.056074766355140186, "f1-score": 0.01501877346683354, "support": 107}, "25": {"precision": 0.14285714285714285, "recall": 0.2644230769230769, "f1-score": 0.18549747048903878, "support": 208}, "26": {"precision": 0.19343065693430658, "recall": 0.06033010813887308, "f1-score": 0.09197396963123644, "support": 1757}, "27": {"precision": 0.009036144578313253, "recall": 0.13043478260869565, "f1-score": 0.016901408450704224, "support": 23}, "28": {"precision": 0.05656108597285068, "recall": 0.2, "f1-score": 0.08818342151675485, "support": 125}, "29": {"precision": 0.05, "recall": 0.4642857142857143, "f1-score": 0.09027777777777778, "support": 28}, "30": {"precision": 0.0110803324099723, "recall": 0.05714285714285714, "f1-score": 0.018561484918793503, "support": 70}, "31": {"precision": 0.034210526315789476, "recall": 0.52, "f1-score": 0.06419753086419754, "support": 25}, "32": {"precision": 0.0430161943319838, "recall": 0.17745302713987474, "f1-score": 0.06924643584521384, "support": 479}, "33": {"precision": 0.07494407158836688, "recall": 0.37640449438202245, "f1-score": 0.125, "support": 178}, "34": {"precision": 0.042483660130718956, "recall": 0.11818181818181818, "f1-score": 0.0625, "support": 220}, "35": {"precision": 0.2619047619047619, "recall": 0.3113207547169811, "f1-score": 0.28448275862068967, "support": 106}, "36": {"precision": 0.26504065040650404, "recall": 0.37906976744186044, "f1-score": 0.3119617224880382, "support": 430}, "37": {"precision": 0.023094688221709007, "recall": 0.47619047619047616, "f1-score": 0.04405286343612334, "support": 21}, "38": {"precision": 0.11626429479034307, "recall": 0.34014869888475835, "f1-score": 0.17329545454545456, "support": 1076}, "39": {"precision": 0.011936339522546418, "recall": 0.19148936170212766, "f1-score": 0.02247191011235955, "support": 47}, "40": {"precision": 0.015103338632750398, "recall": 0.06462585034013606, "f1-score": 0.024484536082474227, "support": 294}, "41": {"precision": 0.11448275862068966, "recall": 0.051425030978934326, "f1-score": 0.07097050021376657, "support": 1614}, "42": {"precision": 0.034394904458598725, "recall": 0.07714285714285714, "f1-score": 0.04757709251101321, "support": 700}, "43": {"precision": 0.21273885350318472, "recall": 0.06872427983539095, "f1-score": 0.10388802488335927, "support": 2430}, "44": {"precision": 0.1527777777777778, "recall": 0.3707865168539326, "f1-score": 0.21639344262295082, "support": 89}, "45": {"precision": 0.11428571428571428, "recall": 0.5625, "f1-score": 0.18997361477572555, "support": 128}, "46": {"precision": 0.014925373134328358, "recall": 0.08620689655172414, "f1-score": 0.02544529262086514, "support": 58}, "47": {"precision": 0.03426791277258567, "recall": 0.2391304347826087, "f1-score": 0.05994550408719346, "support": 46}, "48": {"precision": 0.011126564673157162, "recall": 0.3902439024390244, "f1-score": 0.021636240703177823, "support": 41}, "49": {"precision": 0.030825022665457842, "recall": 0.38202247191011235, "f1-score": 0.057046979865771806, "support": 89}, "50": {"precision": 0.11155378486055777, "recall": 0.4117647058823529, "f1-score": 0.1755485893416928, "support": 68}, "51": {"precision": 0.005836575875486381, "recall": 0.20930232558139536, "f1-score": 0.011356466876971609, "support": 43}, "52": {"precision": 0.2185089974293059, "recall": 0.53125, "f1-score": 0.30965391621129323, "support": 160}, "53": {"precision": 0.9101214574898785, "recall": 0.5259709873654657, "f1-score": 0.6666666666666667, "support": 4274}, "54": {"precision": 0.10352588147036759, "recall": 0.05869842620161633, "f1-score": 0.0749185667752443, "support": 2351}, "55": {"precision": 0.030518819938962362, "recall": 0.04285714285714286, "f1-score": 0.035650623885918005, "support": 700}, "56": {"precision": 0.3136792452830189, "recall": 0.7556818181818182, "f1-score": 0.4433333333333333, "support": 176}, "57": {"precision": 0.04329004329004329, "recall": 0.347682119205298, "f1-score": 0.076993583868011, "support": 604}, "58": {"precision": 0.6290909090909091, "recall": 0.8009259259259259, "f1-score": 0.704684317718941, "support": 216}, "59": {"precision": 0.21282798833819241, "recall": 0.218562874251497, "f1-score": 0.21565731166912852, "support": 334}, "60": {"precision": 0.009943181818181818, "recall": 0.175, "f1-score": 0.01881720430107527, "support": 40}, "61": {"precision": 0.10668467251856853, "recall": 0.06433224755700326, "f1-score": 0.08026416052832105, "support": 4912}, "62": {"precision": 0.7083866018920992, "recall": 0.7204524769210766, "f1-score": 0.7143685940823825, "support": 7691}, "63": {"precision": 0.4486345903771131, "recall": 0.10153031194820483, "f1-score": 0.16558675305975526, "support": 13592}, "64": {"precision": 0.05064063453325198, "recall": 0.1925754060324826, "f1-score": 0.08019323671497584, "support": 431}, "65": {"precision": 0.18792866941015088, "recall": 0.7696629213483146, "f1-score": 0.30209481808158767, "support": 178}, "66": {"precision": 0.048672566371681415, "recall": 0.3333333333333333, "f1-score": 0.08494208494208494, "support": 33},