{"0": {"precision": 0.12372881355932204, "recall": 0.8189102564102564, "f1-score": 0.2149768615902398, "support": 624}, "1": {"precision": 0.17155266015200868, "recall": 0.3185483870967742, "f1-score": 0.2230063514467184, "support": 496}, "2": {"precision": 0.026252983293556086, "recall": 0.4782608695652174, "f1-score": 0.0497737556561086, "support": 23}, "3": {"precision": 0.5, "recall": 0.006289308176100629, "f1-score": 0.012422360248447206, "support": 159}, "4": {"precision": 0.2318840579710145, "recall": 0.8888888888888888, "f1-score": 0.36781609195402304, "support": 18}, "5": {"precision": 0.23086574654956085, "recall": 0.92, "f1-score": 0.36910732196589774, "support": 200}, "6": {"precision": 0.7205882352941176, "recall": 0.5975609756097561, "f1-score": 0.6533333333333333, "support": 164}, "7": {"precision": 0.6081871345029239, "recall": 0.9842271293375394, "f1-score": 0.7518072289156625, "support": 317}, "8": {"precision": 0.6114864864864865, "recall": 0.3978021978021978, "f1-score": 0.48202396804260983, "support": 455}, "9": {"precision": 0.10420841683366733, "recall": 0.8253968253968254, "f1-score": 0.18505338078291814, "support": 63}, "10": {"precision": 0.04707233065442021, "recall": 0.4619718309859155, "f1-score": 0.08543891638447512, "support": 355}, "11": {"precision": 0.06557377049180328, "recall": 0.002585649644473174, "f1-score": 0.004975124378109453, "support": 1547}, "12": {"precision": 0.8193548387096774, "recall": 0.79375, "f1-score": 0.8063492063492063, "support": 160}, "13": {"precision": 0.38898756660746003, "recall": 0.4699570815450644, "f1-score": 0.42565597667638483, "support": 466}, "14": {"precision": 0.10344827586206896, "recall": 0.05357142857142857, "f1-score": 0.07058823529411765, "support": 56}, "15": {"precision": 0.8419243986254296, "recall": 0.1893353941267388, "f1-score": 0.30914826498422715, "support": 1294}, "16": {"precision": 0.0, "recall": 0.0, "f1-score": 0.0, "support": 124}, "17": {"precision": 0.4166666666666667, "recall": 0.025423728813559324, "f1-score": 0.047923322683706075, "support": 590}, "18": {"precision": 0.28499156829679595, "recall": 0.7824074074074074, "f1-score": 0.41779975278121134, "support": 216}, "19": {"precision": 0.47058823529411764, "recall": 0.26229508196721313, "f1-score": 0.33684210526315794, "support": 61}, "20": {"precision": 0.16666666666666666, "recall": 0.04, "f1-score": 0.06451612903225806, "support": 25}, "21": {"precision": 0.08065086664308455, "recall": 0.5507246376811594, "f1-score": 0.14069731564331997, "support": 414}, "22": {"precision": 0.12658227848101267, "recall": 0.1652892561983471, "f1-score": 0.14336917562724014, "support": 121}, "23": {"precision": 0.7466666666666667, "recall": 0.38620689655172413, "f1-score": 0.5090909090909091, "support": 145}, "24": {"precision": 0.3125, "recall": 0.04032258064516129, "f1-score": 0.07142857142857142, "support": 124}, "25": {"precision": 0.6486486486486487, "recall": 0.2513089005235602, "f1-score": 0.3622641509433962, "support": 191}, "26": {"precision": 0.7974683544303798, "recall": 0.0677055346587856, "f1-score": 0.12481426448736999, "support": 1861}, "27": {"precision": 0.10909090909090909, "recall": 0.2857142857142857, "f1-score": 0.15789473684210525, "support": 21}, "28": {"precision": 0.19444444444444445, "recall": 0.056910569105691054, "f1-score": 0.0880503144654088, "support": 123}, "29": {"precision": 0.5625, "recall": 0.23684210526315788, "f1-score": 0.3333333333333333, "support": 38}, "30": {"precision": 0.38461538461538464, "recall": 0.30303030303030304, "f1-score": 0.3389830508474576, "support": 66}, "31": {"precision": 0.6818181818181818, "recall": 0.45454545454545453, "f1-score": 0.5454545454545454, "support": 33}, "32": {"precision": 0.07465079001602931, "recall": 0.649402390438247, "f1-score": 0.1339084000821524, "support": 502}, "33": {"precision": 0.34177215189873417, "recall": 0.13366336633663367, "f1-score": 0.1921708185053381, "support": 202}, "34": {"precision": 0.2, "recall": 0.0041841004184100415, "f1-score": 0.008196721311475409, "support": 239}, "35": {"precision": 0.78125, "recall": 0.22935779816513763, "f1-score": 0.3546099290780142, "support": 109}, "36": {"precision": 0.7, "recall": 0.019498607242339833, "f1-score": 0.037940379403794036, "support": 359}, "37": {"precision": 0.16666666666666666, "recall": 0.047619047619047616, "f1-score": 0.07407407407407407, "support": 21}, "38": {"precision": 0.96875, "recall": 0.0283363802559415, "f1-score": 0.05506216696269982, "support": 1094}, "39": {"precision": 0.5, "recall": 0.06382978723404255, "f1-score": 0.11320754716981131, "support": 47}, "40": {"precision": 0.0, "recall": 0.0, "f1-score": 0.0, "support": 322}, "41": {"precision": 0.11195795006570303, "recall": 0.5252774352651048, "f1-score": 0.18457538994800693, "support": 1622}, "42": {"precision": 0.1021671826625387, "recall": 0.9230769230769231, "f1-score": 0.18397212543554006, "support": 715}, "43": {"precision": 0.5422020660115898, "recall": 0.9026845637583892, "f1-score": 0.6774752085628836, "support": 2384}, "44": {"precision": 0.5238095238095238, "recall": 0.14285714285714285, "f1-score": 0.22448979591836732, "support": 77}, "45": {"precision": 0.2440944881889764, "recall": 0.5166666666666667, "f1-score": 0.3315508021390375, "support": 120}, "46": {"precision": 0.6065573770491803, "recall": 0.7254901960784313, "f1-score": 0.6607142857142857, "support": 51}, "47": {"precision": 0.21052631578947367, "recall": 0.23529411764705882, "f1-score": 0.2222222222222222, "support": 34}, "48": {"precision": 0.22115384615384615, "recall": 0.6764705882352942, "f1-score": 0.3333333333333333, "support": 34}, "49": {"precision": 0.20540540540540542, "recall": 0.4222222222222222, "f1-score": 0.27636363636363637, "support": 90}, "50": {"precision": 0.47368421052631576, "recall": 0.3253012048192771, "f1-score": 0.3857142857142857, "support": 83}, "51": {"precision": 0.5, "recall": 0.023809523809523808, "f1-score": 0.04545454545454545, "support": 42}, "52": {"precision": 0.5157894736842106, "recall": 0.3333333333333333, "f1-score": 0.40495867768595045, "support": 147}, "53": {"precision": 0.9779270633397313, "recall": 0.48790998324156093, "f1-score": 0.6510142149816324, "support": 4177}, "54": {"precision": 0.1794871794871795, "recall": 0.0030303030303030303, "f1-score": 0.005959982971477225, "support": 2310}, "55": {"precision": 0.05263157894736842, "recall": 0.002902757619738752, "f1-score": 0.005502063273727648, "support": 689}, "56": {"precision": 0.3058161350844278, "recall": 0.8810810810810811, "f1-score": 0.45403899721448465, "support": 185}, "57": {"precision": 0.22035087719298246, "recall": 0.49920508744038156, "f1-score": 0.3057448880233691, "support": 629}, "58": {"precision": 0.1607717041800643, "recall": 0.9090909090909091, "f1-score": 0.27322404371584696, "support": 220}, "59": {"precision": 0.9166666666666666, "recall": 0.2565597667638484, "f1-score": 0.4009111617312073, "support": 343}, "60": {"precision": 0.45454545454545453, "recall": 0.35714285714285715, "f1-score": 0.4, "support": 42}, "61": {"precision": 0.20689655172413793, "recall": 0.002513089005235602, "f1-score": 0.0049658597144630655, "support": 4775}, "62": {"precision": 0.6790814357390969, "recall": 0.9233796903699817, "f1-score": 0.782608695652174, "support": 7622}, "63": {"precision": 0.5766306027820711, "recall": 0.6874262971698113, "f1-score": 0.6271727801499513, "support": 13568}, "64": {"precision": 0.033597403836976236, "recall": 0.8110599078341014, "f1-score": 0.06452204197598754, "support": 434}, "65": {"precision": 0.12745869394177814, "recall": 0.8181818181818182, "f1-score": 0.22055820285908787, "support": 198}, "66": {"precision": 0.0, "recall": 0.0, "f1-score": 0.0, "support": 47}, "67": {"precision": 0.55, "recall": 0.10679611650485436, "f1-score": 0.17886178861788618, "support": 103}, "68": {"precision": 0.31683168316831684, "recall": 0.5714285714285714, "f1-score": 0.4076433121019108, "support": 56},