{"0": {"precision": 0.015946843853820596, "recall": 0.04452690166975881, "f1-score": 0.023483365949119372, "support": 539}, "1": {"precision": 0.010908228598529761, "recall": 0.09978308026030369, "f1-score": 0.01966652415562206, "support": 461}, "2": {"precision": 0.0040650406504065045, "recall": 0.1, "f1-score": 0.007812500000000002, "support": 20}, "3": {"precision": 0.02127659574468085, "recall": 0.14193548387096774, "f1-score": 0.03700588730025231, "support": 155}, "4": {"precision": 0.00816326530612245, "recall": 0.08333333333333333, "f1-score": 0.014869888475836434, "support": 24}, "5": {"precision": 0.0, "recall": 0.0, "f1-score": 0.0, "support": 202}, "6": {"precision": 0.012605042016806723, "recall": 0.1111111111111111, "f1-score": 0.022641509433962266, "support": 162}, "7": {"precision": 0.4677871148459384, "recall": 0.5060606060606061, "f1-score": 0.48617176128093165, "support": 330}, "8": {"precision": 0.07824331145885917, "recall": 0.33695652173913043, "f1-score": 0.12699713232281853, "support": 460}, "9": {"precision": 0.006381620931716656, "recall": 0.1694915254237288, "f1-score": 0.012300123001230014, "support": 59}, "10": {"precision": 0.08333333333333333, "recall": 0.05714285714285714, "f1-score": 0.06779661016949153, "support": 350}, "11": {"precision": 0.17252396166134185, "recall": 0.03389830508474576, "f1-score": 0.056663168940188885, "support": 1593}, "12": {"precision": 0.22627737226277372, "recall": 0.42758620689655175, "f1-score": 0.29594272076372313, "support": 145}, "13": {"precision": 0.004461221688400824, "recall": 0.05726872246696035, "f1-score": 0.00827761859280484, "support": 454}, "14": {"precision": 0.0024691358024691358, "recall": 0.013888888888888888, "f1-score": 0.004192872117400419, "support": 72}, "15": {"precision": 0.06963494408102976, "recall": 0.25943396226415094, "f1-score": 0.10979870237897188, "support": 1272}, "16": {"precision": 0.00608695652173913, "recall": 0.051470588235294115, "f1-score": 0.01088646967340591, "support": 136}, "17": {"precision": 0.03735144312393888, "recall": 0.03754266211604096, "f1-score": 0.0374468085106383, "support": 586}, "18": {"precision": 0.005813953488372093, "recall": 0.025974025974025976, "f1-score": 0.009501187648456056, "support": 231}, "19": {"precision": 0.0, "recall": 0.0, "f1-score": 0.0, "support": 54}, "20": {"precision": 0.023255813953488372, "recall": 0.25, "f1-score": 0.0425531914893617, "support": 24}, "21": {"precision": 0.014319809069212411, "recall": 0.014319809069212411, "f1-score": 0.014319809069212411, "support": 419}, "22": {"precision": 0.005172413793103448, "recall": 0.056074766355140186, "f1-score": 0.00947119179163378, "support": 107}, "23": {"precision": 0.051633298208640675, "recall": 0.3684210526315789, "f1-score": 0.09057301293900186, "support": 133}, "24": {"precision": 0.006031363088057901, "recall": 0.0390625, "f1-score": 0.01044932079414838, "support": 128}, "25": {"precision": 0.05747126436781609, "recall": 0.049019607843137254, "f1-score": 0.05291005291005291, "support": 204}, "26": {"precision": 0.021739130434782608, "recall": 0.0033519553072625698, "f1-score": 0.005808325266214907, "support": 1790}, "27": {"precision": 0.007653061224489796, "recall": 0.15, "f1-score": 0.014563106796116504, "support": 20}, "28": {"precision": 0.0, "recall": 0.0, "f1-score": 0.0, "support": 126}, "29": {"precision": 0.006389776357827476, "recall": 0.11428571428571428, "f1-score": 0.012102874432677761, "support": 35}, "30": {"precision": 0.0, "recall": 0.0, "f1-score": 0.0, "support": 65}, "31": {"precision": 0.0, "recall": 0.0, "f1-score": 0.0, "support": 27}, "32": {"precision": 0.02270515731430425, "recall": 0.14553014553014554, "f1-score": 0.03928170594837262, "support": 481}, "33": {"precision": 0.0486322188449848, "recall": 0.21428571428571427, "f1-score": 0.07927332782824113, "support": 224}, "34": {"precision": 0.005089058524173028, "recall": 0.01932367149758454, "f1-score": 0.008056394763343404, "support": 207}, "35": {"precision": 0.009900990099009901, "recall": 0.01, "f1-score": 0.009950248756218905, "support": 100}, "36": {"precision": 0.013671875, "recall": 0.07235142118863049, "f1-score": 0.02299794661190965, "support": 387}, "37": {"precision": 0.0, "recall": 0.0, "f1-score": 0.0, "support": 14}, "38": {"precision": 0.09433962264150944, "recall": 0.26003649635036497, "f1-score": 0.13845032790867137, "support": 1096}, "39": {"precision": 0.001321003963011889, "recall": 0.024390243902439025, "f1-score": 0.002506265664160401, "support": 41}, "40": {"precision": 0.0064034151547491995, "recall": 0.02158273381294964, "f1-score": 0.009876543209876545, "support": 278}, "41": {"precision": 0.04345772319319792, "recall": 0.11485642946317104, "f1-score": 0.06305688827964359, "support": 1602}, "42": {"precision": 0.016736401673640166, "recall": 0.02185792349726776, "f1-score": 0.018957345971563982, "support": 732}, "43": {"precision": 0.03829787234042553, "recall": 0.00783630822812364, "f1-score": 0.013010480664980123, "support": 2297}, "44": {"precision": 0.045454545454545456, "recall": 0.2112676056338028, "f1-score": 0.07481296758104738, "support": 71}, "45": {"precision": 0.009615384615384616, "recall": 0.049586776859504134, "f1-score": 0.016107382550335572, "support": 121}, "46": {"precision": 0.005161290322580645, "recall": 0.07142857142857142, "f1-score": 0.009626955475330927, "support": 56}, "47": {"precision": 0.0, "recall": 0.0, "f1-score": 0.0, "support": 37}, "48": {"precision": 0.002834199338686821, "recall": 0.13636363636363635, "f1-score": 0.005552984729291995, "support": 44}, "49": {"precision": 0.005551926845199217, "recall": 0.1619047619047619, "f1-score": 0.0107357120303126, "support": 105}, "50": {"precision": 0.006423982869379015, "recall": 0.13043478260869565, "f1-score": 0.012244897959183675, "support": 69}, "51": {"precision": 0.0008718395815170009, "recall": 0.025, "f1-score": 0.0016849199663016008, "support": 40}, "52": {"precision": 0.06837606837606838, "recall": 0.043010752688172046, "f1-score": 0.05280528052805281, "support": 186}, "53": {"precision": 0.3366174055829228, "recall": 0.04868202327238186, "f1-score": 0.08506224066390042, "support": 4211}, "54": {"precision": 0.1468459152016546, "recall": 0.05966386554621849, "f1-score": 0.08485210636390798, "support": 2380}, "55": {"precision": 0.0725261216963737, "recall": 0.17052023121387283, "f1-score": 0.10176800344976283, "support": 692}, "56": {"precision": 0.0958904109589041, "recall": 0.43258426966292135, "f1-score": 0.1569826707441386, "support": 178}, "57": {"precision": 0.018724400234055003, "recall": 0.052545155993431854, "f1-score": 0.027610008628127694, "support": 609}, "58": {"precision": 0.21739130434782608, "recall": 0.24553571428571427, "f1-score": 0.23060796645702303, "support": 224}, "59": {"precision": 0.09553158705701079, "recall": 0.16986301369863013, "f1-score": 0.12228796844181458, "support": 365}, "60": {"precision": 0.0, "recall": 0.0, "f1-score": 0.0, "support": 42}, "61": {"precision": 0.044915782907049284, "recall": 0.01519307870858831, "f1-score": 0.02270577105014191, "support": 4739}, "62": {"precision": 0.6932865291794647, "recall": 0.41296393099843176, "f1-score": 0.5176085176085176, "support": 7652}, "63": {"precision": 0.27851458885941643, "recall": 0.00766199649737303, "f1-score": 0.014913713514665153, "support": 13704}, "64": {"precision": 0.052346570397111915, "recall": 0.13151927437641722, "f1-score": 0.07488702388637831, "support": 441}, "65": {"precision": 0.05794871794871795, "recall": 0.6042780748663101, "f1-score": 0.10575573233504915, "support": 187}, "66": {"precision": 0.029315960912052116, "recall": 0.21951219512195122, "f1-score": 0.05172413793103449, "support": 41}, "67": {"precision": 0.028089887640449437, "recall": 0.09803921568627451, "f1-score": 0.043668122270742356, "support": 102}, "68": {"precision": 0.0015479876160990713, "recall": 0.07547169811320754, "f1-score": 0.003033750474023512, "support": 53},