{"0": {"precision": 0.7, "recall": 1.0, "f1-score": 0.8235294117647058, "support": 7}, "4": {"precision": 0.0, "recall": 0.0, "f1-score": 0.0, "support": 0}, "6": {"precision": 0.0, "recall": 0.0, "f1-score": 0.0, "support": 0}, "11": {"precision": 0.7272727272727273, "recall": 0.8888888888888888, "f1-score": 0.7999999999999999, "support": 9}, "12": {"precision": 0.7647058823529411, "recall": 0.8125, "f1-score": 0.787878787878788, "support": 16}, "13": {"precision": 1.0, "recall": 0.125, "f1-score": 0.2222222222222222, "support": 8}, "14": {"precision": 0.0, "recall": 0.0, "f1-score": 0.0, "support": 0}, "16": {"precision": 0.7391304347826086, "recall": 0.4857142857142857, "f1-score": 0.5862068965517241, "support": 35}, "19": {"precision": 0.0, "recall": 0.0, "f1-score": 0.0, "support": 0}, "21": {"precision": 0.0, "recall": 0.0, "f1-score": 0.0, "support": 0}, "22": {"precision": 1.0, "recall": 1.0, "f1-score": 1.0, "support": 10}, "23": {"precision": 1.0, "recall": 1.0, "f1-score": 1.0, "support": 2}, "27": {"precision": 1.0, "recall": 1.0, "f1-score": 1.0, "support": 1}, "29": {"precision": 0.5172413793103449, "recall": 1.0, "f1-score": 0.6818181818181819, "support": 15}, "31": {"precision": 0.6666666666666666, "recall": 0.6666666666666666, "f1-score": 0.6666666666666666, "support": 3}, "34": {"precision": 0.0, "recall": 0.0, "f1-score": 0.0, "support": 0}, "36": {"precision": 0.0, "recall": 0.0, "f1-score": 0.0, "support": 1}, "37": {"precision": 0.8, "recall": 1.0, "f1-score": 0.888888888888889, "support": 4}, "40": {"precision": 0.0, "recall": 0.0, "f1-score": 0.0, "support": 0}, "43": {"precision": 0.0, "recall": 0.0, "f1-score": 0.0, "support": 0}, "44": {"precision": 0.6666666666666666, "recall": 0.3333333333333333, "f1-score": 0.4444444444444444, "support": 6}, "46": {"precision": 0.9038461538461539, "recall": 0.7833333333333333, "f1-score": 0.8392857142857143, "support": 60}, "49": {"precision": 1.0, "recall": 0.5, "f1-score": 0.6666666666666666, "support": 2}, "51": {"precision": 0.0, "recall": 0.0, "f1-score": 0.0, "support": 2}, "56": {"precision": 1.0, "recall": 1.0, "f1-score": 1.0, "support": 3}, "59": {"precision": 0.5, "recall": 0.3333333333333333, "f1-score": 0.4, "support": 3}, "61": {"precision": 0.0, "recall": 0.0, "f1-score": 0.0, "support": 1}, "62": {"precision": 0.2, "recall": 0.75, "f1-score": 0.31578947368421056, "support": 4}, "65": {"precision": 0.0, "recall": 0.0, "f1-score": 0.0, "support": 0}, "67": {"precision": 0.0, "recall": 0.0, "f1-score": 0.0, "support": 1}, "70": {"precision": 0.5454545454545454, "recall": 0.8571428571428571, "f1-score": 0.6666666666666665, "support": 14}, "71": {"precision": 1.0, "recall": 0.5, "f1-score": 0.6666666666666666, "support": 2}, "73": {"precision": 1.0, "recall": 0.875, "f1-score": 0.9333333333333333, "support": 16}, "74": {"precision": 1.0, "recall": 1.0, "f1-score": 1.0, "support": 15}, "75": {"precision": 0.5714285714285714, "recall": 0.17391304347826086, "f1-score": 0.26666666666666666, "support": 23}, "77": {"precision": 0.9473684210526315, "recall": 0.8181818181818182, "f1-score": 0.8780487804878049, "support": 22}, "accuracy": 0.7052631578947368, "macro avg": {"precision": 0.5069383735787183, "recall": 0.4695279877797993, "f1-score": 0.4592994296859264, "support": 285}, "weighted avg": {"precision": 0.7847755433098105, "recall": 0.7052631578947368, "f1-score": 0.7105941094185076, "support": 285}}