{"0": {"precision": 0.3076923076923077, "recall": 1.0, "f1-score": 0.47058823529411764, "support": 4}, "4": {"precision": 0.0, "recall": 0.0, "f1-score": 0.0, "support": 0}, "11": {"precision": 0.6666666666666666, "recall": 1.0, "f1-score": 0.8, "support": 6}, "12": {"precision": 0.8823529411764706, "recall": 0.7894736842105263, "f1-score": 0.8333333333333333, "support": 19}, "13": {"precision": 0.6666666666666666, "recall": 0.2222222222222222, "f1-score": 0.3333333333333333, "support": 9}, "16": {"precision": 0.8076923076923077, "recall": 0.5121951219512195, "f1-score": 0.6268656716417911, "support": 41}, "17": {"precision": 0.0, "recall": 0.0, "f1-score": 0.0, "support": 0}, "22": {"precision": 0.7, "recall": 0.875, "f1-score": 0.7777777777777777, "support": 8}, "23": {"precision": 1.0, "recall": 1.0, "f1-score": 1.0, "support": 2}, "27": {"precision": 0.3333333333333333, "recall": 1.0, "f1-score": 0.5, "support": 1}, "29": {"precision": 0.3142857142857143, "recall": 0.7333333333333333, "f1-score": 0.44, "support": 15}, "31": {"precision": 1.0, "recall": 0.5, "f1-score": 0.6666666666666666, "support": 6}, "36": {"precision": 0.25, "recall": 0.5, "f1-score": 0.3333333333333333, "support": 2}, "37": {"precision": 1.0, "recall": 1.0, "f1-score": 1.0, "support": 1}, "43": {"precision": 0.75, "recall": 1.0, "f1-score": 0.8571428571428571, "support": 3}, "44": {"precision": 0.5, "recall": 0.5, "f1-score": 0.5, "support": 6}, "46": {"precision": 0.95, "recall": 0.3114754098360656, "f1-score": 0.46913580246913583, "support": 61}, "49": {"precision": 0.4, "recall": 0.6666666666666666, "f1-score": 0.5, "support": 3}, "51": {"precision": 0.07692307692307693, "recall": 1.0, "f1-score": 0.14285714285714288, "support": 1}, "53": {"precision": 1.0, "recall": 1.0, "f1-score": 1.0, "support": 2}, "56": {"precision": 1.0, "recall": 1.0, "f1-score": 1.0, "support": 1}, "59": {"precision": 0.5, "recall": 0.5, "f1-score": 0.5, "support": 2}, "60": {"precision": 0.0, "recall": 0.0, "f1-score": 0.0, "support": 0}, "62": {"precision": 0.2222222222222222, "recall": 0.6666666666666666, "f1-score": 0.3333333333333333, "support": 3}, "65": {"precision": 0.0, "recall": 0.0, "f1-score": 0.0, "support": 0}, "67": {"precision": 0.0, "recall": 0.0, "f1-score": 0.0, "support": 1}, "68": {"precision": 1.0, "recall": 1.0, "f1-score": 1.0, "support": 1}, "70": {"precision": 0.8095238095238095, "recall": 0.9444444444444444, "f1-score": 0.8717948717948718, "support": 18}, "71": {"precision": 1.0, "recall": 1.0, "f1-score": 1.0, "support": 1}, "73": {"precision": 0.9444444444444444, "recall": 1.0, "f1-score": 0.9714285714285714, "support": 17}, "74": {"precision": 1.0, "recall": 1.0, "f1-score": 1.0, "support": 12}, "75": {"precision": 0.75, "recall": 0.6428571428571429, "f1-score": 0.6923076923076924, "support": 28}, "77": {"precision": 0.9166666666666666, "recall": 1.0, "f1-score": 0.9565217391304348, "support": 11}, "accuracy": 0.6491228070175439, "macro avg": {"precision": 0.5984384896149603, "recall": 0.6777071118844935, "f1-score": 0.59322485944983, "support": 285}, "weighted avg": {"precision": 0.7933767929123967, "recall": 0.6491228070175439, "f1-score": 0.6636862641658199, "support": 285}}