{"0": {"precision": 0.037077725899478164, "recall": 0.2504638218923933, "f1-score": 0.0645933014354067, "support": 539}, "1": {"precision": 0.04113924050632911, "recall": 0.11279826464208242, "f1-score": 0.06028985507246377, "support": 461}, "2": {"precision": 0.012195121951219513, "recall": 0.3, "f1-score": 0.0234375, "support": 20}, "3": {"precision": 0.06559766763848396, "recall": 0.2903225806451613, "f1-score": 0.1070154577883472, "support": 155}, "4": {"precision": 0.04189944134078212, "recall": 0.625, "f1-score": 0.07853403141361255, "support": 24}, "5": {"precision": 0.0199203187250996, "recall": 0.024752475247524754, "f1-score": 0.022075055187637967, "support": 202}, "6": {"precision": 0.05790645879732739, "recall": 0.16049382716049382, "f1-score": 0.0851063829787234, "support": 162}, "7": {"precision": 0.5786924939467313, "recall": 0.7242424242424242, "f1-score": 0.6433378196500673, "support": 330}, "8": {"precision": 0.18375, "recall": 0.31956521739130433, "f1-score": 0.2333333333333333, "support": 460}, "9": {"precision": 0.01639344262295082, "recall": 0.4576271186440678, "f1-score": 0.03165298944900352, "support": 59}, "10": {"precision": 0.18980169971671387, "recall": 0.19142857142857142, "f1-score": 0.1906116642958748, "support": 350}, "11": {"precision": 0.35357917570498915, "recall": 0.20464532328939108, "f1-score": 0.25924453280318094, "support": 1593}, "12": {"precision": 0.6554054054054054, "recall": 0.6689655172413793, "f1-score": 0.6621160409556314, "support": 145}, "13": {"precision": 0.03270440251572327, "recall": 0.1145374449339207, "f1-score": 0.05088062622309198, "support": 454}, "14": {"precision": 0.11764705882352941, "recall": 0.3611111111111111, "f1-score": 0.17747440273037546, "support": 72}, "15": {"precision": 0.24391385767790263, "recall": 0.40959119496855345, "f1-score": 0.3057511737089202, "support": 1272}, "16": {"precision": 0.00816326530612245, "recall": 0.04411764705882353, "f1-score": 0.013777267508610792, "support": 136}, "17": {"precision": 0.07954545454545454, "recall": 0.059726962457337884, "f1-score": 0.06822612085769982, "support": 586}, "18": {"precision": 0.014268727705112961, "recall": 0.05194805194805195, "f1-score": 0.022388059701492536, "support": 231}, "19": {"precision": 0.007042253521126761, "recall": 0.05555555555555555, "f1-score": 0.0125, "support": 54}, "20": {"precision": 0.06666666666666667, "recall": 0.2916666666666667, "f1-score": 0.10852713178294573, "support": 24}, "21": {"precision": 0.021065675340768277, "recall": 0.0405727923627685, "f1-score": 0.02773246329526917, "support": 419}, "22": {"precision": 0.011065006915629323, "recall": 0.07476635514018691, "f1-score": 0.01927710843373494, "support": 107}, "23": {"precision": 0.04472573839662447, "recall": 0.39849624060150374, "f1-score": 0.0804248861911988, "support": 133}, "24": {"precision": 0.015432098765432098, "recall": 0.078125, "f1-score": 0.02577319587628866, "support": 128}, "25": {"precision": 0.2549019607843137, "recall": 0.38235294117647056, "f1-score": 0.30588235294117644, "support": 204}, "26": {"precision": 0.09106529209621993, "recall": 0.029608938547486034, "f1-score": 0.04468802698145025, "support": 1790}, "27": {"precision": 0.009302325581395349, "recall": 0.3, "f1-score": 0.01804511278195489, "support": 20}, "28": {"precision": 0.0026246719160104987, "recall": 0.015873015873015872, "f1-score": 0.0045045045045045045, "support": 126}, "29": {"precision": 0.0410958904109589, "recall": 0.5142857142857142, "f1-score": 0.07610993657505286, "support": 35}, "30": {"precision": 0.061224489795918366, "recall": 0.046153846153846156, "f1-score": 0.052631578947368425, "support": 65}, "31": {"precision": 0.03519061583577713, "recall": 0.4444444444444444, "f1-score": 0.06521739130434782, "support": 27}, "32": {"precision": 0.038573206138531727, "recall": 0.19334719334719336, "f1-score": 0.06431535269709544, "support": 481}, "33": {"precision": 0.0728051391862955, "recall": 0.45535714285714285, "f1-score": 0.12553846153846152, "support": 224}, "34": {"precision": 0.05415162454873646, "recall": 0.14492753623188406, "f1-score": 0.07884362680683311, "support": 207}, "35": {"precision": 0.3888888888888889, "recall": 0.35, "f1-score": 0.36842105263157887, "support": 100}, "36": {"precision": 0.08687381103360811, "recall": 0.35400516795865633, "f1-score": 0.13951120162932787, "support": 387}, "37": {"precision": 0.03773584905660377, "recall": 0.2857142857142857, "f1-score": 0.06666666666666667, "support": 14}, "38": {"precision": 0.20930232558139536, "recall": 0.4023722627737226, "f1-score": 0.2753668435841399, "support": 1096}, "39": {"precision": 0.02009273570324575, "recall": 0.3170731707317073, "f1-score": 0.0377906976744186, "support": 41}, "40": {"precision": 0.027586206896551724, "recall": 0.02877697841726619, "f1-score": 0.028169014084507043, "support": 278}, "41": {"precision": 0.038461538461538464, "recall": 0.07990012484394507, "f1-score": 0.05192697768762678, "support": 1602}, "42": {"precision": 0.02062350119904077, "recall": 0.05874316939890711, "f1-score": 0.030528931487397944, "support": 732}, "43": {"precision": 0.14224137931034483, "recall": 0.028733130169786677, "f1-score": 0.04780876494023904, "support": 2297}, "44": {"precision": 0.03225806451612903, "recall": 0.22535211267605634, "f1-score": 0.0564373897707231, "support": 71}, "45": {"precision": 0.09235209235209235, "recall": 0.5289256198347108, "f1-score": 0.15724815724815724, "support": 121}, "46": {"precision": 0.012594458438287154, "recall": 0.08928571428571429, "f1-score": 0.022075055187637967, "support": 56}, "47": {"precision": 0.013071895424836602, "recall": 0.10810810810810811, "f1-score": 0.023323615160349854, "support": 37}, "48": {"precision": 0.0033085194375516956, "recall": 0.09090909090909091, "f1-score": 0.006384676775738228, "support": 44}, "49": {"precision": 0.02617801047120419, "recall": 0.2857142857142857, "f1-score": 0.04796163069544365, "support": 105}, "50": {"precision": 0.07177033492822966, "recall": 0.43478260869565216, "f1-score": 0.12320328542094455, "support": 69}, "51": {"precision": 0.018115942028985508, "recall": 0.125, "f1-score": 0.03164556962025317, "support": 40}, "52": {"precision": 0.3114754098360656, "recall": 0.3064516129032258, "f1-score": 0.30894308943089427, "support": 186}, "53": {"precision": 0.6680716543730242, "recall": 0.15055806221800047, "f1-score": 0.24573643410852714, "support": 4211}, "54": {"precision": 0.20950468540829986, "recall": 0.1315126050420168, "f1-score": 0.1615900877645844, "support": 2380}, "55": {"precision": 0.08302044221944097, "recall": 0.2875722543352601, "f1-score": 0.12884428617675625, "support": 692}, "56": {"precision": 0.18995929443690637, "recall": 0.7865168539325843, "f1-score": 0.30601092896174864, "support": 178}, "57": {"precision": 0.05382131324004306, "recall": 0.08210180623973727, "f1-score": 0.06501950585175553, "support": 609}, "58": {"precision": 0.5041551246537396, "recall": 0.8125, "f1-score": 0.6222222222222221, "support": 224}, "59": {"precision": 0.28835489833641403, "recall": 0.4273972602739726, "f1-score": 0.3443708609271523, "support": 365}, "60": {"precision": 0.026378896882494004, "recall": 0.2619047619047619, "f1-score": 0.04793028322440087, "support": 42}, "61": {"precision": 0.20145044319097502, "recall": 0.10550749103186326, "f1-score": 0.1384849743802797, "support": 4739}, "62": {"precision": 0.8177167080836135, "recall": 0.7310507056978568, "f1-score": 0.7719588766990962, "support": 7652}, "63": {"precision": 0.37280187573270807, "recall": 0.023204903677758317, "f1-score": 0.043690320807858764, "support": 13704}, "64": {"precision": 0.04059350503919373, "recall": 0.3287981859410431, "f1-score": 0.0722651383005233, "support": 441}, "65": {"precision": 0.20245398773006135, "recall": 0.7058823529411765, "f1-score": 0.3146603098927294, "support": 187}, "66": {"precision": 0.12408759124087591, "recall": 0.4146341463414634, "f1-score": 0.19101123595505617,