{"0": {"precision": 0.04105195638229634, "recall": 0.2064516129032258, "f1-score": 0.06848582129481005, "support": 620}, "1": {"precision": 0.01742115971515768, "recall": 0.2712871287128713, "f1-score": 0.032739873342095833, "support": 505}, "2": {"precision": 0.003080082135523614, "recall": 0.13043478260869565, "f1-score": 0.006018054162487463, "support": 23}, "3": {"precision": 0.04046242774566474, "recall": 0.18666666666666668, "f1-score": 0.0665083135391924, "support": 150}, "4": {"precision": 0.013559322033898305, "recall": 0.16666666666666666, "f1-score": 0.02507836990595611, "support": 24}, "5": {"precision": 0.020833333333333332, "recall": 0.02185792349726776, "f1-score": 0.021333333333333333, "support": 183}, "6": {"precision": 0.004662004662004662, "recall": 0.012269938650306749, "f1-score": 0.006756756756756756, "support": 163}, "7": {"precision": 0.22691292875989447, "recall": 0.2670807453416149, "f1-score": 0.24536376604850213, "support": 322}, "8": {"precision": 0.154419595314164, "recall": 0.32222222222222224, "f1-score": 0.20878329733621312, "support": 450}, "9": {"precision": 0.022361359570661897, "recall": 0.35714285714285715, "f1-score": 0.04208754208754209, "support": 70}, "10": {"precision": 0.030344827586206897, "recall": 0.060941828254847646, "f1-score": 0.04051565377532229, "support": 361}, "11": {"precision": 0.36775178026449645, "recall": 0.4482331060136392, "f1-score": 0.40402347024308466, "support": 1613}, "12": {"precision": 0.3098159509202454, "recall": 0.7266187050359713, "f1-score": 0.43440860215053756, "support": 139}, "13": {"precision": 0.027851458885941646, "recall": 0.04794520547945205, "f1-score": 0.03523489932885906, "support": 438}, "14": {"precision": 0.04926108374384237, "recall": 0.23255813953488372, "f1-score": 0.08130081300813008, "support": 43}, "15": {"precision": 0.010958904109589041, "recall": 0.02196078431372549, "f1-score": 0.01462140992167102, "support": 1275}, "16": {"precision": 0.006008010680907877, "recall": 0.07258064516129033, "f1-score": 0.011097410604192356, "support": 124}, "17": {"precision": 0.0379746835443038, "recall": 0.03553299492385787, "f1-score": 0.03671328671328671, "support": 591}, "18": {"precision": 0.011272141706924315, "recall": 0.12280701754385964, "f1-score": 0.02064896755162242, "support": 228}, "19": {"precision": 0.0014492753623188406, "recall": 0.0196078431372549, "f1-score": 0.002699055330634278, "support": 51}, "20": {"precision": 0.03333333333333333, "recall": 0.35, "f1-score": 0.0608695652173913, "support": 20}, "21": {"precision": 0.008768853034023149, "recall": 0.06544502617801047, "f1-score": 0.015465511908444168, "support": 382}, "22": {"precision": 0.010854816824966078, "recall": 0.06956521739130435, "f1-score": 0.018779342723004695, "support": 115}, "23": {"precision": 0.0025906735751295338, "recall": 0.014598540145985401, "f1-score": 0.004400440044004401, "support": 137}, "24": {"precision": 0.011494252873563218, "recall": 0.04672897196261682, "f1-score": 0.01845018450184502, "support": 107}, "25": {"precision": 0.030360531309297913, "recall": 0.07692307692307693, "f1-score": 0.0435374149659864, "support": 208}, "26": {"precision": 0.10987791342952276, "recall": 0.056346044393853156, "f1-score": 0.0744920993227991, "support": 1757}, "27": {"precision": 0.006134969325153374, "recall": 0.08695652173913043, "f1-score": 0.01146131805157593, "support": 23}, "28": {"precision": 0.005405405405405406, "recall": 0.016, "f1-score": 0.00808080808080808, "support": 125}, "29": {"precision": 0.006956521739130435, "recall": 0.14285714285714285, "f1-score": 0.013266998341625208, "support": 28}, "30": {"precision": 0.0231023102310231, "recall": 0.1, "f1-score": 0.03753351206434316, "support": 70}, "31": {"precision": 0.02850877192982456, "recall": 0.52, "f1-score": 0.05405405405405405, "support": 25}, "32": {"precision": 0.0392512077294686, "recall": 0.13569937369519833, "f1-score": 0.06088992974238875, "support": 479}, "33": {"precision": 0.022935779816513763, "recall": 0.2808988764044944, "f1-score": 0.04240882103477524, "support": 178}, "34": {"precision": 0.01875732708089097, "recall": 0.07272727272727272, "f1-score": 0.02982292637465051, "support": 220}, "35": {"precision": 0.01791044776119403, "recall": 0.05660377358490566, "f1-score": 0.027210884353741496, "support": 106}, "36": {"precision": 0.07241606319947334, "recall": 0.2558139534883721, "f1-score": 0.11287839917906618, "support": 430}, "37": {"precision": 0.003968253968253968, "recall": 0.23809523809523808, "f1-score": 0.0078064012490242, "support": 21}, "38": {"precision": 0.10478099055253363, "recall": 0.34014869888475835, "f1-score": 0.16021011162179907, "support": 1076}, "39": {"precision": 0.0016339869281045752, "recall": 0.02127659574468085, "f1-score": 0.0030349013657056142, "support": 47}, "40": {"precision": 0.006009615384615385, "recall": 0.017006802721088437, "f1-score": 0.008880994671403198, "support": 294}, "41": {"precision": 0.03162055335968379, "recall": 0.01486988847583643, "f1-score": 0.0202275600505689, "support": 1614}, "42": {"precision": 0.010236220472440945, "recall": 0.018571428571428572, "f1-score": 0.013197969543147208, "support": 700}, "43": {"precision": 0.13649425287356323, "recall": 0.03909465020576132, "f1-score": 0.060780550223928344, "support": 2430}, "44": {"precision": 0.19696969696969696, "recall": 0.29213483146067415, "f1-score": 0.2352941176470588, "support": 89}, "45": {"precision": 0.0695266272189349, "recall": 0.3671875, "f1-score": 0.11691542288557215, "support": 128}, "46": {"precision": 0.009852216748768473, "recall": 0.034482758620689655, "f1-score": 0.01532567049808429, "support": 58}, "47": {"precision": 0.007668711656441718, "recall": 0.10869565217391304, "f1-score": 0.014326647564469913, "support": 46}, "48": {"precision": 0.0062402496099844, "recall": 0.1951219512195122, "f1-score": 0.012093726379440665, "support": 41}, "49": {"precision": 0.00726643598615917, "recall": 0.23595505617977527, "f1-score": 0.014098690835850957, "support": 89}, "50": {"precision": 0.12781954887218044, "recall": 0.5, "f1-score": 0.20359281437125745, "support": 68}, "51": {"precision": 0.0, "recall": 0.0, "f1-score": 0.0, "support": 43}, "52": {"precision": 0.09289617486338798, "recall": 0.31875, "f1-score": 0.14386459802538787, "support": 160}, "53": {"precision": 0.900405588102749, "recall": 0.4674777725783809, "f1-score": 0.6154320036962884, "support": 4274}, "54": {"precision": 0.1689059500959693, "recall": 0.03743088047639302, "f1-score": 0.061281337047353765, "support": 2351}, "55": {"precision": 0.016811955168119553, "recall": 0.03857142857142857, "f1-score": 0.023417172593235037, "support": 700}, "56": {"precision": 0.24336283185840707, "recall": 0.625, "f1-score": 0.3503184713375796, "support": 176}, "57": {"precision": 0.03316749585406302, "recall": 0.09933774834437085, "f1-score": 0.04973062577704103, "support": 604}, "58": {"precision": 0.28846153846153844, "recall": 0.5555555555555556, "f1-score": 0.37974683544303794, "support": 216}, "59": {"precision": 0.024, "recall": 0.02694610778443114, "f1-score": 0.025387870239774332, "support": 334}, "60": {"precision": 0.003766478342749529, "recall": 0.1, "f1-score": 0.007259528130671506, "support": 40}, "61": {"precision": 0.10676156583629894, "recall": 0.048859934853420196, "f1-score": 0.0670391061452514, "support": 4912}, "62": {"precision": 0.7354321174511881, "recall": 0.631777402158367, "f1-score": 0.6796754790879844, "support": 7691}, "63": {"precision": 0.47322540473225405, "recall": 0.08387286639199529, "f1-score": 0.1424910943066058, "support": 13592}, "64": {"precision": 0.02377179080824089, "recall": 0.03480278422273782, "f1-score": 0.02824858757062147, "support": 431}, "65": {"precision": 0.1282442748091603, "recall": 0.47191011235955055, "f1-score": 0.2016806722689076, "support": 178}, "66": {"precision": 0.050505050505050504, "recall": 0.30303030303030304, "f1-score": 0.08658008658008658, "support": 33},