{"0": {"precision": 0.0563230605738576, "recall": 0.08493589743589744, "f1-score": 0.06773162939297125, "support": 624}, "1": {"precision": 0.019921736036997508, "recall": 0.11290322580645161, "f1-score": 0.033867553674024796, "support": 496}, "2": {"precision": 0.008403361344537815, "recall": 0.17391304347826086, "f1-score": 0.01603206412825651, "support": 23}, "3": {"precision": 0.04392764857881137, "recall": 0.2138364779874214, "f1-score": 0.07288317256162914, "support": 159}, "4": {"precision": 0.023952095808383235, "recall": 0.2222222222222222, "f1-score": 0.043243243243243246, "support": 18}, "5": {"precision": 0.022018348623853212, "recall": 0.06, "f1-score": 0.03221476510067114, "support": 200}, "6": {"precision": 0.020989505247376312, "recall": 0.08536585365853659, "f1-score": 0.03369434416365824, "support": 164}, "7": {"precision": 0.5950704225352113, "recall": 0.5331230283911672, "f1-score": 0.5623960066555741, "support": 317}, "8": {"precision": 0.0854853072128228, "recall": 0.210989010989011, "f1-score": 0.12167300380228138, "support": 455}, "9": {"precision": 0.061381074168797956, "recall": 0.38095238095238093, "f1-score": 0.10572687224669604, "support": 63}, "10": {"precision": 0.08792846497764531, "recall": 0.16619718309859155, "f1-score": 0.11500974658869396, "support": 355}, "11": {"precision": 0.1057315770736917, "recall": 0.19198448610213317, "f1-score": 0.13636363636363635, "support": 1547}, "12": {"precision": 0.5705882352941176, "recall": 0.60625, "f1-score": 0.5878787878787879, "support": 160}, "13": {"precision": 0.04152445961319681, "recall": 0.15665236051502146, "f1-score": 0.06564748201438848, "support": 466}, "14": {"precision": 0.0037243947858473, "recall": 0.03571428571428571, "f1-score": 0.006745362563237773, "support": 56}, "15": {"precision": 0.1613588110403397, "recall": 0.23493044822256567, "f1-score": 0.19131529263687855, "support": 1294}, "16": {"precision": 0.003989361702127659, "recall": 0.04838709677419355, "f1-score": 0.007371007371007371, "support": 124}, "17": {"precision": 0.09878213802435724, "recall": 0.12372881355932204, "f1-score": 0.10985703536493606, "support": 590}, "18": {"precision": 0.015086206896551725, "recall": 0.06481481481481481, "f1-score": 0.024475524475524476, "support": 216}, "19": {"precision": 0.050359712230215826, "recall": 0.11475409836065574, "f1-score": 0.07, "support": 61}, "20": {"precision": 0.030303030303030304, "recall": 0.24, "f1-score": 0.05381165919282512, "support": 25}, "21": {"precision": 0.01566265060240964, "recall": 0.03140096618357488, "f1-score": 0.020900321543408366, "support": 414}, "22": {"precision": 0.019347037484885126, "recall": 0.1322314049586777, "f1-score": 0.03375527426160337, "support": 121}, "23": {"precision": 0.2097902097902098, "recall": 0.41379310344827586, "f1-score": 0.27842227378190254, "support": 145}, "24": {"precision": 0.01422475106685633, "recall": 0.08064516129032258, "f1-score": 0.02418379685610641, "support": 124}, "25": {"precision": 0.4732824427480916, "recall": 0.32460732984293195, "f1-score": 0.38509316770186336, "support": 191}, "26": {"precision": 0.2596491228070175, "recall": 0.07952713594841483, "f1-score": 0.12176059234882765, "support": 1861}, "27": {"precision": 0.004329004329004329, "recall": 0.047619047619047616, "f1-score": 0.007936507936507936, "support": 21}, "28": {"precision": 0.007462686567164179, "recall": 0.024390243902439025, "f1-score": 0.011428571428571427, "support": 123}, "29": {"precision": 0.0777027027027027, "recall": 0.6052631578947368, "f1-score": 0.13772455089820357, "support": 38}, "30": {"precision": 0.0186219739292365, "recall": 0.15151515151515152, "f1-score": 0.03316749585406302, "support": 66}, "31": {"precision": 0.06896551724137931, "recall": 0.42424242424242425, "f1-score": 0.11864406779661017, "support": 33}, "32": {"precision": 0.03459010722933241, "recall": 0.199203187250996, "f1-score": 0.05894488653109342, "support": 502}, "33": {"precision": 0.05525606469002695, "recall": 0.20297029702970298, "f1-score": 0.08686440677966101, "support": 202}, "34": {"precision": 0.017048794826572605, "recall": 0.12133891213389121, "f1-score": 0.029896907216494847, "support": 239}, "35": {"precision": 0.11386138613861387, "recall": 0.21100917431192662, "f1-score": 0.14790996784565918, "support": 109}, "36": {"precision": 0.11332179930795848, "recall": 0.3649025069637883, "f1-score": 0.17293729372937294, "support": 359}, "37": {"precision": 0.00558659217877095, "recall": 0.047619047619047616, "f1-score": 0.01, "support": 21}, "38": {"precision": 0.14247471743010112, "recall": 0.43784277879341865, "f1-score": 0.21499102333931774, "support": 1094}, "39": {"precision": 0.045454545454545456, "recall": 0.2765957446808511, "f1-score": 0.07807807807807808, "support": 47}, "40": {"precision": 0.018518518518518517, "recall": 0.043478260869565216, "f1-score": 0.025974025974025972, "support": 322}, "41": {"precision": 0.04829689883070666, "recall": 0.058569667077681874, "f1-score": 0.052939537475619955, "support": 1622}, "42": {"precision": 0.025064599483204133, "recall": 0.13566433566433567, "f1-score": 0.04231188658669575, "support": 715}, "43": {"precision": 0.025380710659898477, "recall": 0.014681208053691275, "f1-score": 0.01860217911241031, "support": 2384}, "44": {"precision": 0.12589928057553956, "recall": 0.45454545454545453, "f1-score": 0.1971830985915493, "support": 77}, "45": {"precision": 0.12941176470588237, "recall": 0.55, "f1-score": 0.20952380952380958, "support": 120}, "46": {"precision": 0.01092896174863388, "recall": 0.1568627450980392, "f1-score": 0.020434227330779053, "support": 51}, "47": {"precision": 0.017475728155339806, "recall": 0.2647058823529412, "f1-score": 0.032786885245901634, "support": 34}, "48": {"precision": 0.00425531914893617, "recall": 0.20588235294117646, "f1-score": 0.008338296605122097, "support": 34}, "49": {"precision": 0.012295081967213115, "recall": 0.13333333333333333, "f1-score": 0.022514071294559103, "support": 90}, "50": {"precision": 0.09302325581395349, "recall": 0.43373493975903615, "f1-score": 0.15319148936170213, "support": 83}, "51": {"precision": 0.005802707930367505, "recall": 0.07142857142857142, "f1-score": 0.010733452593917711, "support": 42}, "52": {"precision": 0.17167381974248927, "recall": 0.272108843537415, "f1-score": 0.2105263157894737, "support": 147}, "53": {"precision": 0.9020021074815595, "recall": 0.6147953076370601, "f1-score": 0.7312072892938497, "support": 4177}, "54": {"precision": 0.11645101663585952, "recall": 0.21818181818181817, "f1-score": 0.1518529677613739, "support": 2310}, "55": {"precision": 0.07150837988826815, "recall": 0.18577648766328012, "f1-score": 0.10326744655102864, "support": 689}, "56": {"precision": 0.3611111111111111, "recall": 0.772972972972973, "f1-score": 0.49225473321858865, "support": 185}, "57": {"precision": 0.03323958066990539, "recall": 0.2066772655007949, "f1-score": 0.057268722466960346, "support": 629}, "58": {"precision": 0.4490358126721763, "recall": 0.740909090909091, "f1-score": 0.5591766723842195, "support": 220}, "59": {"precision": 0.16597510373443983, "recall": 0.11661807580174927, "f1-score": 0.13698630136986298, "support": 343}, "60": {"precision": 0.21052631578947367, "recall": 0.38095238095238093, "f1-score": 0.2711864406779661, "support": 42}, "61": {"precision": 0.17692750287686995, "recall": 0.12879581151832462, "f1-score": 0.1490728396557993, "support": 4775}, "62": {"precision": 0.7817700453857791, "recall": 0.8135659931776437, "f1-score": 0.7973511636877973, "support": 7622}, "63": {"precision": 0.33518621456364645, "recall": 0.04444280660377359, "f1-score": 0.07847985943905772, "support": 13568}, "64": {"precision": 0.08685162846803378, "recall": 0.3317972350230415, "f1-score": 0.13766730401529637, "support": 434}, "65": {"precision": 0.16183574879227053, "recall": 0.6767676767676768, "f1-score": 0.26120857699805067, "support": 198}, "66": {"precision": 0.0979020979020979,