{"0": {"precision": 0.6666666666666666, "recall": 0.5, "f1-score": 0.5714285714285715, "support": 4}, "3": {"precision": 0.0, "recall": 0.0, "f1-score": 0.0, "support": 0}, "11": {"precision": 0.2, "recall": 0.16666666666666666, "f1-score": 0.1818181818181818, "support": 6}, "12": {"precision": 0.7894736842105263, "recall": 0.7894736842105263, "f1-score": 0.7894736842105263, "support": 19}, "13": {"precision": 1.0, "recall": 0.1111111111111111, "f1-score": 0.19999999999999998, "support": 9}, "16": {"precision": 0.76, "recall": 0.4634146341463415, "f1-score": 0.5757575757575758, "support": 41}, "17": {"precision": 0.0, "recall": 0.0, "f1-score": 0.0, "support": 0}, "21": {"precision": 0.0, "recall": 0.0, "f1-score": 0.0, "support": 0}, "22": {"precision": 0.6363636363636364, "recall": 0.875, "f1-score": 0.7368421052631579, "support": 8}, "23": {"precision": 0.6666666666666666, "recall": 1.0, "f1-score": 0.8, "support": 2}, "27": {"precision": 1.0, "recall": 1.0, "f1-score": 1.0, "support": 1}, "29": {"precision": 0.3888888888888889, "recall": 0.4666666666666667, "f1-score": 0.42424242424242425, "support": 15}, "31": {"precision": 0.0, "recall": 0.0, "f1-score": 0.0, "support": 6}, "36": {"precision": 0.5, "recall": 0.5, "f1-score": 0.5, "support": 2}, "37": {"precision": 0.25, "recall": 1.0, "f1-score": 0.4, "support": 1}, "43": {"precision": 0.16666666666666666, "recall": 0.6666666666666666, "f1-score": 0.26666666666666666, "support": 3}, "44": {"precision": 0.3333333333333333, "recall": 0.16666666666666666, "f1-score": 0.2222222222222222, "support": 6}, "46": {"precision": 0.8333333333333334, "recall": 0.4918032786885246, "f1-score": 0.6185567010309279, "support": 61}, "49": {"precision": 0.0, "recall": 0.0, "f1-score": 0.0, "support": 3}, "51": {"precision": 0.07142857142857142, "recall": 1.0, "f1-score": 0.13333333333333333, "support": 1}, "53": {"precision": 1.0, "recall": 1.0, "f1-score": 1.0, "support": 2}, "56": {"precision": 1.0, "recall": 1.0, "f1-score": 1.0, "support": 1}, "59": {"precision": 1.0, "recall": 0.5, "f1-score": 0.6666666666666666, "support": 2}, "62": {"precision": 0.125, "recall": 0.6666666666666666, "f1-score": 0.21052631578947367, "support": 3}, "67": {"precision": 0.0, "recall": 0.0, "f1-score": 0.0, "support": 1}, "68": {"precision": 1.0, "recall": 1.0, "f1-score": 1.0, "support": 1}, "70": {"precision": 0.8095238095238095, "recall": 0.9444444444444444, "f1-score": 0.8717948717948718, "support": 18}, "71": {"precision": 1.0, "recall": 1.0, "f1-score": 1.0, "support": 1}, "72": {"precision": 0.0, "recall": 0.0, "f1-score": 0.0, "support": 0}, "73": {"precision": 0.7368421052631579, "recall": 0.8235294117647058, "f1-score": 0.7777777777777778, "support": 17}, "74": {"precision": 0.9230769230769231, "recall": 1.0, "f1-score": 0.9600000000000001, "support": 12}, "75": {"precision": 0.7777777777777778, "recall": 0.5, "f1-score": 0.6086956521739131, "support": 28}, "77": {"precision": 1.0, "recall": 1.0, "f1-score": 1.0, "support": 11}, "accuracy": 0.5859649122807018, "macro avg": {"precision": 0.5343952140363624, "recall": 0.5646093908393633, "f1-score": 0.5004788712174634, "support": 285}, "weighted avg": {"precision": 0.7202331562968682, "recall": 0.5859649122807018, "f1-score": 0.6157284318388776, "support": 285}}