{"0": {"precision": 0.3333333333333333, "recall": 1.0, "f1-score": 0.5, "support": 4}, "4": {"precision": 0.0, "recall": 0.0, "f1-score": 0.0, "support": 0}, "8": {"precision": 0.0, "recall": 0.0, "f1-score": 0.0, "support": 0}, "9": {"precision": 0.0, "recall": 0.0, "f1-score": 0.0, "support": 0}, "11": {"precision": 0.2727272727272727, "recall": 1.0, "f1-score": 0.42857142857142855, "support": 6}, "12": {"precision": 0.625, "recall": 0.5263157894736842, "f1-score": 0.5714285714285714, "support": 19}, "13": {"precision": 0.2, "recall": 0.2222222222222222, "f1-score": 0.2105263157894737, "support": 9}, "14": {"precision": 0.0, "recall": 0.0, "f1-score": 0.0, "support": 0}, "16": {"precision": 0.8571428571428571, "recall": 0.14634146341463414, "f1-score": 0.25, "support": 41}, "17": {"precision": 0.0, "recall": 0.0, "f1-score": 0.0, "support": 0}, "19": {"precision": 0.0, "recall": 0.0, "f1-score": 0.0, "support": 0}, "22": {"precision": 1.0, "recall": 0.875, "f1-score": 0.9333333333333333, "support": 8}, "23": {"precision": 1.0, "recall": 1.0, "f1-score": 1.0, "support": 2}, "27": {"precision": 0.25, "recall": 1.0, "f1-score": 0.4, "support": 1}, "29": {"precision": 0.2413793103448276, "recall": 0.4666666666666667, "f1-score": 0.3181818181818182, "support": 15}, "31": {"precision": 1.0, "recall": 1.0, "f1-score": 1.0, "support": 6}, "36": {"precision": 0.3333333333333333, "recall": 0.5, "f1-score": 0.4, "support": 2}, "37": {"precision": 0.0, "recall": 0.0, "f1-score": 0.0, "support": 1}, "43": {"precision": 0.5, "recall": 0.3333333333333333, "f1-score": 0.4, "support": 3}, "44": {"precision": 0.2222222222222222, "recall": 0.3333333333333333, "f1-score": 0.26666666666666666, "support": 6}, "46": {"precision": 0.8378378378378378, "recall": 0.5081967213114754, "f1-score": 0.6326530612244898, "support": 61}, "49": {"precision": 0.0, "recall": 0.0, "f1-score": 0.0, "support": 3}, "51": {"precision": 0.0, "recall": 0.0, "f1-score": 0.0, "support": 1}, "53": {"precision": 0.4, "recall": 1.0, "f1-score": 0.5714285714285715, "support": 2}, "56": {"precision": 1.0, "recall": 1.0, "f1-score": 1.0, "support": 1}, "59": {"precision": 0.0, "recall": 0.0, "f1-score": 0.0, "support": 2}, "60": {"precision": 0.0, "recall": 0.0, "f1-score": 0.0, "support": 0}, "62": {"precision": 0.0, "recall": 0.0, "f1-score": 0.0, "support": 3}, "65": {"precision": 0.0, "recall": 0.0, "f1-score": 0.0, "support": 0}, "67": {"precision": 0.0, "recall": 0.0, "f1-score": 0.0, "support": 1}, "68": {"precision": 0.5, "recall": 1.0, "f1-score": 0.6666666666666666, "support": 1}, "70": {"precision": 0.7368421052631579, "recall": 0.7777777777777778, "f1-score": 0.7567567567567567, "support": 18}, "71": {"precision": 0.3333333333333333, "recall": 1.0, "f1-score": 0.5, "support": 1}, "73": {"precision": 0.4166666666666667, "recall": 0.8823529411764706, "f1-score": 0.5660377358490566, "support": 17}, "74": {"precision": 0.0, "recall": 0.0, "f1-score": 0.0, "support": 12}, "75": {"precision": 0.6666666666666666, "recall": 0.35714285714285715, "f1-score": 0.46511627906976744, "support": 28}, "77": {"precision": 0.9166666666666666, "recall": 1.0, "f1-score": 0.9565217391304348, "support": 11}, "accuracy": 0.49473684210526314, "macro avg": {"precision": 0.3417068001496804, "recall": 0.4305049488068231, "f1-score": 0.34578078227289294, "support": 285}, "weighted avg": {"precision": 0.6245479874990812, "recall": 0.49473684210526314, "f1-score": 0.4929941081744988, "support": 285}}