{"0": {"precision": 0.6, "recall": 0.6, "f1-score": 0.6, "support": 5}, "3": {"precision": 0.0, "recall": 0.0, "f1-score": 0.0, "support": 0}, "4": {"precision": 0.0, "recall": 0.0, "f1-score": 0.0, "support": 0}, "11": {"precision": 0.3333333333333333, "recall": 1.0, "f1-score": 0.5, "support": 4}, "12": {"precision": 0.8333333333333334, "recall": 0.35714285714285715, "f1-score": 0.5, "support": 14}, "13": {"precision": 1.0, "recall": 0.5, "f1-score": 0.6666666666666666, "support": 6}, "14": {"precision": 0.0, "recall": 0.0, "f1-score": 0.0, "support": 0}, "16": {"precision": 0.8333333333333334, "recall": 0.38461538461538464, "f1-score": 0.5263157894736842, "support": 39}, "17": {"precision": 0.0, "recall": 0.0, "f1-score": 0.0, "support": 0}, "21": {"precision": 0.0, "recall": 0.0, "f1-score": 0.0, "support": 0}, "22": {"precision": 0.625, "recall": 1.0, "f1-score": 0.7692307692307693, "support": 5}, "23": {"precision": 0.6666666666666666, "recall": 1.0, "f1-score": 0.8, "support": 4}, "27": {"precision": 1.0, "recall": 0.5, "f1-score": 0.6666666666666666, "support": 4}, "29": {"precision": 0.14754098360655737, "recall": 0.45, "f1-score": 0.22222222222222224, "support": 20}, "31": {"precision": 0.4, "recall": 1.0, "f1-score": 0.5714285714285715, "support": 2}, "36": {"precision": 0.2, "recall": 1.0, "f1-score": 0.33333333333333337, "support": 1}, "37": {"precision": 0.0, "recall": 0.0, "f1-score": 0.0, "support": 7}, "43": {"precision": 0.0, "recall": 0.0, "f1-score": 0.0, "support": 3}, "44": {"precision": 0.3, "recall": 0.75, "f1-score": 0.4285714285714285, "support": 4}, "46": {"precision": 1.0, "recall": 0.36363636363636365, "f1-score": 0.5333333333333333, "support": 66}, "48": {"precision": 0.0, "recall": 0.0, "f1-score": 0.0, "support": 0}, "49": {"precision": 0.0, "recall": 0.0, "f1-score": 0.0, "support": 2}, "51": {"precision": 0.0, "recall": 0.0, "f1-score": 0.0, "support": 1}, "53": {"precision": 0.0, "recall": 0.0, "f1-score": 0.0, "support": 0}, "56": {"precision": 0.75, "recall": 1.0, "f1-score": 0.8571428571428571, "support": 3}, "57": {"precision": 0.0, "recall": 0.0, "f1-score": 0.0, "support": 0}, "58": {"precision": 0.0, "recall": 0.0, "f1-score": 0.0, "support": 0}, "59": {"precision": 1.0, "recall": 1.0, "f1-score": 1.0, "support": 2}, "62": {"precision": 0.0, "recall": 0.0, "f1-score": 0.0, "support": 3}, "65": {"precision": 0.0, "recall": 0.0, "f1-score": 0.0, "support": 0}, "67": {"precision": 0.0, "recall": 0.0, "f1-score": 0.0, "support": 0}, "68": {"precision": 0.14285714285714285, "recall": 0.5, "f1-score": 0.22222222222222224, "support": 2}, "70": {"precision": 0.48148148148148145, "recall": 0.7222222222222222, "f1-score": 0.5777777777777777, "support": 18}, "71": {"precision": 0.0, "recall": 0.0, "f1-score": 0.0, "support": 0}, "73": {"precision": 0.35714285714285715, "recall": 1.0, "f1-score": 0.5263157894736842, "support": 10}, "74": {"precision": 0.0, "recall": 0.0, "f1-score": 0.0, "support": 11}, "75": {"precision": 0.7, "recall": 0.2692307692307692, "f1-score": 0.3888888888888889, "support": 26}, "77": {"precision": 1.0, "recall": 0.08695652173913043, "f1-score": 0.16, "support": 23}, "accuracy": 0.41403508771929826, "macro avg": {"precision": 0.32554445083565015, "recall": 0.3548369504891244, "f1-score": 0.2855293767482133, "support": 285}, "weighted avg": {"precision": 0.678653669693359, "recall": 0.41403508771929826, "f1-score": 0.4334884173997748, "support": 285}}