{"0": {"precision": 0.013950538998097653, "recall": 0.035256410256410256, "f1-score": 0.01999091322126306, "support": 624}, "1": {"precision": 0.0170893801708938, "recall": 0.2540322580645161, "f1-score": 0.03202439954250858, "support": 496}, "2": {"precision": 0.0023734177215189874, "recall": 0.13043478260869565, "f1-score": 0.004662004662004661, "support": 23}, "3": {"precision": 0.014516129032258065, "recall": 0.05660377358490566, "f1-score": 0.023106546854942237, "support": 159}, "4": {"precision": 0.002898550724637681, "recall": 0.05555555555555555, "f1-score": 0.005509641873278237, "support": 18}, "5": {"precision": 0.045283018867924525, "recall": 0.06, "f1-score": 0.05161290322580645, "support": 200}, "6": {"precision": 0.004975124378109453, "recall": 0.012195121951219513, "f1-score": 0.007067137809187279, "support": 164}, "7": {"precision": 0.32917705735660846, "recall": 0.416403785488959, "f1-score": 0.36768802228412256, "support": 317}, "8": {"precision": 0.03279832519190509, "recall": 0.10329670329670329, "f1-score": 0.04978813559322033, "support": 455}, "9": {"precision": 0.004081632653061225, "recall": 0.015873015873015872, "f1-score": 0.006493506493506493, "support": 63}, "10": {"precision": 0.016143497757847534, "recall": 0.05070422535211268, "f1-score": 0.024489795918367353, "support": 355}, "11": {"precision": 0.02572347266881029, "recall": 0.04137039431157078, "f1-score": 0.031722428748451055, "support": 1547}, "12": {"precision": 0.2918918918918919, "recall": 0.3375, "f1-score": 0.3130434782608696, "support": 160}, "13": {"precision": 0.03497757847533632, "recall": 0.16738197424892703, "f1-score": 0.05786350148367952, "support": 466}, "14": {"precision": 0.003051881993896236, "recall": 0.05357142857142857, "f1-score": 0.005774783445620789, "support": 56}, "15": {"precision": 0.04753363228699552, "recall": 0.04095826893353941, "f1-score": 0.044001660440016604, "support": 1294}, "16": {"precision": 0.0007987220447284345, "recall": 0.016129032258064516, "f1-score": 0.0015220700152207, "support": 124}, "17": {"precision": 0.058315334773218146, "recall": 0.04576271186440678, "f1-score": 0.05128205128205128, "support": 590}, "18": {"precision": 0.006459948320413436, "recall": 0.046296296296296294, "f1-score": 0.011337868480725622, "support": 216}, "19": {"precision": 0.0078125, "recall": 0.06557377049180328, "f1-score": 0.013961605584642234, "support": 61}, "20": {"precision": 0.009512485136741973, "recall": 0.32, "f1-score": 0.018475750577367205, "support": 25}, "21": {"precision": 0.009280742459396751, "recall": 0.00966183574879227, "f1-score": 0.009467455621301774, "support": 414}, "22": {"precision": 0.0035778175313059034, "recall": 0.01652892561983471, "f1-score": 0.005882352941176471, "support": 121}, "23": {"precision": 0.004705882352941176, "recall": 0.041379310344827586, "f1-score": 0.008450704225352112, "support": 145}, "24": {"precision": 0.0009624639076034649, "recall": 0.008064516129032258, "f1-score": 0.0017196904557179708, "support": 124}, "25": {"precision": 0.11377245508982035, "recall": 0.19895287958115182, "f1-score": 0.14476190476190476, "support": 191}, "26": {"precision": 0.05037513397642015, "recall": 0.02525523911875336, "f1-score": 0.03364352183249821, "support": 1861}, "27": {"precision": 0.0012836970474967907, "recall": 0.047619047619047616, "f1-score": 0.0025, "support": 21}, "28": {"precision": 0.0, "recall": 0.0, "f1-score": 0.0, "support": 123}, "29": {"precision": 0.010869565217391304, "recall": 0.05263157894736842, "f1-score": 0.01801801801801802, "support": 38}, "30": {"precision": 0.0, "recall": 0.0, "f1-score": 0.0, "support": 66}, "31": {"precision": 0.0018050541516245488, "recall": 0.030303030303030304, "f1-score": 0.003407155025553663, "support": 33}, "32": {"precision": 0.013245033112582781, "recall": 0.01593625498007968, "f1-score": 0.014466546112115732, "support": 502}, "33": {"precision": 0.022058823529411766, "recall": 0.0297029702970297, "f1-score": 0.02531645569620253, "support": 202}, "34": {"precision": 0.02476290832455216, "recall": 0.19665271966527198, "f1-score": 0.04398689751988769, "support": 239}, "35": {"precision": 0.022617124394184167, "recall": 0.12844036697247707, "f1-score": 0.03846153846153846, "support": 109}, "36": {"precision": 0.014110756123535677, "recall": 0.14763231197771587, "f1-score": 0.025759416767922233, "support": 359}, "37": {"precision": 0.0, "recall": 0.0, "f1-score": 0.0, "support": 21}, "38": {"precision": 0.11070648215586307, "recall": 0.13893967093235832, "f1-score": 0.12322659100121605, "support": 1094}, "39": {"precision": 0.011943539630836048, "recall": 0.23404255319148937, "f1-score": 0.022727272727272728, "support": 47}, "40": {"precision": 0.010476512335248395, "recall": 0.09627329192546584, "f1-score": 0.018896677842121307, "support": 322}, "41": {"precision": 0.038164171738772824, "recall": 0.14303329223181258, "f1-score": 0.060251915335670696, "support": 1622}, "42": {"precision": 0.009595613433858808, "recall": 0.019580419580419582, "f1-score": 0.012879484820607178, "support": 715}, "43": {"precision": 0.02582801580066849, "recall": 0.03565436241610738, "f1-score": 0.02995594713656388, "support": 2384}, "44": {"precision": 0.04008016032064128, "recall": 0.2597402597402597, "f1-score": 0.06944444444444443, "support": 77}, "45": {"precision": 0.0009689922480620155, "recall": 0.008333333333333333, "f1-score": 0.001736111111111111, "support": 120}, "46": {"precision": 0.0016474464579901153, "recall": 0.0196078431372549, "f1-score": 0.0030395136778115506, "support": 51}, "47": {"precision": 0.003859141341051616, "recall": 0.23529411764705882, "f1-score": 0.007593735168485999, "support": 34}, "48": {"precision": 0.001784121320249777, "recall": 0.058823529411764705, "f1-score": 0.003463203463203463, "support": 34}, "49": {"precision": 0.00396600566572238, "recall": 0.07777777777777778, "f1-score": 0.007547169811320756, "support": 90}, "50": {"precision": 0.04218362282878412, "recall": 0.20481927710843373, "f1-score": 0.06995884773662553, "support": 83}, "51": {"precision": 0.0, "recall": 0.0, "f1-score": 0.0, "support": 42}, "52": {"precision": 0.3275862068965517, "recall": 0.1292517006802721, "f1-score": 0.18536585365853658, "support": 147}, "53": {"precision": 0.7694191742477257, "recall": 0.5264543931050993, "f1-score": 0.6251599147121535, "support": 4177}, "54": {"precision": 0.08407738095238096, "recall": 0.19567099567099566, "f1-score": 0.11761644548529797, "support": 2310}, "55": {"precision": 0.01078167115902965, "recall": 0.005805515239477504, "f1-score": 0.007547169811320755, "support": 689}, "56": {"precision": 0.10721247563352826, "recall": 0.2972972972972973, "f1-score": 0.15759312320916907, "support": 185}, "57": {"precision": 0.008573469873779471, "recall": 0.057233704292527825, "f1-score": 0.014913007456503726, "support": 629}, "58": {"precision": 0.20842572062084258, "recall": 0.42727272727272725, "f1-score": 0.2801788375558867, "support": 220}, "59": {"precision": 0.06199460916442048, "recall": 0.06705539358600583, "f1-score": 0.06442577030812324, "support": 343}, "60": {"precision": 0.028469750889679714, "recall": 0.38095238095238093, "f1-score": 0.052980132450331126, "support": 42}, "61": {"precision": 0.01568627450980392, "recall": 0.005863874345549738, "f1-score": 0.008536585365853657, "support": 4775}, "62": {"precision": 0.6472101841820151, "recall": 0.627000787194962, "f1-score": 0.6369452219112355, "support": 7622}, "63": {"precision": 0.18513323983169705, "recall": 0.00972877358490566, "f1-score": 0.018486100413136336, "support": 13568}, "64": {"precision": 0.03132530120481928, "recall": 0.029953917050691243, "f1-score": 0.030624263839811542, "support": 434}, "65": {"precision": 0.0339095744680851, "recall": 0.25757575757575757, "f1-score": 0.0599294947121034, "support": 198}, "66": {"precision": 0.004842615012106538, "recall": 0.0425531914893617, "f1-score": 0.008695652173913044, "support": 47},