{"0": {"precision": 0.11895551257253385, "recall": 0.7711598746081505, "f1-score": 0.20611646418098029, "support": 638}, "1": {"precision": 0.20093457943925233, "recall": 0.446985446985447, "f1-score": 0.2772404900064474, "support": 481}, "2": {"precision": 0.01669449081803005, "recall": 0.5263157894736842, "f1-score": 0.032362459546925564, "support": 19}, "3": {"precision": 0.25, "recall": 0.021739130434782608, "f1-score": 0.04, "support": 138}, "4": {"precision": 0.6285714285714286, "recall": 0.9166666666666666, "f1-score": 0.7457627118644068, "support": 24}, "5": {"precision": 0.2162534435261708, "recall": 0.8306878306878307, "f1-score": 0.34316939890710385, "support": 189}, "6": {"precision": 0.6206896551724138, "recall": 0.5487804878048781, "f1-score": 0.5825242718446603, "support": 164}, "7": {"precision": 0.5367521367521367, "recall": 0.9781931464174455, "f1-score": 0.6931567328918321, "support": 321}, "8": {"precision": 0.6496350364963503, "recall": 0.3655030800821355, "f1-score": 0.46780551905387646, "support": 487}, "9": {"precision": 0.10792580101180438, "recall": 0.8421052631578947, "f1-score": 0.1913303437967115, "support": 76}, "10": {"precision": 0.05219677055951934, "recall": 0.3982808022922636, "f1-score": 0.09229747675962816, "support": 349}, "11": {"precision": 0.6470588235294118, "recall": 0.006896551724137931, "f1-score": 0.013647642679900743, "support": 1595}, "12": {"precision": 0.575, "recall": 0.7615894039735099, "f1-score": 0.6552706552706553, "support": 151}, "13": {"precision": 0.36363636363636365, "recall": 0.5394190871369294, "f1-score": 0.4344193817878028, "support": 482}, "14": {"precision": 0.1554054054054054, "recall": 0.41818181818181815, "f1-score": 0.22660098522167485, "support": 55}, "15": {"precision": 0.8549618320610687, "recall": 0.2647754137115839, "f1-score": 0.4043321299638989, "support": 1269}, "16": {"precision": 0.0, "recall": 0.0, "f1-score": 0.0, "support": 117}, "17": {"precision": 0.391304347826087, "recall": 0.014240506329113924, "f1-score": 0.027480916030534347, "support": 632}, "18": {"precision": 0.36363636363636365, "recall": 0.7685589519650655, "f1-score": 0.49368863955119213, "support": 229}, "19": {"precision": 0.16666666666666666, "recall": 0.16326530612244897, "f1-score": 0.16494845360824742, "support": 49}, "20": {"precision": 0.5, "recall": 0.041666666666666664, "f1-score": 0.07692307692307693, "support": 24}, "21": {"precision": 0.09888928699390899, "recall": 0.6202247191011236, "f1-score": 0.17058096415327564, "support": 445}, "22": {"precision": 0.16091954022988506, "recall": 0.12280701754385964, "f1-score": 0.13930348258706468, "support": 114}, "23": {"precision": 0.7428571428571429, "recall": 0.3466666666666667, "f1-score": 0.4727272727272728, "support": 150}, "24": {"precision": 0.21052631578947367, "recall": 0.034482758620689655, "f1-score": 0.059259259259259255, "support": 116}, "25": {"precision": 0.2831858407079646, "recall": 0.16, "f1-score": 0.20447284345047922, "support": 200}, "26": {"precision": 0.4, "recall": 0.0010893246187363835, "f1-score": 0.0021727322107550242, "support": 1836}, "27": {"precision": 0.08695652173913043, "recall": 0.4, "f1-score": 0.14285714285714285, "support": 25}, "28": {"precision": 0.68, "recall": 0.13934426229508196, "f1-score": 0.23129251700680273, "support": 122}, "29": {"precision": 0.625, "recall": 0.30303030303030304, "f1-score": 0.40816326530612246, "support": 33}, "30": {"precision": 0.40476190476190477, "recall": 0.2786885245901639, "f1-score": 0.33009708737864074, "support": 61}, "31": {"precision": 1.0, "recall": 0.13333333333333333, "f1-score": 0.23529411764705882, "support": 45}, "32": {"precision": 0.07302867383512544, "recall": 0.6965811965811965, "f1-score": 0.1321978913219789, "support": 468}, "33": {"precision": 0.0, "recall": 0.0, "f1-score": 0.0, "support": 199}, "34": {"precision": 0.25, "recall": 0.0047169811320754715, "f1-score": 0.009259259259259259, "support": 212}, "35": {"precision": 0.6842105263157895, "recall": 0.13, "f1-score": 0.2184873949579832, "support": 100}, "36": {"precision": 0.5, "recall": 0.0022988505747126436, "f1-score": 0.004576659038901601, "support": 435}, "37": {"precision": 0.2857142857142857, "recall": 0.09523809523809523, "f1-score": 0.14285714285714285, "support": 21}, "38": {"precision": 0.9130434782608695, "recall": 0.01924839596700275, "f1-score": 0.03770197486535009, "support": 1091}, "39": {"precision": 0.7727272727272727, "recall": 0.29310344827586204, "f1-score": 0.425, "support": 58}, "40": {"precision": 0.14285714285714285, "recall": 0.003134796238244514, "f1-score": 0.006134969325153374, "support": 319}, "41": {"precision": 0.10787583376090303, "recall": 0.5184956843403206, "f1-score": 0.1785941813548524, "support": 1622}, "42": {"precision": 0.07629593575079095, "recall": 0.938622754491018, "f1-score": 0.1411208642808913, "support": 668}, "43": {"precision": 0.5193933366484336, "recall": 0.9170324846356454, "f1-score": 0.6631746031746032, "support": 2278}, "44": {"precision": 0.4090909090909091, "recall": 0.09473684210526316, "f1-score": 0.15384615384615385, "support": 95}, "45": {"precision": 0.09375, "recall": 0.025423728813559324, "f1-score": 0.04, "support": 118}, "46": {"precision": 0.42857142857142855, "recall": 0.6, "f1-score": 0.5, "support": 50}, "47": {"precision": 0.34375, "recall": 0.25, "f1-score": 0.2894736842105263, "support": 44}, "48": {"precision": 0.17424242424242425, "recall": 0.5476190476190477, "f1-score": 0.26436781609195403, "support": 42}, "49": {"precision": 0.25196850393700787, "recall": 0.42105263157894735, "f1-score": 0.31527093596059114, "support": 76}, "50": {"precision": 0.4782608695652174, "recall": 0.3235294117647059, "f1-score": 0.3859649122807018, "support": 68}, "51": {"precision": 0.8, "recall": 0.07407407407407407, "f1-score": 0.13559322033898305, "support": 54}, "52": {"precision": 0.6326530612244898, "recall": 0.1781609195402299, "f1-score": 0.27802690582959644, "support": 174}, "53": {"precision": 0.995398773006135, "recall": 0.4573643410852713, "f1-score": 0.6267503621438918, "support": 4257}, "54": {"precision": 0.0967741935483871, "recall": 0.0025630072618539087, "f1-score": 0.004993757802746567, "support": 2341}, "55": {"precision": 0.0, "recall": 0.0, "f1-score": 0.0, "support": 722}, "56": {"precision": 0.07425742574257425, "recall": 0.4934210526315789, "f1-score": 0.1290877796901893, "support": 152}, "57": {"precision": 0.2022792022792023, "recall": 0.45151033386327505, "f1-score": 0.279390063944909, "support": 629}, "58": {"precision": 0.15134706814580032, "recall": 0.8761467889908257, "f1-score": 0.2581081081081081, "support": 218}, "59": {"precision": 0.9519230769230769, "recall": 0.26541554959785524, "f1-score": 0.4150943396226416, "support": 373}, "60": {"precision": 0.3888888888888889, "recall": 0.13725490196078433, "f1-score": 0.2028985507246377, "support": 51}, "61": {"precision": 0.15, "recall": 0.002510460251046025, "f1-score": 0.004938271604938271, "support": 4780}, "62": {"precision": 0.6823881172839507, "recall": 0.920145662634933, "f1-score": 0.7836296173229219, "support": 7689}, "63": {"precision": 0.5735267119515329, "recall": 0.6865431103948428, "f1-score": 0.6249666577754067, "support": 13651}, "64": {"precision": 0.03818592323549622, "recall": 0.8549450549450549, "f1-score": 0.07310655891749672, "support": 455}, "65": {"precision": 0.14390243902439023, "recall": 0.8082191780821918, "f1-score": 0.2443064182194617, "support": 219}, "66": {"precision": 0.08333333333333333, "recall": 0.04878048780487805, "f1-score": 0.061538461538461535, "support": 41}, "67": {"precision": 0.8333333333333334, "recall": 0.10869565217391304, "f1-score": 0.1923076923076923, "support": 92}, "68": {"precision": 0.7441860465116279, "recall": 0.5714285714285714, "f1-score": 0.6464646464646464, "support": 56}, "69": {"precision": 0.7142857142857143, "recall": 0.10638297872340426, "f1-score": 0.18518518518518517, "support": 47},