{"0": {"precision": 1.0, "recall": 0.2, "f1-score": 0.33333333333333337, "support": 5}, "11": {"precision": 0.6666666666666666, "recall": 1.0, "f1-score": 0.8, "support": 4}, "12": {"precision": 0.6923076923076923, "recall": 0.6428571428571429, "f1-score": 0.6666666666666666, "support": 14}, "13": {"precision": 0.0, "recall": 0.0, "f1-score": 0.0, "support": 4}, "14": {"precision": 0.0, "recall": 0.0, "f1-score": 0.0, "support": 0}, "15": {"precision": 0.0, "recall": 0.0, "f1-score": 0.0, "support": 0}, "16": {"precision": 0.896551724137931, "recall": 0.6842105263157895, "f1-score": 0.7761194029850746, "support": 38}, "17": {"precision": 0.0, "recall": 0.0, "f1-score": 0.0, "support": 0}, "21": {"precision": 0.0, "recall": 0.0, "f1-score": 0.0, "support": 0}, "22": {"precision": 0.7142857142857143, "recall": 1.0, "f1-score": 0.8333333333333333, "support": 5}, "23": {"precision": 0.75, "recall": 1.0, "f1-score": 0.8571428571428571, "support": 3}, "27": {"precision": 1.0, "recall": 0.6666666666666666, "f1-score": 0.8, "support": 3}, "29": {"precision": 0.5, "recall": 0.5294117647058824, "f1-score": 0.5142857142857143, "support": 17}, "31": {"precision": 1.0, "recall": 0.625, "f1-score": 0.7692307692307693, "support": 8}, "36": {"precision": 0.16666666666666666, "recall": 1.0, "f1-score": 0.2857142857142857, "support": 1}, "37": {"precision": 0.38461538461538464, "recall": 1.0, "f1-score": 0.5555555555555556, "support": 5}, "43": {"precision": 0.75, "recall": 0.75, "f1-score": 0.75, "support": 4}, "44": {"precision": 0.5, "recall": 0.2857142857142857, "f1-score": 0.36363636363636365, "support": 7}, "46": {"precision": 0.8888888888888888, "recall": 0.5614035087719298, "f1-score": 0.6881720430107527, "support": 57}, "49": {"precision": 0.125, "recall": 1.0, "f1-score": 0.2222222222222222, "support": 1}, "51": {"precision": 0.1, "recall": 0.3333333333333333, "f1-score": 0.15384615384615383, "support": 3}, "53": {"precision": 0.0, "recall": 0.0, "f1-score": 0.0, "support": 0}, "56": {"precision": 0.5, "recall": 1.0, "f1-score": 0.6666666666666666, "support": 1}, "59": {"precision": 1.0, "recall": 0.75, "f1-score": 0.8571428571428571, "support": 4}, "61": {"precision": 0.0, "recall": 0.0, "f1-score": 0.0, "support": 1}, "62": {"precision": 0.375, "recall": 0.75, "f1-score": 0.5, "support": 4}, "67": {"precision": 0.0, "recall": 0.0, "f1-score": 0.0, "support": 0}, "68": {"precision": 1.0, "recall": 0.6666666666666666, "f1-score": 0.8, "support": 3}, "70": {"precision": 0.75, "recall": 0.8181818181818182, "f1-score": 0.7826086956521738, "support": 11}, "71": {"precision": 1.0, "recall": 1.0, "f1-score": 1.0, "support": 1}, "73": {"precision": 0.9473684210526315, "recall": 1.0, "f1-score": 0.972972972972973, "support": 18}, "74": {"precision": 0.9285714285714286, "recall": 1.0, "f1-score": 0.962962962962963, "support": 13}, "75": {"precision": 0.5454545454545454, "recall": 0.3, "f1-score": 0.3870967741935483, "support": 20}, "76": {"precision": 1.0, "recall": 1.0, "f1-score": 1.0, "support": 1}, "77": {"precision": 0.9655172413793104, "recall": 0.9655172413793104, "f1-score": 0.9655172413793104, "support": 29}, "accuracy": 0.6807017543859649, "macro avg": {"precision": 0.547054124972196, "recall": 0.5865417987026521, "f1-score": 0.5218350534838164, "support": 285}, "weighted avg": {"precision": 0.7849611570649874, "recall": 0.6807017543859649, "f1-score": 0.7056973714240934, "support": 285}}