{"0": {"precision": 0.0, "recall": 0.0, "f1-score": 0.0, "support": 5}, "8": {"precision": 0.0, "recall": 0.0, "f1-score": 0.0, "support": 0}, "11": {"precision": 0.2857142857142857, "recall": 1.0, "f1-score": 0.4444444444444445, "support": 4}, "12": {"precision": 0.875, "recall": 0.5, "f1-score": 0.6363636363636364, "support": 14}, "13": {"precision": 0.0, "recall": 0.0, "f1-score": 0.0, "support": 4}, "15": {"precision": 0.0, "recall": 0.0, "f1-score": 0.0, "support": 0}, "16": {"precision": 0.625, "recall": 0.2631578947368421, "f1-score": 0.37037037037037035, "support": 38}, "17": {"precision": 0.0, "recall": 0.0, "f1-score": 0.0, "support": 0}, "19": {"precision": 0.0, "recall": 0.0, "f1-score": 0.0, "support": 0}, "21": {"precision": 0.0, "recall": 0.0, "f1-score": 0.0, "support": 0}, "22": {"precision": 0.2631578947368421, "recall": 1.0, "f1-score": 0.4166666666666667, "support": 5}, "23": {"precision": 1.0, "recall": 1.0, "f1-score": 1.0, "support": 3}, "27": {"precision": 0.2, "recall": 0.3333333333333333, "f1-score": 0.25, "support": 3}, "29": {"precision": 0.1724137931034483, "recall": 0.29411764705882354, "f1-score": 0.2173913043478261, "support": 17}, "31": {"precision": 1.0, "recall": 0.5, "f1-score": 0.6666666666666666, "support": 8}, "36": {"precision": 0.14285714285714285, "recall": 1.0, "f1-score": 0.25, "support": 1}, "37": {"precision": 1.0, "recall": 0.8, "f1-score": 0.888888888888889, "support": 5}, "43": {"precision": 0.2857142857142857, "recall": 0.5, "f1-score": 0.36363636363636365, "support": 4}, "44": {"precision": 0.3333333333333333, "recall": 0.42857142857142855, "f1-score": 0.375, "support": 7}, "46": {"precision": 0.9523809523809523, "recall": 0.3508771929824561, "f1-score": 0.5128205128205128, "support": 57}, "48": {"precision": 0.0, "recall": 0.0, "f1-score": 0.0, "support": 0}, "49": {"precision": 0.2, "recall": 1.0, "f1-score": 0.33333333333333337, "support": 1}, "51": {"precision": 0.0, "recall": 0.0, "f1-score": 0.0, "support": 3}, "53": {"precision": 0.0, "recall": 0.0, "f1-score": 0.0, "support": 0}, "56": {"precision": 0.3333333333333333, "recall": 1.0, "f1-score": 0.5, "support": 1}, "59": {"precision": 0.25, "recall": 0.25, "f1-score": 0.25, "support": 4}, "60": {"precision": 0.0, "recall": 0.0, "f1-score": 0.0, "support": 0}, "61": {"precision": 1.0, "recall": 1.0, "f1-score": 1.0, "support": 1}, "62": {"precision": 0.0, "recall": 0.0, "f1-score": 0.0, "support": 4}, "65": {"precision": 0.0, "recall": 0.0, "f1-score": 0.0, "support": 0}, "67": {"precision": 0.0, "recall": 0.0, "f1-score": 0.0, "support": 0}, "68": {"precision": 0.0, "recall": 0.0, "f1-score": 0.0, "support": 3}, "70": {"precision": 0.6, "recall": 0.8181818181818182, "f1-score": 0.6923076923076923, "support": 11}, "71": {"precision": 0.3333333333333333, "recall": 1.0, "f1-score": 0.5, "support": 1}, "73": {"precision": 0.23809523809523808, "recall": 0.2777777777777778, "f1-score": 0.25641025641025644, "support": 18}, "74": {"precision": 0.0, "recall": 0.0, "f1-score": 0.0, "support": 13}, "75": {"precision": 0.6, "recall": 0.15, "f1-score": 0.24, "support": 20}, "76": {"precision": 0.0, "recall": 0.0, "f1-score": 0.0, "support": 1}, "77": {"precision": 0.7941176470588235, "recall": 0.9310344827586207, "f1-score": 0.8571428571428571, "support": 29}, "accuracy": 0.41403508771929826, "macro avg": {"precision": 0.29447310870925686, "recall": 0.3691551686000283, "f1-score": 0.28260110239485936, "support": 285}, "weighted avg": {"precision": 0.5778113534075393, "recall": 0.41403508771929826, "f1-score": 0.43105005667553337, "support": 285}}