,0,1,2,3,4,mean,std,var
f1-scores_macro,0.2792884629217723,0.2860422527826905,0.2856897944941731,0.28495940022777755,0.29436259588542474,0.28606850126236766,0.0048194426735891,0.011319503421699656
precisions_macro,0.366450736196995,0.3780901517617592,0.37459345122458537,0.36360442878917476,0.3830610065821711,0.3731599549109371,0.007221000928967383,0.019173640670311288
recalls_macro,0.4069996644887097,0.4166892197311543,0.41353196149948673,0.41157259854710365,0.4231726914902453,0.41439322715133997,0.005398389928432567,0.023920967922229388
supports_macro,128071.0,128073.0,128073.0,128072.0,128073.0,128072.4,0.7999999999999999,2343190675.7561903
f1-scores_weighted,0.36520920609520474,0.3730503269432331,0.3809567280097852,0.3931919673743082,0.403020505497159,0.38308574678393803,0.013596642077302826,0.019657228443659643
precisions_weighted,0.5854749436586265,0.6009165459737009,0.568991072430096,0.6098696020757517,0.6204767614708805,0.5971457851218112,0.0181622961097554,0.048163730911682974
recalls_weighted,0.38393547329215827,0.3948060871534203,0.41030506039524334,0.4172809044912237,0.41282705956759036,0.40383091697992723,0.012498187959894607,0.022007499842700656
supports_weighted,128071.0,128073.0,128073.0,128072.0,128073.0,128072.4,0.7999999999999999,2343190675.7561903
