,0,1,2,3,4,mean,std,var
f1-scores_macro,0.21524033449369606,0.21736309016719396,0.22763135778192534,0.220430519325981,0.24816728862371978,0.22576651807850326,0.011959625180978333,0.006649677783557007
precisions_macro,0.29175060648479867,0.3339109207461862,0.3489368583400553,0.2981983106066053,0.3610365449642371,0.32676664822837653,0.02741991160580485,0.013427752778475119
recalls_macro,0.3409547546412272,0.3353373548451861,0.34558201373118563,0.3544288775371439,0.3606592772083394,0.3473924555926165,0.009116654395869965,0.016416477966902033
supports_macro,128071.0,128073.0,128073.0,128072.0,128073.0,128072.4,0.7999999999999999,2343190675.7561903
f1-scores_weighted,0.36038183508497795,0.3403965361553344,0.35221876204651303,0.36180642748868214,0.3716541984008255,0.3572915518352666,0.010463214803897022,0.017275503153543068
precisions_weighted,0.5606025891021722,0.5806755398430581,0.5866164394138442,0.5768819798169905,0.6046563766871171,0.5818865849726365,0.01428534998548918,0.04619451106192585
recalls_weighted,0.38075754854729016,0.36193420939620374,0.3813762463594981,0.3901243050783934,0.3845775456185144,0.37975397099998,0.00950782361899352,0.019658505065517265
supports_weighted,128071.0,128073.0,128073.0,128072.0,128073.0,128072.4,0.7999999999999999,2343190675.7561903
