,0,1,2,3,4,mean,std,var
f1-scores_macro,0.26598379959394386,0.2738697799634831,0.26825160506754026,0.25621896425812113,0.2672837157848668,0.26632157293359104,0.005723687013614667,0.009728908800757377
precisions_macro,0.36423019259162803,0.37375657288109204,0.3813326287916759,0.3357257650450636,0.3445026575148231,0.3599095633648565,0.017271850455489398,0.017020111963858546
recalls_macro,0.3907198059547487,0.39734768213084737,0.3903866197047819,0.3939791570025511,0.3955035244135904,0.39358735784130383,0.0026993635590155463,0.021833704146928867
supports_macro,128071.0,128073.0,128073.0,128072.0,128073.0,128072.4,0.7999999999999999,2343190675.7561903
f1-scores_weighted,0.3723760558599198,0.3707596928775626,0.3778998292140725,0.36926837042922683,0.36911855583245257,0.37188450084264685,0.0032306527157477446,0.019423791845870633
precisions_weighted,0.5802805357515864,0.6108972017062815,0.6030407263644297,0.5895201231941787,0.5884332082997068,0.5944343590632366,0.011005353106679171,0.04872798935342464
recalls_weighted,0.38530971101966877,0.385303693987023,0.39694549202408,0.40032950215503776,0.38588148946304063,0.39075397772977005,0.006528587781015568,0.021125397326955703
supports_weighted,128071.0,128073.0,128073.0,128072.0,128073.0,128072.4,0.7999999999999999,2343190675.7561903
