,0,1,2,3,4,mean,std,var
f1-scores_macro,0.2480751211544445,0.2533379671775457,0.25547090191861516,0.2553289131101823,0.26439371671877837,0.25532132401591323,0.005268242605578945,0.008955492010526495
precisions_macro,0.3540223859145482,0.35950365182987315,0.3703440746010487,0.3431931063162312,0.4079672059115281,0.3670060849146458,0.022274992705331873,0.017390554550374995
recalls_macro,0.3696154556951375,0.373544538858067,0.3747540800683447,0.3754308621993696,0.37934042710007604,0.37453707278419895,0.003134504832657409,0.019713882954883452
supports_macro,128071.0,128073.0,128073.0,128072.0,128073.0,128072.4,0.7999999999999999,2343190675.7561903
f1-scores_weighted,0.35660397777431996,0.3582481103699358,0.3660240210088541,0.37049688522237734,0.3778666154572308,0.3658479219665436,0.00786511924871787,0.018358933947098522
precisions_weighted,0.5792852161649513,0.604813141037992,0.5933090038112655,0.5975298101164807,0.6147983773654234,0.5979471096992226,0.011841115181916302,0.04919116288478626
recalls_weighted,0.37385512723411235,0.37519227315671533,0.3894653830237443,0.4005637453932163,0.39160478789440395,0.38613626334043843,0.010195462346062193,0.020276835141654962
supports_weighted,128071.0,128073.0,128073.0,128072.0,128073.0,128072.4,0.7999999999999999,2343190675.7561903
