,0,1,2,3,4,mean,std,var
f1-scores_macro,0.060723077913633156,0.061018837480491084,0.06001310604028632,0.06723408591569874,0.053669983095911394,0.06053181808920414,0.004302278556552659,0.000467104826751432
precisions_macro,0.06912788923577212,0.08259121768816866,0.07846689779673725,0.0795065261062655,0.06349960644312326,0.07463842745401336,0.007156001776536888,0.0006932276024238043
recalls_macro,0.11529223341493426,0.13164159552490381,0.13759696536216848,0.13807014645504656,0.11724541290638343,0.12796927073268732,0.009837830710589579,0.0020742291592458217
supports_macro,128071.0,128073.0,128073.0,128072.0,128073.0,128072.4,0.7999999999999999,2343190675.7561903
f1-scores_weighted,0.09585717186450483,0.1359376331065369,0.10485521734790904,0.15150761502667517,0.1136982756982699,0.12037118260877917,0.020484147002970837,0.0017750125961445784
precisions_weighted,0.2140822094016331,0.38851398014597205,0.34829450913910115,0.3779838819129429,0.23260486087201732,0.3122958882943333,0.07404943930527959,0.012678200092506732
recalls_weighted,0.09248776069523935,0.10554917898386076,0.08878530213237763,0.13044225123368106,0.09847508842613197,0.10314791629425815,0.014781784097553034,0.0012975947584563548
supports_weighted,128071.0,128073.0,128073.0,128072.0,128073.0,128072.4,0.7999999999999999,2343190675.7561903
