,0,1,2,3,4,mean,std,var
f1-scores_macro,0.17585091447364928,0.18317656759060358,0.18750113623947848,0.19292537559434406,0.18963896219485185,0.18581859121858546,0.005903684355544646,0.004653240818646821
precisions_macro,0.27716818982645924,0.2792904795319148,0.29667044199155335,0.24250211319441534,0.25100504906828564,0.26932725472252567,0.01981760550609007,0.009220861961725663
recalls_macro,0.30634195632430794,0.3007416097316823,0.30824161306760517,0.3190603985011022,0.30225224044108007,0.30732756361315555,0.006459102359782293,0.012966456808979294
supports_macro,128071.0,128073.0,128073.0,128072.0,128073.0,128072.4,0.7999999999999999,2343190675.7561903
f1-scores_weighted,0.3295562907400526,0.365732402009708,0.3457629071595392,0.3428011409691122,0.3442283560002902,0.3456162193757405,0.011597020824649938,0.016050479314869876
precisions_weighted,0.5750924621710122,0.5704392032744737,0.5634927275964273,0.5326005276208315,0.5557602737316194,0.5594770388788728,0.014941870359955747,0.04254584239686745
recalls_weighted,0.352648140484575,0.3871229689317811,0.37468475010345664,0.3772643513023924,0.3660022018692464,0.3715444825382903,0.011602206991749733,0.018620524823845467
supports_weighted,128071.0,128073.0,128073.0,128072.0,128073.0,128072.4,0.7999999999999999,2343190675.7561903
