,0,1,2,3,4,mean,std,var
f1-scores_macro,0.1639828211348639,0.1490904741802566,0.15632646855113883,0.15561635876112978,0.154283210741117,0.15585986667370122,0.004786855361376473,0.0032795313793004452
precisions_macro,0.15421970009850056,0.14447530187152507,0.1499362132751473,0.14777637446222686,0.14653842773962938,0.1485892034894058,0.003325882924963182,0.0030237082431313765
recalls_macro,0.29219125107081995,0.2980717931830171,0.2890548545096996,0.3093485665532222,0.2930720450543779,0.2963477020742274,0.007115990539727428,0.01199290961882641
supports_macro,128071.0,128073.0,128073.0,128072.0,128073.0,128072.4,0.7999999999999999,2343190675.7561903
f1-scores_weighted,0.2604834974968511,0.2314223675681802,0.25590290155945705,0.25283931223846123,0.24186855855924713,0.24850332748443932,0.01051530583631901,0.008183328539928892
precisions_weighted,0.42501217609606945,0.41965575610304406,0.4316857110075821,0.4364280876471586,0.4230306751431507,0.427162481199401,0.006072192779194366,0.025361730699786814
recalls_weighted,0.23007550499332402,0.20410234787972484,0.22654267488073207,0.22203916546942346,0.21905475783342312,0.22036289021132555,0.008960479567975518,0.006451334098761933
supports_weighted,128071.0,128073.0,128073.0,128072.0,128073.0,128072.4,0.7999999999999999,2343190675.7561903
