,0,1,2,3,4,mean,std,var
f1-scores_macro,0.1488506412543526,0.13337358767276192,0.13734424051995336,0.13639616995670978,0.14311181360888367,0.13981529060253226,0.005509929881032406,0.002602146570630463
precisions_macro,0.14083550714135118,0.12977400999598687,0.13697617444403956,0.13455629215902148,0.13659540077493998,0.13574747690306782,0.0036115911238623474,0.0025051399887985725
recalls_macro,0.2697218851142228,0.2743556002964158,0.266444204751308,0.27621216390359254,0.27039783037472354,0.2714263368880525,0.0034718682712194904,0.010267130212752874
supports_macro,128071.0,128073.0,128073.0,128072.0,128073.0,128072.4,0.7999999999999999,2343190675.7561903
f1-scores_weighted,0.23168181684718772,0.203532411602307,0.20842303821219121,0.21587473921666675,0.21096024371986574,0.2140944499196437,0.00965432253552996,0.006048495288945174
precisions_weighted,0.4135722151287817,0.37014320437994697,0.423056529453827,0.4288875460628359,0.4005130401024646,0.4072345070255712,0.02088204916582061,0.021687414985079843
recalls_weighted,0.21320986015569487,0.1776643008284338,0.18723696641758997,0.1908145418202261,0.189017201127482,0.19158857406988533,0.011726150017793367,0.004736084293184765
supports_weighted,128071.0,128073.0,128073.0,128072.0,128073.0,128072.4,0.7999999999999999,2343190675.7561903
