,0,1,2,3,4,mean,std,var
f1-scores_macro,0.09355435806034407,0.09532019601019645,0.10737144954774805,0.09573846311247783,0.09329396191336424,0.09705568572882613,0.005245414085811691,0.0012270894949426598
precisions_macro,0.10237776610091129,0.1032331130669494,0.11901367753039348,0.10250839025796737,0.0937216033380072,0.10417091005884575,0.008201884633433907,0.0013717810702506105
recalls_macro,0.1774374706616863,0.1896590950499295,0.1991241322501081,0.19888437304100978,0.2043535036833725,0.19389171493722124,0.009491165106939108,0.004932720337959843
supports_macro,128071.0,128073.0,128073.0,128072.0,128073.0,128072.4,0.7999999999999999,2343190675.7561903
f1-scores_weighted,0.16268390892687576,0.17506365859253734,0.17801337161455752,0.19037774043316263,0.14441143275356008,0.17011002246413864,0.015577846486205178,0.00361368061940529
precisions_weighted,0.3649996632036674,0.36380030105434985,0.4424098808839416,0.4336035458125515,0.27991741710186685,0.3769461616112754,0.05869525953703358,0.017340035529776254
recalls_weighted,0.13399598660118214,0.15457590592865006,0.14963341219460777,0.158606096570679,0.12367946405565576,0.14409817307015496,0.013189992051465439,0.002593115888258384
supports_weighted,128071.0,128073.0,128073.0,128072.0,128073.0,128072.4,0.7999999999999999,2343190675.7561903
