,0,1,2,3,4,mean,std,var
f1-scores_macro,0.1254952725121292,0.11938751416225779,0.1264273817464898,0.12574319248603882,0.12051084932515706,0.12351284204641452,0.0029471791852048864,0.0020838209439813537
precisions_macro,0.12339255433257108,0.12000368019166277,0.1340825033025284,0.1257256767151636,0.11744361905901858,0.12412960672018888,0.0057249722576413345,0.0020301209650127076
recalls_macro,0.22740792878937818,0.2394689430718029,0.23506659687431436,0.2582055571503529,0.2429909811209595,0.2406280014013616,0.01021368783207147,0.0076713265489340016
supports_macro,128071.0,128073.0,128073.0,128072.0,128073.0,128072.4,0.7999999999999999,2343190675.7561903
f1-scores_weighted,0.21048044723767612,0.1843091268806985,0.19462837503132246,0.2094123602997133,0.20001977518411596,0.1997700169267053,0.009728577334342021,0.005238263694459206
precisions_weighted,0.3560215328360129,0.34374078221196935,0.43588259089556647,0.41973657063814573,0.3505046233284061,0.38117721998202014,0.03861244562051129,0.018006809078285755
recalls_weighted,0.1804155507491938,0.1647029428529042,0.17255003006098085,0.1841698419638953,0.17454108203914956,0.17527588953322476,0.006712316450743945,0.004096642874921895
supports_weighted,128071.0,128073.0,128073.0,128072.0,128073.0,128072.4,0.7999999999999999,2343190675.7561903
