{"0": {"precision": 0.12809164280135382, "recall": 0.7935483870967742, "f1-score": 0.22057834566240755, "support": 620}, "1": {"precision": 0.19056261343012704, "recall": 0.4158415841584158, "f1-score": 0.2613565650280025, "support": 505}, "2": {"precision": 0.023809523809523808, "recall": 0.34782608695652173, "f1-score": 0.04456824512534818, "support": 23}, "3": {"precision": 0.3333333333333333, "recall": 0.013333333333333334, "f1-score": 0.025641025641025644, "support": 150}, "4": {"precision": 0.38596491228070173, "recall": 0.9166666666666666, "f1-score": 0.5432098765432098, "support": 24}, "5": {"precision": 0.17922374429223745, "recall": 0.8579234972677595, "f1-score": 0.29650613786591123, "support": 183}, "6": {"precision": 0.652542372881356, "recall": 0.4723926380368098, "f1-score": 0.5480427046263345, "support": 163}, "7": {"precision": 0.49921507064364207, "recall": 0.9875776397515528, "f1-score": 0.6631908237747653, "support": 322}, "8": {"precision": 0.6057971014492753, "recall": 0.46444444444444444, "f1-score": 0.5257861635220126, "support": 450}, "9": {"precision": 0.09948542024013722, "recall": 0.8285714285714286, "f1-score": 0.17764165390505363, "support": 70}, "10": {"precision": 0.038574328896909545, "recall": 0.47368421052631576, "f1-score": 0.07133917396745933, "support": 361}, "11": {"precision": 0.1875, "recall": 0.0018598884066955983, "f1-score": 0.003683241252302026, "support": 1613}, "12": {"precision": 0.49377593360995853, "recall": 0.8561151079136691, "f1-score": 0.6263157894736842, "support": 139}, "13": {"precision": 0.3224115334207077, "recall": 0.5616438356164384, "f1-score": 0.40965861781848456, "support": 438}, "14": {"precision": 0.3333333333333333, "recall": 0.3023255813953488, "f1-score": 0.31707317073170727, "support": 43}, "15": {"precision": 0.7786885245901639, "recall": 0.07450980392156863, "f1-score": 0.13600572655690768, "support": 1275}, "16": {"precision": 0.005780346820809248, "recall": 0.008064516129032258, "f1-score": 0.006734006734006733, "support": 124}, "17": {"precision": 0.6111111111111112, "recall": 0.018612521150592216, "f1-score": 0.036124794745484405, "support": 591}, "18": {"precision": 0.3618843683083512, "recall": 0.7412280701754386, "f1-score": 0.48633093525179855, "support": 228}, "19": {"precision": 0.17391304347826086, "recall": 0.1568627450980392, "f1-score": 0.16494845360824742, "support": 51}, "20": {"precision": 0.0, "recall": 0.0, "f1-score": 0.0, "support": 20}, "21": {"precision": 0.06566604127579738, "recall": 0.5497382198952879, "f1-score": 0.11731843575418997, "support": 382}, "22": {"precision": 0.10144927536231885, "recall": 0.06086956521739131, "f1-score": 0.07608695652173914, "support": 115}, "23": {"precision": 0.9464285714285714, "recall": 0.38686131386861317, "f1-score": 0.5492227979274611, "support": 137}, "24": {"precision": 0.0, "recall": 0.0, "f1-score": 0.0, "support": 107}, "25": {"precision": 0.1935483870967742, "recall": 0.057692307692307696, "f1-score": 0.08888888888888888, "support": 208}, "26": {"precision": 0.7011173184357542, "recall": 0.14285714285714285, "f1-score": 0.23735224586288417, "support": 1757}, "27": {"precision": 0.13043478260869565, "recall": 0.2608695652173913, "f1-score": 0.1739130434782609, "support": 23}, "28": {"precision": 0.7027027027027027, "recall": 0.208, "f1-score": 0.32098765432098764, "support": 125}, "29": {"precision": 0.15789473684210525, "recall": 0.10714285714285714, "f1-score": 0.1276595744680851, "support": 28}, "30": {"precision": 0.21428571428571427, "recall": 0.21428571428571427, "f1-score": 0.21428571428571427, "support": 70}, "31": {"precision": 0.29411764705882354, "recall": 0.2, "f1-score": 0.2380952380952381, "support": 25}, "32": {"precision": 0.07807178412365733, "recall": 0.6221294363256785, "f1-score": 0.13873370577281194, "support": 479}, "33": {"precision": 0.10526315789473684, "recall": 0.011235955056179775, "f1-score": 0.02030456852791878, "support": 178}, "34": {"precision": 0.0, "recall": 0.0, "f1-score": 0.0, "support": 220}, "35": {"precision": 0.6666666666666666, "recall": 0.09433962264150944, "f1-score": 0.1652892561983471, "support": 106}, "36": {"precision": 0.6666666666666666, "recall": 0.009302325581395349, "f1-score": 0.01834862385321101, "support": 430}, "37": {"precision": 0.75, "recall": 0.2857142857142857, "f1-score": 0.4137931034482759, "support": 21}, "38": {"precision": 0.9761904761904762, "recall": 0.03810408921933085, "f1-score": 0.07334525939177101, "support": 1076}, "39": {"precision": 0.23809523809523808, "recall": 0.10638297872340426, "f1-score": 0.14705882352941177, "support": 47}, "40": {"precision": 0.1111111111111111, "recall": 0.003401360544217687, "f1-score": 0.0066006600660066, "support": 294}, "41": {"precision": 0.11553256400053058, "recall": 0.5396530359355638, "f1-score": 0.19032011362394843, "support": 1614}, "42": {"precision": 0.09183247530262975, "recall": 0.9428571428571428, "f1-score": 0.16736401673640167, "support": 700}, "43": {"precision": 0.5043064369900272, "recall": 0.9156378600823045, "f1-score": 0.6503946214557147, "support": 2430}, "44": {"precision": 0.375, "recall": 0.10112359550561797, "f1-score": 0.15929203539823006, "support": 89}, "45": {"precision": 0.2737430167597765, "recall": 0.3828125, "f1-score": 0.3192182410423453, "support": 128}, "46": {"precision": 0.3028169014084507, "recall": 0.7413793103448276, "f1-score": 0.43, "support": 58}, "47": {"precision": 0.13043478260869565, "recall": 0.06521739130434782, "f1-score": 0.08695652173913045, "support": 46}, "48": {"precision": 0.2608695652173913, "recall": 0.5853658536585366, "f1-score": 0.3609022556390977, "support": 41}, "49": {"precision": 0.23893805309734514, "recall": 0.30337078651685395, "f1-score": 0.2673267326732674, "support": 89}, "50": {"precision": 0.5, "recall": 0.2647058823529412, "f1-score": 0.3461538461538462, "support": 68}, "51": {"precision": 0.0, "recall": 0.0, "f1-score": 0.0, "support": 43}, "52": {"precision": 0.5333333333333333, "recall": 0.55, "f1-score": 0.5415384615384614, "support": 160}, "53": {"precision": 0.9854981084489282, "recall": 0.3656995788488535, "f1-score": 0.5334470989761092, "support": 4274}, "54": {"precision": 0.09836065573770492, "recall": 0.002552105487026797, "f1-score": 0.0049751243781094535, "support": 2351}, "55": {"precision": 0.1, "recall": 0.005714285714285714, "f1-score": 0.010810810810810811, "support": 700}, "56": {"precision": 0.38267148014440433, "recall": 0.6022727272727273, "f1-score": 0.46799116997792495, "support": 176}, "57": {"precision": 0.15041782729805014, "recall": 0.5364238410596026, "f1-score": 0.23495286439448876, "support": 604}, "58": {"precision": 0.14569031273836766, "recall": 0.8842592592592593, "f1-score": 0.2501637197118533, "support": 216}, "59": {"precision": 0.5555555555555556, "recall": 0.014970059880239521, "f1-score": 0.029154518950437323, "support": 334}, "60": {"precision": 0.3333333333333333, "recall": 0.025, "f1-score": 0.046511627906976744, "support": 40}, "61": {"precision": 0.125, "recall": 0.0018322475570032573, "f1-score": 0.0036115569823434992, "support": 4912}, "62": {"precision": 0.7115113704970819, "recall": 0.919386295670264, "f1-score": 0.8022009189403824, "support": 7691}, "63": {"precision": 0.5763310009126863, "recall": 0.6968805179517363, "f1-score": 0.6308988576947414, "support": 13592}, "64": {"precision": 0.03345622119815668, "recall": 0.8422273781902552, "f1-score": 0.06435599680879354, "support": 431}, "65": {"precision": 0.11119239209948793, "recall": 0.8539325842696629, "f1-score": 0.19676375404530744, "support": 178}, "66": {"precision": 0.0, "recall": 0.0, "f1-score": 0.0, "support": 33}, "67": {"precision": 0.8888888888888888, "recall": 0.08333333333333333, "f1-score": 0.15238095238095237, "support": 96}, "68": {"precision": 0.3287671232876712, "recall": 0.43636363636363634, "f1-score": 0.37500000000000006, "support": 55}, "69": {"precision": 0.3, "recall": 0.06666666666666667,