{"0": {"precision": 0.12185779267416806, "recall": 0.8209677419354838, "f1-score": 0.2122159683135293, "support": 620}, "1": {"precision": 0.19659735349716445, "recall": 0.41188118811881186, "f1-score": 0.2661548304542546, "support": 505}, "2": {"precision": 0.02588235294117647, "recall": 0.4782608695652174, "f1-score": 0.049107142857142856, "support": 23}, "3": {"precision": 0.25, "recall": 0.04, "f1-score": 0.06896551724137932, "support": 150}, "4": {"precision": 0.22857142857142856, "recall": 1.0, "f1-score": 0.3720930232558139, "support": 24}, "5": {"precision": 0.249185667752443, "recall": 0.8360655737704918, "f1-score": 0.383939774153074, "support": 183}, "6": {"precision": 0.5235294117647059, "recall": 0.5460122699386503, "f1-score": 0.5345345345345346, "support": 163}, "7": {"precision": 0.47470238095238093, "recall": 0.9906832298136646, "f1-score": 0.641851106639839, "support": 322}, "8": {"precision": 0.5592705167173252, "recall": 0.4088888888888889, "f1-score": 0.472400513478819, "support": 450}, "9": {"precision": 0.08309859154929577, "recall": 0.8428571428571429, "f1-score": 0.1512820512820513, "support": 70}, "10": {"precision": 0.3684210526315789, "recall": 0.44598337950138506, "f1-score": 0.40350877192982454, "support": 361}, "11": {"precision": 0.23076923076923078, "recall": 0.0037197768133911966, "f1-score": 0.007321537522879805, "support": 1613}, "12": {"precision": 0.8226950354609929, "recall": 0.8345323741007195, "f1-score": 0.8285714285714286, "support": 139}, "13": {"precision": 0.41906474820143885, "recall": 0.5319634703196348, "f1-score": 0.46881287726358145, "support": 438}, "14": {"precision": 0.3076923076923077, "recall": 0.46511627906976744, "f1-score": 0.37037037037037035, "support": 43}, "15": {"precision": 0.8313253012048193, "recall": 0.1623529411764706, "f1-score": 0.27165354330708663, "support": 1275}, "16": {"precision": 0.015, "recall": 0.024193548387096774, "f1-score": 0.018518518518518517, "support": 124}, "17": {"precision": 0.3508771929824561, "recall": 0.0338409475465313, "f1-score": 0.06172839506172839, "support": 591}, "18": {"precision": 0.4056603773584906, "recall": 0.7543859649122807, "f1-score": 0.5276073619631902, "support": 228}, "19": {"precision": 0.11538461538461539, "recall": 0.11764705882352941, "f1-score": 0.11650485436893204, "support": 51}, "20": {"precision": 0.15384615384615385, "recall": 0.1, "f1-score": 0.12121212121212123, "support": 20}, "21": {"precision": 0.06881791241356602, "recall": 0.5471204188481675, "f1-score": 0.12225797016671543, "support": 382}, "22": {"precision": 0.10975609756097561, "recall": 0.0782608695652174, "f1-score": 0.09137055837563451, "support": 115}, "23": {"precision": 0.9137931034482759, "recall": 0.38686131386861317, "f1-score": 0.5435897435897437, "support": 137}, "24": {"precision": 0.0, "recall": 0.0, "f1-score": 0.0, "support": 107}, "25": {"precision": 0.5777777777777777, "recall": 0.375, "f1-score": 0.45481049562682213, "support": 208}, "26": {"precision": 0.8208333333333333, "recall": 0.11212293682413205, "f1-score": 0.19729594391587382, "support": 1757}, "27": {"precision": 0.1111111111111111, "recall": 0.21739130434782608, "f1-score": 0.14705882352941177, "support": 23}, "28": {"precision": 0.696969696969697, "recall": 0.184, "f1-score": 0.2911392405063291, "support": 125}, "29": {"precision": 0.2, "recall": 0.07142857142857142, "f1-score": 0.10526315789473682, "support": 28}, "30": {"precision": 0.23636363636363636, "recall": 0.18571428571428572, "f1-score": 0.20800000000000002, "support": 70}, "31": {"precision": 0.2777777777777778, "recall": 0.4, "f1-score": 0.3278688524590164, "support": 25}, "32": {"precision": 0.06401017380245867, "recall": 0.6304801670146137, "f1-score": 0.11622089667115644, "support": 479}, "33": {"precision": 0.3873239436619718, "recall": 0.3089887640449438, "f1-score": 0.34375, "support": 178}, "34": {"precision": 0.0, "recall": 0.0, "f1-score": 0.0, "support": 220}, "35": {"precision": 0.5333333333333333, "recall": 0.3018867924528302, "f1-score": 0.38554216867469876, "support": 106}, "36": {"precision": 0.14285714285714285, "recall": 0.002325581395348837, "f1-score": 0.004576659038901602, "support": 430}, "37": {"precision": 0.7142857142857143, "recall": 0.23809523809523808, "f1-score": 0.35714285714285715, "support": 21}, "38": {"precision": 0.8923076923076924, "recall": 0.05390334572490706, "f1-score": 0.10166520595968448, "support": 1076}, "39": {"precision": 0.1111111111111111, "recall": 0.10638297872340426, "f1-score": 0.10869565217391305, "support": 47}, "40": {"precision": 0.13636363636363635, "recall": 0.01020408163265306, "f1-score": 0.018987341772151896, "support": 294}, "41": {"precision": 0.11357736240913811, "recall": 0.5421313506815365, "f1-score": 0.1878085426057094, "support": 1614}, "42": {"precision": 0.09551543389633081, "recall": 0.9371428571428572, "f1-score": 0.1733615221987315, "support": 700}, "43": {"precision": 0.5147669589293955, "recall": 0.9181069958847736, "f1-score": 0.6596688350088705, "support": 2430}, "44": {"precision": 0.5384615384615384, "recall": 0.07865168539325842, "f1-score": 0.1372549019607843, "support": 89}, "45": {"precision": 0.24537037037037038, "recall": 0.4140625, "f1-score": 0.3081395348837209, "support": 128}, "46": {"precision": 0.2875816993464052, "recall": 0.7586206896551724, "f1-score": 0.4170616113744075, "support": 58}, "47": {"precision": 0.6666666666666666, "recall": 0.13043478260869565, "f1-score": 0.21818181818181817, "support": 46}, "48": {"precision": 0.18452380952380953, "recall": 0.7560975609756098, "f1-score": 0.29665071770334933, "support": 41}, "49": {"precision": 0.24277456647398843, "recall": 0.47191011235955055, "f1-score": 0.32061068702290074, "support": 89}, "50": {"precision": 0.35294117647058826, "recall": 0.35294117647058826, "f1-score": 0.35294117647058826, "support": 68}, "51": {"precision": 0.0, "recall": 0.0, "f1-score": 0.0, "support": 43}, "52": {"precision": 0.7254901960784313, "recall": 0.69375, "f1-score": 0.7092651757188498, "support": 160}, "53": {"precision": 0.9765944997074313, "recall": 0.39050070191857744, "f1-score": 0.5579140899214441, "support": 4274}, "54": {"precision": 0.125, "recall": 0.0008507018290089324, "f1-score": 0.0016899028305872414, "support": 2351}, "55": {"precision": 0.04878048780487805, "recall": 0.002857142857142857, "f1-score": 0.005398110661268556, "support": 700}, "56": {"precision": 0.39659367396593675, "recall": 0.9261363636363636, "f1-score": 0.555366269165247, "support": 176}, "57": {"precision": 0.15913461538461537, "recall": 0.5480132450331126, "f1-score": 0.24664679582712365, "support": 604}, "58": {"precision": 0.13429602888086642, "recall": 0.8611111111111112, "f1-score": 0.23235477826358525, "support": 216}, "59": {"precision": 0.8921568627450981, "recall": 0.27245508982035926, "f1-score": 0.4174311926605504, "support": 334}, "60": {"precision": 0.14285714285714285, "recall": 0.025, "f1-score": 0.0425531914893617, "support": 40}, "61": {"precision": 0.2231404958677686, "recall": 0.005496742671009772, "f1-score": 0.01072918736340155, "support": 4912}, "62": {"precision": 0.6969015736487147, "recall": 0.9270575997919647, "f1-score": 0.7956701261019977, "support": 7691}, "63": {"precision": 0.5595704283849531, "recall": 0.6938640376692172, "f1-score": 0.6195230900610917, "support": 13592}, "64": {"precision": 0.0335608646188851, "recall": 0.8213457076566125, "f1-score": 0.06448674742690592, "support": 431}, "65": {"precision": 0.10578279266572638, "recall": 0.8426966292134831, "f1-score": 0.1879699248120301, "support": 178}, "66": {"precision": 0.0, "recall": 0.0, "f1-score": 0.0, "support": 33}, "67": {"precision": 0.6, "recall": 0.125, "f1-score": 0.20689655172413793, "support": 96}, "68": {"precision": 0.43103448275862066, "recall": 0.45454545454545453, "f1-score": 0.44247787610619466, "support": 55}, "69": {"precision": 0.3333333333333333, "recall": 0.13333333333333333,