{"0": {"precision": 0.35714285714285715, "recall": 1.0, "f1-score": 0.5263157894736842, "support": 5}, "11": {"precision": 0.125, "recall": 1.0, "f1-score": 0.2222222222222222, "support": 2}, "12": {"precision": 0.8, "recall": 0.8, "f1-score": 0.8000000000000002, "support": 15}, "13": {"precision": 1.0, "recall": 0.2, "f1-score": 0.33333333333333337, "support": 5}, "14": {"precision": 0.0, "recall": 0.0, "f1-score": 0.0, "support": 0}, "16": {"precision": 0.8275862068965517, "recall": 0.631578947368421, "f1-score": 0.716417910447761, "support": 38}, "22": {"precision": 0.8571428571428571, "recall": 1.0, "f1-score": 0.923076923076923, "support": 6}, "23": {"precision": 1.0, "recall": 1.0, "f1-score": 1.0, "support": 6}, "27": {"precision": 0.42857142857142855, "recall": 1.0, "f1-score": 0.6, "support": 3}, "29": {"precision": 0.3157894736842105, "recall": 0.3157894736842105, "f1-score": 0.3157894736842105, "support": 19}, "31": {"precision": 1.0, "recall": 0.3333333333333333, "f1-score": 0.5, "support": 3}, "36": {"precision": 0.0, "recall": 0.0, "f1-score": 0.0, "support": 0}, "37": {"precision": 1.0, "recall": 1.0, "f1-score": 1.0, "support": 4}, "43": {"precision": 0.75, "recall": 0.6, "f1-score": 0.6666666666666665, "support": 5}, "44": {"precision": 0.5, "recall": 0.3333333333333333, "f1-score": 0.4, "support": 6}, "46": {"precision": 0.803921568627451, "recall": 0.6833333333333333, "f1-score": 0.7387387387387387, "support": 60}, "49": {"precision": 0.16666666666666666, "recall": 1.0, "f1-score": 0.2857142857142857, "support": 1}, "51": {"precision": 0.0, "recall": 0.0, "f1-score": 0.0, "support": 2}, "53": {"precision": 1.0, "recall": 1.0, "f1-score": 1.0, "support": 1}, "56": {"precision": 0.5, "recall": 1.0, "f1-score": 0.6666666666666666, "support": 1}, "59": {"precision": 1.0, "recall": 1.0, "f1-score": 1.0, "support": 3}, "61": {"precision": 0.3333333333333333, "recall": 1.0, "f1-score": 0.5, "support": 1}, "62": {"precision": 0.625, "recall": 0.8333333333333334, "f1-score": 0.7142857142857143, "support": 6}, "68": {"precision": 0.0, "recall": 0.0, "f1-score": 0.0, "support": 0}, "70": {"precision": 0.8571428571428571, "recall": 0.8571428571428571, "f1-score": 0.8571428571428571, "support": 14}, "73": {"precision": 1.0, "recall": 1.0, "f1-score": 1.0, "support": 21}, "74": {"precision": 1.0, "recall": 1.0, "f1-score": 1.0, "support": 15}, "75": {"precision": 0.7777777777777778, "recall": 0.30434782608695654, "f1-score": 0.43750000000000006, "support": 23}, "76": {"precision": 1.0, "recall": 0.5, "f1-score": 0.6666666666666666, "support": 2}, "77": {"precision": 1.0, "recall": 1.0, "f1-score": 1.0, "support": 18}, "accuracy": 0.7087719298245614, "macro avg": {"precision": 0.6341691675661997, "recall": 0.6797397479205259, "f1-score": 0.5956845749373244, "support": 285}, "weighted avg": {"precision": 0.7913569985364584, "recall": 0.7087719298245614, "f1-score": 0.7227951523615517, "support": 285}}