{"0": {"precision": 0.6363636363636364, "recall": 1.0, "f1-score": 0.7777777777777778, "support": 7}, "4": {"precision": 0.0, "recall": 0.0, "f1-score": 0.0, "support": 0}, "6": {"precision": 0.0, "recall": 0.0, "f1-score": 0.0, "support": 0}, "11": {"precision": 1.0, "recall": 1.0, "f1-score": 1.0, "support": 9}, "12": {"precision": 0.7368421052631579, "recall": 0.875, "f1-score": 0.7999999999999999, "support": 16}, "13": {"precision": 0.875, "recall": 0.875, "f1-score": 0.875, "support": 8}, "16": {"precision": 0.7931034482758621, "recall": 0.6571428571428571, "f1-score": 0.71875, "support": 35}, "21": {"precision": 0.0, "recall": 0.0, "f1-score": 0.0, "support": 0}, "22": {"precision": 1.0, "recall": 1.0, "f1-score": 1.0, "support": 10}, "23": {"precision": 1.0, "recall": 1.0, "f1-score": 1.0, "support": 2}, "27": {"precision": 1.0, "recall": 1.0, "f1-score": 1.0, "support": 1}, "29": {"precision": 0.75, "recall": 1.0, "f1-score": 0.8571428571428571, "support": 15}, "31": {"precision": 0.75, "recall": 1.0, "f1-score": 0.8571428571428571, "support": 3}, "36": {"precision": 0.0, "recall": 0.0, "f1-score": 0.0, "support": 1}, "37": {"precision": 0.6666666666666666, "recall": 1.0, "f1-score": 0.8, "support": 4}, "43": {"precision": 0.0, "recall": 0.0, "f1-score": 0.0, "support": 0}, "44": {"precision": 0.6666666666666666, "recall": 0.3333333333333333, "f1-score": 0.4444444444444444, "support": 6}, "46": {"precision": 1.0, "recall": 0.6833333333333333, "f1-score": 0.8118811881188119, "support": 60}, "49": {"precision": 1.0, "recall": 1.0, "f1-score": 1.0, "support": 2}, "51": {"precision": 0.07692307692307693, "recall": 0.5, "f1-score": 0.13333333333333336, "support": 2}, "53": {"precision": 0.0, "recall": 0.0, "f1-score": 0.0, "support": 0}, "56": {"precision": 1.0, "recall": 1.0, "f1-score": 1.0, "support": 3}, "59": {"precision": 1.0, "recall": 1.0, "f1-score": 1.0, "support": 3}, "61": {"precision": 1.0, "recall": 1.0, "f1-score": 1.0, "support": 1}, "62": {"precision": 0.375, "recall": 0.75, "f1-score": 0.5, "support": 4}, "67": {"precision": 0.0, "recall": 0.0, "f1-score": 0.0, "support": 1}, "70": {"precision": 0.6, "recall": 0.8571428571428571, "f1-score": 0.7058823529411764, "support": 14}, "71": {"precision": 1.0, "recall": 0.5, "f1-score": 0.6666666666666666, "support": 2}, "73": {"precision": 0.9411764705882353, "recall": 1.0, "f1-score": 0.9696969696969697, "support": 16}, "74": {"precision": 1.0, "recall": 1.0, "f1-score": 1.0, "support": 15}, "75": {"precision": 0.875, "recall": 0.30434782608695654, "f1-score": 0.4516129032258065, "support": 23}, "77": {"precision": 1.0, "recall": 0.8636363636363636, "f1-score": 0.9268292682926829, "support": 22}, "accuracy": 0.775438596491228, "macro avg": {"precision": 0.6482106897108532, "recall": 0.6624667678336156, "f1-score": 0.6342550193369807, "support": 285}, "weighted avg": {"precision": 0.8645858813274939, "recall": 0.775438596491228, "f1-score": 0.7936268384553397, "support": 285}}