{"0": {"precision": 0.36363636363636365, "recall": 1.0, "f1-score": 0.5333333333333333, "support": 4}, "4": {"precision": 0.0, "recall": 0.0, "f1-score": 0.0, "support": 0}, "11": {"precision": 0.6666666666666666, "recall": 1.0, "f1-score": 0.8, "support": 6}, "12": {"precision": 0.8571428571428571, "recall": 0.631578947368421, "f1-score": 0.7272727272727273, "support": 19}, "13": {"precision": 0.625, "recall": 0.5555555555555556, "f1-score": 0.5882352941176471, "support": 9}, "14": {"precision": 0.0, "recall": 0.0, "f1-score": 0.0, "support": 0}, "16": {"precision": 0.7, "recall": 0.17073170731707318, "f1-score": 0.2745098039215686, "support": 41}, "19": {"precision": 0.0, "recall": 0.0, "f1-score": 0.0, "support": 0}, "22": {"precision": 0.875, "recall": 0.875, "f1-score": 0.875, "support": 8}, "23": {"precision": 1.0, "recall": 1.0, "f1-score": 1.0, "support": 2}, "27": {"precision": 0.5, "recall": 1.0, "f1-score": 0.6666666666666666, "support": 1}, "29": {"precision": 0.44, "recall": 0.7333333333333333, "f1-score": 0.5499999999999999, "support": 15}, "31": {"precision": 1.0, "recall": 0.8333333333333334, "f1-score": 0.9090909090909091, "support": 6}, "36": {"precision": 0.5, "recall": 0.5, "f1-score": 0.5, "support": 2}, "37": {"precision": 1.0, "recall": 1.0, "f1-score": 1.0, "support": 1}, "43": {"precision": 0.6666666666666666, "recall": 0.6666666666666666, "f1-score": 0.6666666666666666, "support": 3}, "44": {"precision": 0.36363636363636365, "recall": 0.6666666666666666, "f1-score": 0.4705882352941177, "support": 6}, "46": {"precision": 0.8823529411764706, "recall": 0.4918032786885246, "f1-score": 0.631578947368421, "support": 61}, "49": {"precision": 0.3333333333333333, "recall": 0.3333333333333333, "f1-score": 0.3333333333333333, "support": 3}, "51": {"precision": 0.0, "recall": 0.0, "f1-score": 0.0, "support": 1}, "53": {"precision": 0.16666666666666666, "recall": 1.0, "f1-score": 0.2857142857142857, "support": 2}, "56": {"precision": 1.0, "recall": 1.0, "f1-score": 1.0, "support": 1}, "59": {"precision": 1.0, "recall": 1.0, "f1-score": 1.0, "support": 2}, "61": {"precision": 0.0, "recall": 0.0, "f1-score": 0.0, "support": 0}, "62": {"precision": 0.0, "recall": 0.0, "f1-score": 0.0, "support": 3}, "65": {"precision": 0.0, "recall": 0.0, "f1-score": 0.0, "support": 0}, "67": {"precision": 0.3333333333333333, "recall": 1.0, "f1-score": 0.5, "support": 1}, "68": {"precision": 0.5, "recall": 1.0, "f1-score": 0.6666666666666666, "support": 1}, "70": {"precision": 0.625, "recall": 0.8333333333333334, "f1-score": 0.7142857142857143, "support": 18}, "71": {"precision": 0.3333333333333333, "recall": 1.0, "f1-score": 0.5, "support": 1}, "73": {"precision": 0.4482758620689655, "recall": 0.7647058823529411, "f1-score": 0.5652173913043479, "support": 17}, "74": {"precision": 0.0, "recall": 0.0, "f1-score": 0.0, "support": 12}, "75": {"precision": 0.7083333333333334, "recall": 0.6071428571428571, "f1-score": 0.6538461538461539, "support": 28}, "77": {"precision": 1.0, "recall": 1.0, "f1-score": 1.0, "support": 11}, "accuracy": 0.5719298245614035, "macro avg": {"precision": 0.4967169917939516, "recall": 0.6077407322085895, "f1-score": 0.5121178273200753, "support": 285}, "weighted avg": {"precision": 0.6785074748152575, "recall": 0.5719298245614035, "f1-score": 0.5755551513575898, "support": 285}}