{"0": {"precision": 0.037723785166240406, "recall": 0.09247648902821316, "f1-score": 0.05358764759309718, "support": 638}, "1": {"precision": 0.03447317208785099, "recall": 0.2577962577962578, "f1-score": 0.060814124570868065, "support": 481}, "2": {"precision": 0.005221932114882507, "recall": 0.10526315789473684, "f1-score": 0.009950248756218905, "support": 19}, "3": {"precision": 0.1329479768786127, "recall": 0.16666666666666666, "f1-score": 0.14790996784565916, "support": 138}, "4": {"precision": 0.03090507726269316, "recall": 0.5833333333333334, "f1-score": 0.05870020964360587, "support": 24}, "5": {"precision": 0.03560830860534125, "recall": 0.06349206349206349, "f1-score": 0.04562737642585551, "support": 189}, "6": {"precision": 0.0016233766233766235, "recall": 0.006097560975609756, "f1-score": 0.002564102564102564, "support": 164}, "7": {"precision": 0.32275132275132273, "recall": 0.38006230529595014, "f1-score": 0.3490701001430615, "support": 321}, "8": {"precision": 0.13185378590078328, "recall": 0.20739219712525667, "f1-score": 0.16121308858739025, "support": 487}, "9": {"precision": 0.09219858156028368, "recall": 0.34210526315789475, "f1-score": 0.1452513966480447, "support": 76}, "10": {"precision": 0.24641148325358853, "recall": 0.29512893982808025, "f1-score": 0.2685788787483703, "support": 349}, "11": {"precision": 0.11178045515394913, "recall": 0.10470219435736677, "f1-score": 0.10812560699255423, "support": 1595}, "12": {"precision": 0.336231884057971, "recall": 0.7682119205298014, "f1-score": 0.467741935483871, "support": 151}, "13": {"precision": 0.07027649769585254, "recall": 0.12655601659751037, "f1-score": 0.09037037037037038, "support": 482}, "14": {"precision": 0.05501618122977346, "recall": 0.3090909090909091, "f1-score": 0.09340659340659341, "support": 55}, "15": {"precision": 0.35111876075731496, "recall": 0.3215130023640662, "f1-score": 0.3356643356643357, "support": 1269}, "16": {"precision": 0.0013386880856760374, "recall": 0.008547008547008548, "f1-score": 0.002314814814814815, "support": 117}, "17": {"precision": 0.1955128205128205, "recall": 0.09651898734177215, "f1-score": 0.1292372881355932, "support": 632}, "18": {"precision": 0.007971656333038087, "recall": 0.039301310043668124, "f1-score": 0.01325478645066274, "support": 229}, "19": {"precision": 0.021021021021021023, "recall": 0.14285714285714285, "f1-score": 0.03664921465968587, "support": 49}, "20": {"precision": 0.014925373134328358, "recall": 0.16666666666666666, "f1-score": 0.027397260273972605, "support": 24}, "21": {"precision": 0.03723404255319149, "recall": 0.015730337078651686, "f1-score": 0.022116903633491312, "support": 445}, "22": {"precision": 0.010238907849829351, "recall": 0.02631578947368421, "f1-score": 0.01474201474201474, "support": 114}, "23": {"precision": 0.10547667342799188, "recall": 0.3466666666666667, "f1-score": 0.16174183514774496, "support": 150}, "24": {"precision": 0.007792207792207792, "recall": 0.02586206896551724, "f1-score": 0.011976047904191617, "support": 116}, "25": {"precision": 0.17941176470588235, "recall": 0.305, "f1-score": 0.22592592592592595, "support": 200}, "26": {"precision": 0.11254851228978008, "recall": 0.04738562091503268, "f1-score": 0.06669221924108854, "support": 1836}, "27": {"precision": 0.007334963325183374, "recall": 0.24, "f1-score": 0.014234875444839857, "support": 25}, "28": {"precision": 0.02142857142857143, "recall": 0.04918032786885246, "f1-score": 0.029850746268656712, "support": 122}, "29": {"precision": 0.02544529262086514, "recall": 0.30303030303030304, "f1-score": 0.046948356807511735, "support": 33}, "30": {"precision": 0.050505050505050504, "recall": 0.2459016393442623, "f1-score": 0.08379888268156424, "support": 61}, "31": {"precision": 0.006622516556291391, "recall": 0.06666666666666667, "f1-score": 0.012048192771084336, "support": 45}, "32": {"precision": 0.04411764705882353, "recall": 0.11538461538461539, "f1-score": 0.06382978723404256, "support": 468}, "33": {"precision": 0.028130671506352088, "recall": 0.15577889447236182, "f1-score": 0.04765564950038432, "support": 199}, "34": {"precision": 0.03820086260012323, "recall": 0.29245283018867924, "f1-score": 0.067574931880109, "support": 212}, "35": {"precision": 0.10674157303370786, "recall": 0.19, "f1-score": 0.13669064748201437, "support": 100}, "36": {"precision": 0.17159763313609466, "recall": 0.26666666666666666, "f1-score": 0.20882088208820881, "support": 435}, "37": {"precision": 0.025974025974025976, "recall": 0.47619047619047616, "f1-score": 0.04926108374384237, "support": 21}, "38": {"precision": 0.12568706485892267, "recall": 0.31439046746104493, "f1-score": 0.17958115183246073, "support": 1091}, "39": {"precision": 0.015883977900552487, "recall": 0.39655172413793105, "f1-score": 0.03054448871181939, "support": 58}, "40": {"precision": 0.011480362537764351, "recall": 0.05956112852664577, "f1-score": 0.019250253292806486, "support": 319}, "41": {"precision": 0.0632368703108253, "recall": 0.07274969173859433, "f1-score": 0.06766055045871561, "support": 1622}, "42": {"precision": 0.0482611781405252, "recall": 0.10179640718562874, "f1-score": 0.065479056331247, "support": 668}, "43": {"precision": 0.1408839779005525, "recall": 0.04477611940298507, "f1-score": 0.06795469686875416, "support": 2278}, "44": {"precision": 0.07916666666666666, "recall": 0.2, "f1-score": 0.11343283582089553, "support": 95}, "45": {"precision": 0.16475972540045766, "recall": 0.6101694915254238, "f1-score": 0.2594594594594594, "support": 118}, "46": {"precision": 0.007662835249042145, "recall": 0.04, "f1-score": 0.012861736334405143, "support": 50}, "47": {"precision": 0.015544041450777202, "recall": 0.06818181818181818, "f1-score": 0.025316455696202528, "support": 44}, "48": {"precision": 0.00576036866359447, "recall": 0.11904761904761904, "f1-score": 0.01098901098901099, "support": 42}, "49": {"precision": 0.00996168582375479, "recall": 0.17105263157894737, "f1-score": 0.01882693700217234, "support": 76}, "50": {"precision": 0.1262135922330097, "recall": 0.5735294117647058, "f1-score": 0.20689655172413793, "support": 68}, "51": {"precision": 0.011703511053315995, "recall": 0.16666666666666666, "f1-score": 0.02187120291616039, "support": 54}, "52": {"precision": 0.13333333333333333, "recall": 0.5172413793103449, "f1-score": 0.21201413427561838, "support": 174}, "53": {"precision": 0.8789217852408308, "recall": 0.46723044397463004, "f1-score": 0.6101226993865031, "support": 4257}, "54": {"precision": 0.03995433789954338, "recall": 0.0149508756941478, "f1-score": 0.021759403170655892, "support": 2341}, "55": {"precision": 0.038356662425013635, "recall": 0.2922437673130194, "f1-score": 0.06781295195243453, "support": 722}, "56": {"precision": 0.29692832764505117, "recall": 0.5723684210526315, "f1-score": 0.39101123595505616, "support": 152}, "57": {"precision": 0.03250591016548463, "recall": 0.08744038155802862, "f1-score": 0.04739336492890995, "support": 629}, "58": {"precision": 0.26584022038567495, "recall": 0.8853211009174312, "f1-score": 0.4088983050847458, "support": 218}, "59": {"precision": 0.35714285714285715, "recall": 0.12064343163538874, "f1-score": 0.18036072144288579, "support": 373}, "60": {"precision": 0.015053763440860216, "recall": 0.13725490196078433, "f1-score": 0.027131782945736437, "support": 51}, "61": {"precision": 0.3376858904606456, "recall": 0.19476987447698746, "f1-score": 0.2470478970412631, "support": 4780}, "62": {"precision": 0.7789799072642968, "recall": 0.6554818571985954, "f1-score": 0.7119146832403418, "support": 7689}, "63": {"precision": 0.3648142816009214, "recall": 0.0928137132810783, "f1-score": 0.14797944405512728, "support": 13651}, "64": {"precision": 0.10869565217391304, "recall": 0.2087912087912088, "f1-score": 0.14296463506395787, "support": 455}, "65": {"precision": 0.2582236842105263, "recall": 0.7168949771689498, "f1-score": 0.37968561064087064, "support": 219}, "66": {"precision": 0.03937007874015748,