{"0": {"precision": 0.4166666666666667, "recall": 1.0, "f1-score": 0.5882352941176471, "support": 5}, "11": {"precision": 0.6666666666666666, "recall": 1.0, "f1-score": 0.8, "support": 4}, "12": {"precision": 0.8461538461538461, "recall": 0.7857142857142857, "f1-score": 0.8148148148148148, "support": 14}, "13": {"precision": 0.75, "recall": 1.0, "f1-score": 0.8571428571428571, "support": 6}, "16": {"precision": 0.9615384615384616, "recall": 0.6410256410256411, "f1-score": 0.7692307692307693, "support": 39}, "17": {"precision": 0.0, "recall": 0.0, "f1-score": 0.0, "support": 0}, "21": {"precision": 0.0, "recall": 0.0, "f1-score": 0.0, "support": 0}, "22": {"precision": 1.0, "recall": 1.0, "f1-score": 1.0, "support": 5}, "23": {"precision": 1.0, "recall": 1.0, "f1-score": 1.0, "support": 4}, "27": {"precision": 0.8, "recall": 1.0, "f1-score": 0.888888888888889, "support": 4}, "29": {"precision": 0.45161290322580644, "recall": 0.7, "f1-score": 0.5490196078431372, "support": 20}, "31": {"precision": 1.0, "recall": 1.0, "f1-score": 1.0, "support": 2}, "36": {"precision": 0.5, "recall": 1.0, "f1-score": 0.6666666666666666, "support": 1}, "37": {"precision": 0.8571428571428571, "recall": 0.8571428571428571, "f1-score": 0.8571428571428571, "support": 7}, "43": {"precision": 0.75, "recall": 1.0, "f1-score": 0.8571428571428571, "support": 3}, "44": {"precision": 0.5714285714285714, "recall": 1.0, "f1-score": 0.7272727272727273, "support": 4}, "46": {"precision": 1.0, "recall": 0.42424242424242425, "f1-score": 0.5957446808510638, "support": 66}, "49": {"precision": 0.3333333333333333, "recall": 0.5, "f1-score": 0.4, "support": 2}, "51": {"precision": 0.07142857142857142, "recall": 1.0, "f1-score": 0.13333333333333333, "support": 1}, "56": {"precision": 0.75, "recall": 1.0, "f1-score": 0.8571428571428571, "support": 3}, "59": {"precision": 1.0, "recall": 1.0, "f1-score": 1.0, "support": 2}, "60": {"precision": 0.0, "recall": 0.0, "f1-score": 0.0, "support": 0}, "62": {"precision": 0.3333333333333333, "recall": 0.3333333333333333, "f1-score": 0.3333333333333333, "support": 3}, "68": {"precision": 1.0, "recall": 0.5, "f1-score": 0.6666666666666666, "support": 2}, "70": {"precision": 0.5185185185185185, "recall": 0.7777777777777778, "f1-score": 0.6222222222222222, "support": 18}, "73": {"precision": 0.9090909090909091, "recall": 1.0, "f1-score": 0.9523809523809523, "support": 10}, "74": {"precision": 1.0, "recall": 1.0, "f1-score": 1.0, "support": 11}, "75": {"precision": 0.8181818181818182, "recall": 0.6923076923076923, "f1-score": 0.7500000000000001, "support": 26}, "77": {"precision": 1.0, "recall": 0.9565217391304348, "f1-score": 0.9777777777777777, "support": 23}, "accuracy": 0.7228070175438597, "macro avg": {"precision": 0.6656929812658399, "recall": 0.7644160603680844, "f1-score": 0.6780744539300493, "support": 285}, "weighted avg": {"precision": 0.8440322495840323, "recall": 0.7228070175438597, "f1-score": 0.7412088332190213, "support": 285}}