{"0": {"precision": 0.45454545454545453, "recall": 1.0, "f1-score": 0.625, "support": 5}, "4": {"precision": 0.0, "recall": 0.0, "f1-score": 0.0, "support": 0}, "11": {"precision": 0.16666666666666666, "recall": 0.25, "f1-score": 0.2, "support": 4}, "12": {"precision": 0.75, "recall": 0.42857142857142855, "f1-score": 0.5454545454545454, "support": 14}, "13": {"precision": 0.75, "recall": 0.5, "f1-score": 0.6, "support": 6}, "14": {"precision": 0.0, "recall": 0.0, "f1-score": 0.0, "support": 0}, "16": {"precision": 0.9259259259259259, "recall": 0.6410256410256411, "f1-score": 0.7575757575757577, "support": 39}, "17": {"precision": 0.0, "recall": 0.0, "f1-score": 0.0, "support": 0}, "21": {"precision": 0.0, "recall": 0.0, "f1-score": 0.0, "support": 0}, "22": {"precision": 1.0, "recall": 1.0, "f1-score": 1.0, "support": 5}, "23": {"precision": 0.8, "recall": 1.0, "f1-score": 0.888888888888889, "support": 4}, "27": {"precision": 0.6666666666666666, "recall": 0.5, "f1-score": 0.5714285714285715, "support": 4}, "29": {"precision": 0.2916666666666667, "recall": 0.7, "f1-score": 0.4117647058823529, "support": 20}, "31": {"precision": 1.0, "recall": 1.0, "f1-score": 1.0, "support": 2}, "36": {"precision": 0.5, "recall": 1.0, "f1-score": 0.6666666666666666, "support": 1}, "37": {"precision": 0.8571428571428571, "recall": 0.8571428571428571, "f1-score": 0.8571428571428571, "support": 7}, "43": {"precision": 0.5, "recall": 0.3333333333333333, "f1-score": 0.4, "support": 3}, "44": {"precision": 0.4, "recall": 1.0, "f1-score": 0.5714285714285715, "support": 4}, "46": {"precision": 0.9722222222222222, "recall": 0.5303030303030303, "f1-score": 0.6862745098039216, "support": 66}, "48": {"precision": 0.0, "recall": 0.0, "f1-score": 0.0, "support": 0}, "49": {"precision": 0.0, "recall": 0.0, "f1-score": 0.0, "support": 2}, "51": {"precision": 0.0, "recall": 0.0, "f1-score": 0.0, "support": 1}, "56": {"precision": 0.75, "recall": 1.0, "f1-score": 0.8571428571428571, "support": 3}, "59": {"precision": 1.0, "recall": 1.0, "f1-score": 1.0, "support": 2}, "60": {"precision": 0.0, "recall": 0.0, "f1-score": 0.0, "support": 0}, "62": {"precision": 1.0, "recall": 0.3333333333333333, "f1-score": 0.5, "support": 3}, "68": {"precision": 1.0, "recall": 0.5, "f1-score": 0.6666666666666666, "support": 2}, "70": {"precision": 0.5185185185185185, "recall": 0.7777777777777778, "f1-score": 0.6222222222222222, "support": 18}, "73": {"precision": 0.8333333333333334, "recall": 1.0, "f1-score": 0.9090909090909091, "support": 10}, "74": {"precision": 1.0, "recall": 1.0, "f1-score": 1.0, "support": 11}, "75": {"precision": 0.7142857142857143, "recall": 0.38461538461538464, "f1-score": 0.5, "support": 26}, "77": {"precision": 1.0, "recall": 0.9565217391304348, "f1-score": 0.9777777777777777, "support": 23}, "accuracy": 0.6596491228070176, "macro avg": {"precision": 0.5578429383116883, "recall": 0.5528945164135382, "f1-score": 0.5254539220991428, "support": 285}, "weighted avg": {"precision": 0.7930009366851473, "recall": 0.6596491228070176, "f1-score": 0.6856647039464377, "support": 285}}