{"0": {"precision": 0.12183497170092344, "recall": 0.7588126159554731, "f1-score": 0.209958932238193, "support": 539}, "1": {"precision": 0.12947189097103917, "recall": 0.3297180043383948, "f1-score": 0.18593272171253822, "support": 461}, "2": {"precision": 0.014450867052023121, "recall": 0.25, "f1-score": 0.027322404371584695, "support": 20}, "3": {"precision": 0.0, "recall": 0.0, "f1-score": 0.0, "support": 155}, "4": {"precision": 0.23157894736842105, "recall": 0.9166666666666666, "f1-score": 0.3697478991596639, "support": 24}, "5": {"precision": 0.26371951219512196, "recall": 0.8564356435643564, "f1-score": 0.40326340326340326, "support": 202}, "6": {"precision": 0.6078431372549019, "recall": 0.5740740740740741, "f1-score": 0.5904761904761905, "support": 162}, "7": {"precision": 0.5524956970740104, "recall": 0.9727272727272728, "f1-score": 0.7047200878155874, "support": 330}, "8": {"precision": 0.4360313315926893, "recall": 0.3630434782608696, "f1-score": 0.3962040332147094, "support": 460}, "9": {"precision": 0.10559006211180125, "recall": 0.864406779661017, "f1-score": 0.1881918819188192, "support": 59}, "10": {"precision": 0.034049797829325386, "recall": 0.45714285714285713, "f1-score": 0.06337888690829867, "support": 350}, "11": {"precision": 0.7540322580645161, "recall": 0.11738857501569366, "f1-score": 0.20315046170559478, "support": 1593}, "12": {"precision": 0.5906735751295337, "recall": 0.7862068965517242, "f1-score": 0.6745562130177515, "support": 145}, "13": {"precision": 0.45972495088408644, "recall": 0.5154185022026432, "f1-score": 0.485981308411215, "support": 454}, "14": {"precision": 0.37777777777777777, "recall": 0.2361111111111111, "f1-score": 0.29059829059829057, "support": 72}, "15": {"precision": 0.7435897435897436, "recall": 0.02279874213836478, "f1-score": 0.04424103737604882, "support": 1272}, "16": {"precision": 0.0, "recall": 0.0, "f1-score": 0.0, "support": 136}, "17": {"precision": 0.0, "recall": 0.0, "f1-score": 0.0, "support": 586}, "18": {"precision": 0.3169877408056042, "recall": 0.7835497835497836, "f1-score": 0.45137157107231923, "support": 231}, "19": {"precision": 0.16049382716049382, "recall": 0.24074074074074073, "f1-score": 0.19259259259259257, "support": 54}, "20": {"precision": 0.4, "recall": 0.08333333333333333, "f1-score": 0.13793103448275862, "support": 24}, "21": {"precision": 0.09496944052656324, "recall": 0.4821002386634845, "f1-score": 0.15868028279654361, "support": 419}, "22": {"precision": 0.1651376146788991, "recall": 0.16822429906542055, "f1-score": 0.16666666666666666, "support": 107}, "23": {"precision": 0.8421052631578947, "recall": 0.3609022556390977, "f1-score": 0.5052631578947367, "support": 133}, "24": {"precision": 0.0, "recall": 0.0, "f1-score": 0.0, "support": 128}, "25": {"precision": 0.43617021276595747, "recall": 0.20098039215686275, "f1-score": 0.2751677852348994, "support": 204}, "26": {"precision": 0.0, "recall": 0.0, "f1-score": 0.0, "support": 1790}, "27": {"precision": 0.03361344537815126, "recall": 0.2, "f1-score": 0.05755395683453238, "support": 20}, "28": {"precision": 0.375, "recall": 0.047619047619047616, "f1-score": 0.08450704225352113, "support": 126}, "29": {"precision": 0.0, "recall": 0.0, "f1-score": 0.0, "support": 35}, "30": {"precision": 0.22535211267605634, "recall": 0.24615384615384617, "f1-score": 0.23529411764705882, "support": 65}, "31": {"precision": 0.18181818181818182, "recall": 0.07407407407407407, "f1-score": 0.10526315789473684, "support": 27}, "32": {"precision": 0.09321780699133553, "recall": 0.6486486486486487, "f1-score": 0.16300940438871472, "support": 481}, "33": {"precision": 0.25925925925925924, "recall": 0.03125, "f1-score": 0.055776892430278883, "support": 224}, "34": {"precision": 0.0, "recall": 0.0, "f1-score": 0.0, "support": 207}, "35": {"precision": 0.8, "recall": 0.04, "f1-score": 0.07619047619047618, "support": 100}, "36": {"precision": 0.0, "recall": 0.0, "f1-score": 0.0, "support": 387}, "37": {"precision": 0.45454545454545453, "recall": 0.35714285714285715, "f1-score": 0.4, "support": 14}, "38": {"precision": 1.0, "recall": 0.009124087591240875, "f1-score": 0.018083182640144666, "support": 1096}, "39": {"precision": 0.21739130434782608, "recall": 0.12195121951219512, "f1-score": 0.15625, "support": 41}, "40": {"precision": 0.3333333333333333, "recall": 0.0035971223021582736, "f1-score": 0.007117437722419929, "support": 278}, "41": {"precision": 0.10730927972307283, "recall": 0.5031210986267166, "f1-score": 0.1768901569186876, "support": 1602}, "42": {"precision": 0.08852883992222943, "recall": 0.9330601092896175, "f1-score": 0.16171421806558542, "support": 732}, "43": {"precision": 0.48868144690781795, "recall": 0.91162385720505, "f1-score": 0.6362807657247037, "support": 2297}, "44": {"precision": 0.0273972602739726, "recall": 0.028169014084507043, "f1-score": 0.027777777777777776, "support": 71}, "45": {"precision": 0.21645021645021645, "recall": 0.4132231404958678, "f1-score": 0.2840909090909091, "support": 121}, "46": {"precision": 0.28, "recall": 0.375, "f1-score": 0.3206106870229008, "support": 56}, "47": {"precision": 0.375, "recall": 0.24324324324324326, "f1-score": 0.2950819672131148, "support": 37}, "48": {"precision": 0.17006802721088435, "recall": 0.5681818181818182, "f1-score": 0.2617801047120419, "support": 44}, "49": {"precision": 0.3854166666666667, "recall": 0.3523809523809524, "f1-score": 0.36815920398009955, "support": 105}, "50": {"precision": 0.6666666666666666, "recall": 0.057971014492753624, "f1-score": 0.10666666666666666, "support": 69}, "51": {"precision": 0.5, "recall": 0.15, "f1-score": 0.23076923076923075, "support": 40}, "52": {"precision": 0.23943661971830985, "recall": 0.0913978494623656, "f1-score": 0.13229571984435798, "support": 186}, "53": {"precision": 0.8713080168776371, "recall": 0.09807646639753027, "f1-score": 0.17630736392742796, "support": 4211}, "54": {"precision": 0.3333333333333333, "recall": 0.0016806722689075631, "f1-score": 0.0033444816053511705, "support": 2380}, "55": {"precision": 0.0, "recall": 0.0, "f1-score": 0.0, "support": 692}, "56": {"precision": 0.09090909090909091, "recall": 0.033707865168539325, "f1-score": 0.04918032786885246, "support": 178}, "57": {"precision": 0.17536309844002151, "recall": 0.535303776683087, "f1-score": 0.26418152350081037, "support": 609}, "58": {"precision": 0.1373134328358209, "recall": 0.8214285714285714, "f1-score": 0.23529411764705882, "support": 224}, "59": {"precision": 0.0, "recall": 0.0, "f1-score": 0.0, "support": 365}, "60": {"precision": 0.0, "recall": 0.0, "f1-score": 0.0, "support": 42}, "61": {"precision": 0.16326530612244897, "recall": 0.0016881198565098122, "f1-score": 0.0033416875522138674, "support": 4739}, "62": {"precision": 0.6612767548369006, "recall": 0.924594877156299, "f1-score": 0.7710751457686229, "support": 7652}, "63": {"precision": 0.5620603168777145, "recall": 0.6704611792177466, "f1-score": 0.6114937938837309, "support": 13704}, "64": {"precision": 0.030240495277402968, "recall": 0.8639455782312925, "f1-score": 0.058435582822085885, "support": 441}, "65": {"precision": 0.13395113732097724, "recall": 0.8502673796791443, "f1-score": 0.23144104803493445, "support": 187}, "66": {"precision": 0.0, "recall": 0.0, "f1-score": 0.0, "support": 41}, "67": {"precision": 0.5333333333333333, "recall": 0.0784313725490196, "f1-score": 0.13675213675213674, "support": 102}, "68": {"precision": 0.5294117647058824, "recall": 0.5094339622641509, "f1-score": 0.5192307692307693, "support": 53}, "69": {"precision": 0.42857142857142855, "recall": 0.06382978723404255, "f1-score": 0.1111111111111111, "support": 47}, "70": {"precision": 0.0022967386311437757, "recall": 0.1282051282051282, "f1-score": 0.004512635379061372, "support": 39}, "71": {"precision": 0.4, "recall": 0.03571428571428571, "f1-score": 0.06557377049180328, "support": 56}, "72": {"precision": 0.0, "recall": 0.0, "f1-score": 0.0, "support": 227},