{"0": {"precision": 0.36363636363636365, "recall": 0.8, "f1-score": 0.5000000000000001, "support": 5}, "3": {"precision": 0.0, "recall": 0.0, "f1-score": 0.0, "support": 0}, "4": {"precision": 0.0, "recall": 0.0, "f1-score": 0.0, "support": 0}, "11": {"precision": 0.25, "recall": 1.0, "f1-score": 0.4, "support": 4}, "12": {"precision": 1.0, "recall": 0.6428571428571429, "f1-score": 0.782608695652174, "support": 14}, "13": {"precision": 0.2727272727272727, "recall": 0.75, "f1-score": 0.39999999999999997, "support": 4}, "14": {"precision": 0.0, "recall": 0.0, "f1-score": 0.0, "support": 0}, "15": {"precision": 0.0, "recall": 0.0, "f1-score": 0.0, "support": 0}, "16": {"precision": 0.7777777777777778, "recall": 0.18421052631578946, "f1-score": 0.2978723404255319, "support": 38}, "19": {"precision": 0.0, "recall": 0.0, "f1-score": 0.0, "support": 0}, "21": {"precision": 0.0, "recall": 0.0, "f1-score": 0.0, "support": 0}, "22": {"precision": 0.8333333333333334, "recall": 1.0, "f1-score": 0.9090909090909091, "support": 5}, "23": {"precision": 1.0, "recall": 1.0, "f1-score": 1.0, "support": 3}, "27": {"precision": 0.3333333333333333, "recall": 0.3333333333333333, "f1-score": 0.3333333333333333, "support": 3}, "29": {"precision": 0.23333333333333334, "recall": 0.4117647058823529, "f1-score": 0.2978723404255319, "support": 17}, "31": {"precision": 1.0, "recall": 0.75, "f1-score": 0.8571428571428571, "support": 8}, "36": {"precision": 0.16666666666666666, "recall": 1.0, "f1-score": 0.2857142857142857, "support": 1}, "37": {"precision": 1.0, "recall": 1.0, "f1-score": 1.0, "support": 5}, "43": {"precision": 0.42857142857142855, "recall": 0.75, "f1-score": 0.5454545454545454, "support": 4}, "44": {"precision": 0.6, "recall": 0.42857142857142855, "f1-score": 0.5, "support": 7}, "46": {"precision": 0.9545454545454546, "recall": 0.3684210526315789, "f1-score": 0.5316455696202531, "support": 57}, "48": {"precision": 0.0, "recall": 0.0, "f1-score": 0.0, "support": 0}, "49": {"precision": 0.3333333333333333, "recall": 1.0, "f1-score": 0.5, "support": 1}, "51": {"precision": 0.0, "recall": 0.0, "f1-score": 0.0, "support": 3}, "53": {"precision": 0.0, "recall": 0.0, "f1-score": 0.0, "support": 0}, "56": {"precision": 0.5, "recall": 1.0, "f1-score": 0.6666666666666666, "support": 1}, "59": {"precision": 1.0, "recall": 1.0, "f1-score": 1.0, "support": 4}, "60": {"precision": 0.0, "recall": 0.0, "f1-score": 0.0, "support": 0}, "61": {"precision": 0.5, "recall": 1.0, "f1-score": 0.6666666666666666, "support": 1}, "62": {"precision": 0.3333333333333333, "recall": 0.5, "f1-score": 0.4, "support": 4}, "67": {"precision": 0.0, "recall": 0.0, "f1-score": 0.0, "support": 0}, "68": {"precision": 0.0, "recall": 0.0, "f1-score": 0.0, "support": 3}, "70": {"precision": 0.5, "recall": 0.8181818181818182, "f1-score": 0.6206896551724137, "support": 11}, "71": {"precision": 0.0, "recall": 0.0, "f1-score": 0.0, "support": 1}, "73": {"precision": 0.4642857142857143, "recall": 0.7222222222222222, "f1-score": 0.5652173913043479, "support": 18}, "74": {"precision": 0.0, "recall": 0.0, "f1-score": 0.0, "support": 13}, "75": {"precision": 0.6, "recall": 0.3, "f1-score": 0.4, "support": 20}, "76": {"precision": 1.0, "recall": 1.0, "f1-score": 1.0, "support": 1}, "77": {"precision": 0.9333333333333333, "recall": 0.9655172413793104, "f1-score": 0.9491525423728815, "support": 29}, "accuracy": 0.519298245614035, "macro avg": {"precision": 0.3943130943130943, "recall": 0.4801302428557687, "f1-score": 0.39510584100108714, "support": 285}, "weighted avg": {"precision": 0.6795736816789448, "recall": 0.519298245614035, "f1-score": 0.5286795933808446, "support": 285}}